año,kilometraje,cilindraje,marca,combustible,tipo_transmision,traccion,uso,zona,falla_frenos,falla_motor,falla_llantas,falla_direccion,falla_suspension,falla_luces,falla_espejos,resultado
2013,135294,1000,Kia,diesel,manual,4x2,particular,urbano,0,1,1,1,1,0,1,1
2017,76527,1400,Hyundai,gas,manual,4x4,particular,urbano,0,1,1,0,0,1,0,1
2021,23847,1600,Renault,gasolina,manual,4x2,particular,urbano,0,0,0,0,0,0,0,0
2021,66844,1600,Mazda,gasolina,manual,4x2,publico,urbano,0,0,0,0,0,0,0,0
2006,432138,1400,Ford,diesel,manual,4x2,publico,urbano,1,1,0,0,1,0,1,1
2006,215070,1800,Toyota,gasolina,manual,4x2,particular,rural,0,0,0,1,1,1,0,0
2005,363027,2000,Mazda,gasolina,manual,4x2,particular,urbano,1,1,1,1,0,0,0,1
2005,450000,1800,Hyundai,gasolina,manual,4x2,publico,rural,1,1,1,1,1,1,1,1
2010,294583,1200,Kia,gasolina,automatica,4x2,particular,rural,1,1,1,0,1,1,1,1
2004,225794,1600,Renault,gasolina,automatica,4x4,particular,urbano,0,1,0,1,0,1,0,1
2017,77646,1200,Kia,diesel,automatica,4x2,particular,urbano,1,0,0,1,1,0,0,0
2022,66408,2400,Peugeot,gasolina,manual,4x2,publico,rural,0,0,0,0,1,0,0,0
2022,36626,1200,Renault,gasolina,automatica,4x2,particular,rural,0,0,0,0,1,0,0,1
1998,308436,1500,Kia,gasolina,manual,4x2,particular,urbano,1,1,0,1,1,0,1,1
2000,384701,1600,Renault,gasolina,manual,4x4,particular,urbano,1,0,0,1,0,1,0,0
2002,204061,2000,Nissan,gasolina,automatica,4x2,particular,rural,1,0,1,1,1,1,0,1
2012,183179,2000,Hyundai,gasolina,automatica,4x2,particular,rural,1,0,0,1,1,0,0,1
2006,325449,2000,Mitsubishi,diesel,manual,4x2,publico,rural,1,1,1,1,1,0,0,1
2017,94837,1200,Fiat,diesel,manual,4x4,particular,rural,1,0,1,0,0,0,0,1
2020,90436,1800,Ford,gasolina,automatica,4x2,particular,urbano,1,0,0,0,1,0,1,0
2010,188725,1600,Volkswagen,gasolina,manual,4x2,particular,rural,1,1,1,0,1,0,1,1
2008,102701,1000,Renault,gasolina,manual,4x2,particular,urbano,0,1,1,0,1,1,1,1
2007,285409,1600,Renault,gasolina,manual,4x4,particular,rural,0,1,1,1,0,1,1,1
2021,51750,2000,Honda,gasolina,manual,4x2,particular,urbano,0,0,0,1,0,0,0,1
2021,23846,1800,Ford,diesel,automatica,4x2,particular,urbano,0,0,0,0,0,0,0,0
1999,450000,1400,Toyota,gasolina,manual,4x2,publico,urbano,1,1,1,1,0,1,1,1
2017,101719,1200,Suzuki,gasolina,automatica,4x4,particular,rural,0,0,0,1,0,0,1,0
2023,29932,1600,Chevrolet,diesel,automatica,4x4,publico,rural,1,0,0,0,0,0,1,1
2003,267677,1000,Chevrolet,gasolina,automatica,4x2,particular,urbano,1,0,0,1,1,0,1,0
2000,450000,1500,Renault,gasolina,manual,4x2,particular,rural,0,0,1,1,1,1,1,0
2017,155089,1000,Renault,gasolina,automatica,4x2,particular,urbano,0,0,0,1,0,1,0,0
2001,424875,1600,Mazda,gasolina,automatica,4x4,publico,rural,1,1,1,1,1,1,1,1
2009,240154,1500,Toyota,gasolina,manual,4x2,particular,rural,1,1,1,1,0,1,0,1
2010,182458,1400,Renault,gasolina,manual,4x4,particular,rural,1,0,0,0,1,1,0,0
2001,359352,1800,Nissan,diesel,automatica,4x2,particular,urbano,0,0,1,0,1,0,1,0
2019,76343,1500,Chevrolet,gasolina,manual,4x2,particular,rural,0,0,0,1,0,0,1,0
2013,303898,1600,Mazda,gas,manual,4x2,publico,urbano,1,1,1,1,1,1,0,1
2009,170096,1600,Toyota,diesel,manual,4x2,particular,urbano,1,0,0,0,0,1,0,1
2006,404165,1200,Fiat,gasolina,automatica,4x4,particular,rural,1,1,1,1,0,0,0,0
2005,238667,2400,Ford,diesel,automatica,4x4,particular,urbano,1,0,1,1,1,1,0,0
2001,355249,1400,Chevrolet,gasolina,automatica,4x2,particular,rural,1,1,1,1,1,0,0,1
2006,353411,1600,Ford,gasolina,manual,4x4,particular,rural,0,1,1,1,1,1,0,1
2020,58505,1000,Suzuki,gasolina,automatica,4x2,particular,urbano,0,0,0,0,0,0,0,0
2010,299225,1500,Chevrolet,gasolina,manual,4x2,particular,rural,1,0,1,1,0,1,1,1
2005,105830,1600,Mazda,gasolina,manual,4x2,particular,urbano,1,1,1,1,1,0,1,0
2002,450000,1400,Mazda,diesel,manual,4x2,publico,rural,1,1,1,1,1,1,1,1
2018,191345,1000,Renault,diesel,manual,4x2,publico,urbano,0,0,1,0,1,1,1,0
2000,450000,1500,Renault,diesel,manual,4x4,publico,urbano,1,0,0,1,1,1,0,1
2010,218402,2000,Mazda,gasolina,manual,4x4,particular,rural,1,1,1,1,1,0,0,0
2008,227474,1800,Ford,gasolina,manual,4x2,particular,urbano,0,1,0,0,0,0,1,1
2012,193099,1200,Renault,gasolina,automatica,4x2,particular,urbano,1,1,0,0,1,0,0,0
2008,376559,1800,Mitsubishi,diesel,manual,4x2,publico,rural,1,0,1,1,1,1,0,1
2015,113441,1400,Toyota,gasolina,manual,4x2,particular,rural,1,0,0,1,1,1,0,1
2010,234598,1000,Chevrolet,diesel,automatica,4x2,publico,urbano,1,0,1,1,0,0,1,1
2007,213884,1600,Nissan,gasolina,manual,4x2,particular,urbano,0,1,1,1,1,0,1,1
2003,273187,2000,Toyota,gasolina,manual,4x2,particular,rural,1,1,1,0,1,1,0,0
2007,450000,1400,Mazda,gasolina,automatica,4x2,publico,rural,0,0,0,1,0,1,0,1
2010,237186,1400,Chevrolet,gasolina,manual,4x2,particular,rural,0,1,0,0,1,0,1,0
2007,39838,1800,Hyundai,gasolina,manual,4x2,particular,urbano,1,1,0,0,0,0,0,0
2019,65645,1800,Toyota,gasolina,automatica,4x2,particular,urbano,1,0,0,0,1,0,0,1
2019,50132,1400,Ford,gasolina,automatica,4x2,particular,urbano,0,0,1,0,0,1,0,0
2005,288937,1600,Chevrolet,gas,manual,4x2,particular,rural,0,1,1,1,1,0,1,1
2019,67836,1400,Chevrolet,gas,manual,4x2,particular,rural,0,0,0,0,0,0,0,0
2014,196583,1600,Renault,diesel,manual,4x4,particular,urbano,1,0,0,0,0,1,1,1
2003,288058,1500,Honda,gasolina,automatica,4x2,particular,urbano,1,1,1,1,1,1,1,1
2021,39690,2400,Volkswagen,gasolina,manual,4x2,particular,urbano,0,0,0,0,1,0,0,0
1999,450000,1000,Renault,gasolina,manual,4x2,publico,rural,1,1,1,1,1,0,1,1
2012,243346,1400,Renault,gasolina,automatica,4x4,particular,rural,0,1,0,1,1,0,1,0
2011,120750,1400,Chevrolet,diesel,manual,4x2,particular,urbano,0,0,0,1,0,0,1,0
2016,118053,3500,Peugeot,gas,manual,4x2,particular,rural,0,0,0,0,0,0,0,1
2007,149060,1400,Renault,diesel,manual,4x2,particular,rural,0,1,1,1,1,1,0,0
1999,450000,1000,Chevrolet,gasolina,automatica,4x2,particular,urbano,0,0,0,1,0,0,0,1
2012,168112,2400,Volkswagen,gasolina,automatica,4x2,particular,rural,0,1,0,0,1,1,1,1
2016,131673,2000,Nissan,gasolina,automatica,4x2,publico,rural,1,1,1,0,1,0,0,1
1998,450000,1200,Chevrolet,gasolina,automatica,4x2,publico,urbano,1,1,1,0,0,1,0,1
2018,161212,1200,Renault,gasolina,automatica,4x2,publico,rural,0,0,0,0,1,1,0,0
2006,328363,1600,Renault,gasolina,manual,4x4,particular,urbano,1,1,1,0,0,0,1,1
2008,203186,1500,Chevrolet,gasolina,manual,4x2,particular,rural,1,0,0,1,1,0,0,0
2005,450000,1500,Toyota,gasolina,manual,4x4,publico,urbano,0,1,0,1,1,0,0,0
2005,310530,1500,Renault,gasolina,manual,4x4,particular,urbano,1,1,0,1,1,1,0,1
2010,210103,1200,Kia,gasolina,automatica,4x4,particular,urbano,0,0,1,1,1,1,1,0
2012,182501,1500,Chevrolet,gasolina,manual,4x4,particular,rural,0,0,0,0,1,1,0,0
2022,31118,2000,Peugeot,gasolina,manual,4x2,particular,rural,0,0,0,0,0,0,0,0
2003,244412,1600,Chevrolet,gasolina,manual,4x2,particular,rural,1,1,1,1,1,1,1,1
2019,60693,1800,Volkswagen,gasolina,manual,4x4,particular,urbano,1,0,0,0,0,0,0,0
2012,184125,2400,Nissan,gasolina,automatica,4x2,particular,rural,0,1,1,1,1,1,1,1
2008,331840,2400,Mazda,gasolina,automatica,4x2,particular,urbano,1,1,1,0,1,0,0,1
2013,155370,1600,Renault,gasolina,manual,4x2,particular,urbano,0,1,1,0,0,1,0,1
2016,153201,1200,Suzuki,gasolina,manual,4x2,publico,rural,0,0,1,1,1,0,0,1
2011,148219,1600,Chevrolet,diesel,manual,4x4,particular,urbano,1,0,0,0,1,1,0,1
2022,26092,1600,Ford,diesel,manual,4x2,particular,urbano,0,0,0,0,0,0,0,0
2002,450000,1600,Toyota,gasolina,automatica,4x2,publico,urbano,0,1,1,1,1,0,1,1
2004,205997,1000,Kia,gasolina,automatica,4x2,particular,urbano,1,1,1,1,0,1,0,1
2012,165500,2400,Ford,gasolina,automatica,4x2,particular,urbano,0,1,0,1,1,1,0,0
2010,449191,1600,Hyundai,diesel,manual,4x2,publico,rural,1,1,1,0,1,1,0,1
1998,304708,2000,Ford,gasolina,automatica,4x4,particular,urbano,1,1,1,1,1,1,1,1
2009,419716,1200,Suzuki,gasolina,manual,4x2,publico,urbano,1,0,0,1,0,0,1,0
1999,364571,1400,Honda,diesel,manual,4x2,particular,rural,1,0,1,1,1,1,0,1
2013,160095,1500,Ford,gas,manual,4x4,particular,urbano,1,0,0,0,0,1,0,1
2010,133764,1600,Kia,diesel,manual,4x2,particular,rural,0,0,0,1,1,1,0,1
2002,340546,1000,Chevrolet,gasolina,manual,4x4,particular,urbano,0,1,0,0,1,0,1,1
2015,130091,1500,Ford,gasolina,manual,4x2,particular,rural,0,0,0,1,1,0,0,0
2016,124646,1600,Volkswagen,gasolina,automatica,4x2,particular,urbano,1,1,0,0,0,0,0,0
2014,101172,1000,Kia,gasolina,automatica,4x2,particular,urbano,0,1,1,0,0,0,0,1
2008,365670,1500,Volkswagen,gasolina,manual,4x2,publico,rural,1,1,1,1,0,1,0,1
2020,84701,2400,Peugeot,gasolina,manual,4x2,particular,urbano,0,0,1,0,0,0,0,1
2022,22998,1000,Chevrolet,gasolina,manual,4x2,particular,urbano,0,0,0,0,1,0,0,0
2021,34921,1600,Toyota,gasolina,manual,4x2,particular,urbano,0,0,1,0,0,1,0,1
2005,429653,1400,Mazda,gas,manual,4x2,publico,urbano,1,0,1,1,1,1,1,1
2003,450000,1500,Chevrolet,gasolina,manual,4x2,publico,urbano,0,1,1,1,1,0,1,0
2020,48061,1600,Mazda,gasolina,automatica,4x4,particular,urbano,0,0,0,0,0,0,0,0
2013,140785,2000,Hyundai,gasolina,manual,4x4,particular,urbano,0,1,0,0,1,0,1,1
2018,77926,1600,Chevrolet,diesel,automatica,4x2,particular,urbano,1,0,0,1,0,1,0,0
2019,110851,1500,Renault,gasolina,manual,4x4,particular,urbano,1,0,1,0,0,1,0,1
2000,450000,1400,Chevrolet,diesel,automatica,4x4,publico,rural,1,1,1,1,1,0,0,1
2005,225860,1200,Fiat,gasolina,manual,4x2,particular,urbano,1,0,1,0,0,1,0,1
2019,74666,1200,Chevrolet,gasolina,manual,4x2,particular,urbano,0,0,1,0,1,0,0,1
2005,430726,2500,Mitsubishi,gasolina,automatica,4x2,particular,rural,1,0,1,1,1,0,0,0
2020,33235,1600,Hyundai,gasolina,automatica,4x4,particular,urbano,0,0,0,0,0,1,0,0
2015,258280,3500,Mitsubishi,gasolina,automatica,4x4,publico,rural,1,0,0,0,0,0,0,1
1999,363006,1000,Chevrolet,gasolina,automatica,4x2,particular,urbano,1,0,1,1,1,1,1,1
2016,118463,1000,Renault,diesel,manual,4x2,particular,urbano,0,1,0,0,0,0,0,1
2015,184986,2000,Hyundai,gasolina,automatica,4x2,particular,urbano,0,1,1,1,0,1,1,1
2011,144084,1800,Hyundai,gasolina,automatica,4x2,particular,rural,0,0,0,1,0,1,1,0
2022,31828,2500,Mitsubishi,gasolina,automatica,4x2,particular,rural,0,0,1,0,0,0,0,0
1998,317176,1500,Chevrolet,gasolina,manual,4x2,particular,urbano,1,1,1,1,1,0,0,1
2015,215364,1500,Toyota,gasolina,automatica,4x2,publico,urbano,0,0,0,1,1,0,1,1
2020,105636,1800,Hyundai,gasolina,manual,4x2,publico,rural,0,1,0,1,0,0,0,1
2014,216136,1800,Honda,gasolina,manual,4x2,particular,urbano,0,1,0,0,1,1,0,0
2016,219255,2000,Volkswagen,diesel,manual,4x2,publico,rural,1,0,1,1,1,0,0,1
2018,88279,1600,Nissan,diesel,automatica,4x4,particular,urbano,0,1,1,1,1,0,0,0
2018,90911,1200,Kia,gasolina,automatica,4x2,particular,urbano,1,1,0,0,0,0,1,1
2023,15826,1400,Chevrolet,gasolina,automatica,4x4,particular,urbano,0,0,0,1,0,0,0,1
2011,238119,1200,Kia,gasolina,automatica,4x4,particular,urbano,1,0,0,0,0,1,1,0
2000,450000,1500,Volkswagen,gasolina,manual,4x2,publico,urbano,1,0,1,1,1,0,1,1
2011,437851,1800,Toyota,gasolina,manual,4x2,publico,urbano,0,1,1,0,1,1,0,1
2004,450000,2400,Toyota,gasolina,automatica,4x2,publico,urbano,1,1,1,0,1,0,0,1
2006,323224,1500,Hyundai,diesel,manual,4x2,particular,urbano,1,1,0,1,0,1,1,1
2010,229897,1000,Kia,gasolina,automatica,4x4,publico,urbano,0,1,0,1,1,0,1,1
2013,212689,1400,Suzuki,gasolina,manual,4x4,particular,urbano,0,0,1,0,0,0,0,0
2001,450000,1000,Renault,gasolina,automatica,4x2,particular,urbano,0,1,0,1,1,0,1,1
2012,218040,1400,Hyundai,gasolina,automatica,4x2,publico,rural,0,0,1,0,0,0,1,1
2002,362131,2400,Nissan,gasolina,manual,4x2,publico,urbano,1,0,1,1,1,1,0,1
2023,16825,1200,Suzuki,gasolina,manual,4x4,particular,rural,0,0,0,0,0,0,0,0
2012,211640,1500,Chevrolet,gasolina,manual,4x2,particular,urbano,0,1,0,1,1,0,1,1
2007,246022,1200,Chevrolet,gasolina,manual,4x4,particular,rural,0,1,1,1,1,1,1,1
2017,136387,1600,Mazda,gasolina,automatica,4x2,particular,urbano,0,0,0,0,1,0,1,0
2002,450000,1400,Toyota,gasolina,automatica,4x4,publico,urbano,1,1,1,1,1,0,0,1
2001,450000,1400,Chevrolet,diesel,manual,4x2,publico,rural,0,1,1,1,1,0,1,1
2014,228370,1500,Honda,gasolina,manual,4x2,publico,rural,1,0,1,0,1,1,0,0
2000,340245,1600,Chevrolet,diesel,automatica,4x2,particular,rural,1,1,1,1,1,1,0,1
2002,311251,1600,Hyundai,gasolina,manual,4x2,particular,urbano,1,1,1,1,1,1,0,1
1998,425059,1800,Hyundai,gas,manual,4x2,particular,rural,1,1,0,1,1,1,1,1
2014,154005,2000,Hyundai,gasolina,manual,4x2,particular,urbano,0,1,0,1,0,0,1,0
2015,161648,2400,Ford,gasolina,automatica,4x2,particular,urbano,1,1,0,0,0,0,0,1
2016,113699,1500,Toyota,gas,manual,4x2,particular,rural,1,0,0,1,1,1,0,0
1998,289570,1200,Chevrolet,gasolina,automatica,4x4,particular,rural,1,1,1,1,1,0,1,1
2015,268647,1000,Kia,gasolina,manual,4x2,publico,urbano,1,0,1,1,0,1,0,1
2008,258457,1400,Chevrolet,diesel,automatica,4x4,particular,urbano,0,1,0,0,1,1,1,0
2001,352261,1600,Chevrolet,diesel,automatica,4x2,particular,rural,1,1,0,1,0,1,1,1
2019,94704,1400,Chevrolet,diesel,manual,4x2,particular,urbano,0,0,0,0,1,0,0,0
2020,57214,1400,Chevrolet,gasolina,automatica,4x2,particular,urbano,1,0,0,0,1,0,0,0
2021,81164,1500,Volkswagen,gasolina,manual,4x4,publico,urbano,0,0,0,0,0,0,1,0
2009,188138,1200,Renault,gas,manual,4x2,particular,urbano,0,0,1,1,0,0,0,1
2019,73373,1000,Fiat,gas,automatica,4x2,particular,rural,1,0,0,0,0,0,0,1
2005,205376,1200,Chevrolet,gasolina,manual,4x2,particular,urbano,1,1,0,1,1,1,1,1
2007,222902,2400,Hyundai,gasolina,manual,4x2,particular,rural,0,0,0,1,1,0,0,0
2004,347946,1600,Chevrolet,gasolina,manual,4x2,particular,urbano,1,1,1,0,1,0,1,1
2015,130434,1000,Chevrolet,gasolina,manual,4x2,particular,urbano,0,0,1,0,0,1,0,1
2019,63972,2400,Hyundai,gasolina,manual,4x2,particular,rural,0,1,1,0,0,0,0,0
2002,175378,1000,Chevrolet,gasolina,manual,4x4,particular,urbano,1,1,0,0,0,0,0,1
2021,32223,1400,Renault,gas,manual,4x2,particular,rural,0,1,0,1,0,0,0,1
2012,246734,1200,Kia,gasolina,manual,4x2,publico,urbano,1,1,1,1,1,0,0,0
2014,271149,2000,Peugeot,diesel,manual,4x2,publico,rural,1,0,1,0,1,1,0,0
2006,236164,1200,Suzuki,gasolina,manual,4x4,particular,rural,0,0,1,0,1,1,1,1
2003,435518,1500,Kia,diesel,automatica,4x2,particular,urbano,1,0,0,1,1,1,1,0
2010,160494,1500,Chevrolet,gas,manual,4x2,particular,rural,1,0,0,1,0,0,0,0
2015,252626,1000,Renault,gasolina,manual,4x2,publico,rural,1,1,1,1,1,1,1,1
2023,14928,3500,Dodge,diesel,manual,4x2,particular,rural,0,0,0,0,0,0,0,1
2009,260345,1500,Toyota,diesel,automatica,4x2,particular,urbano,0,1,0,1,0,0,1,0
2022,26236,1600,Mazda,gasolina,automatica,4x2,particular,urbano,0,0,0,0,0,0,0,0
2020,64645,1400,Kia,gasolina,automatica,4x4,particular,urbano,0,0,0,0,1,0,0,0
1998,450000,1200,Kia,gasolina,automatica,4x4,particular,urbano,0,1,1,0,0,1,1,1
2011,363904,1400,Mazda,gasolina,manual,4x2,publico,urbano,1,0,0,1,1,1,1,1
2001,76794,1600,Renault,gasolina,automatica,4x2,particular,rural,1,0,1,1,1,0,1,1
2014,186879,1400,Kia,gas,automatica,4x2,particular,rural,1,0,0,1,0,1,1,0
2002,450000,1400,Hyundai,gasolina,manual,4x2,publico,rural,1,1,1,1,0,0,1,1
2004,307684,1400,Mazda,gasolina,manual,4x2,publico,urbano,0,1,0,1,1,1,1,1
2015,190913,1400,Volkswagen,gasolina,automatica,4x2,particular,urbano,0,0,1,1,0,0,0,0
2007,134876,1500,Toyota,gasolina,manual,4x4,particular,urbano,1,1,1,1,0,0,0,1
2005,450000,1400,Suzuki,gasolina,manual,4x2,publico,rural,1,0,1,1,1,0,1,1
2023,28833,1600,Chevrolet,diesel,manual,4x2,publico,urbano,0,0,0,0,0,0,0,0
2013,318734,1000,Chevrolet,diesel,manual,4x2,publico,urbano,0,0,1,1,0,0,0,1
2022,27229,1500,Mazda,diesel,automatica,4x2,particular,urbano,0,0,0,0,0,1,0,1
2005,278709,2000,Toyota,diesel,manual,4x2,particular,urbano,1,1,0,0,1,0,1,1
2020,65794,1200,Chevrolet,gasolina,automatica,4x2,particular,urbano,0,1,0,0,0,0,0,0
2009,344079,1600,Mazda,gasolina,manual,4x2,publico,urbano,1,1,0,0,1,0,1,1
2012,313026,1400,Chevrolet,gasolina,manual,4x2,publico,rural,1,1,0,0,0,1,0,1
2017,100180,1800,Hyundai,gasolina,manual,4x2,particular,urbano,0,0,0,1,1,0,0,0
2021,36507,1400,Honda,gasolina,manual,4x2,particular,urbano,0,0,0,1,0,0,0,0
2023,16616,1000,Renault,gasolina,automatica,4x2,publico,urbano,0,0,0,0,0,0,0,1
2023,18321,1600,Chevrolet,gasolina,manual,4x4,particular,rural,0,0,0,1,0,0,0,0
2012,177227,1200,Kia,gasolina,automatica,4x2,particular,rural,1,1,1,0,0,1,1,1
2022,31377,2500,Dodge,gasolina,manual,4x2,particular,rural,1,0,1,0,1,0,0,0
2022,49856,1800,Nissan,gasolina,automatica,4x4,publico,urbano,0,0,0,0,0,0,0,0
2018,161659,1800,Peugeot,gasolina,automatica,4x4,publico,urbano,0,0,1,0,0,0,0,0
2015,164512,1400,Kia,diesel,manual,4x2,particular,urbano,0,0,1,0,0,0,1,0
2003,450000,1500,Kia,gasolina,manual,4x2,publico,urbano,1,1,1,1,0,1,0,1
2001,208013,1500,Toyota,gasolina,manual,4x2,particular,urbano,1,1,0,0,0,1,1,0
2005,450000,1400,Toyota,gasolina,manual,4x4,publico,rural,1,0,1,1,1,1,0,1
1998,450000,1600,Chevrolet,gasolina,manual,4x2,publico,rural,1,1,1,0,1,1,1,1
1998,450000,1500,Chevrolet,gasolina,automatica,4x4,publico,rural,1,1,1,1,1,0,0,1
2020,54149,2400,Nissan,gas,automatica,4x2,particular,urbano,0,1,0,0,1,0,0,0
2005,450000,1800,Volkswagen,diesel,automatica,4x2,publico,urbano,1,1,0,1,0,1,1,1
2004,450000,1400,Renault,diesel,manual,4x2,publico,rural,0,1,1,1,1,0,1,1
2002,355549,1400,Chevrolet,gasolina,manual,4x2,particular,urbano,0,0,1,1,1,0,1,0
2006,211673,2400,Hyundai,gasolina,manual,4x4,particular,urbano,1,1,1,1,0,0,1,1
2007,215826,1000,Kia,diesel,manual,4x4,particular,rural,0,1,1,0,1,1,0,1
2020,149156,1400,Toyota,gas,manual,4x2,publico,urbano,0,1,0,1,0,0,0,0
2000,450000,1400,Chevrolet,diesel,automatica,4x4,publico,urbano,1,0,1,1,1,1,1,1
2019,96336,1000,Renault,gasolina,automatica,4x4,particular,urbano,1,1,0,1,0,1,0,0
1999,450000,1000,Kia,gasolina,automatica,4x2,publico,urbano,1,1,1,1,1,1,0,1
2003,342995,1400,Nissan,diesel,manual,4x2,particular,urbano,0,1,1,1,1,0,1,1
2000,299507,1400,Kia,gasolina,manual,4x2,particular,urbano,1,1,0,1,1,1,1,1
2006,262964,1200,Renault,diesel,manual,4x4,particular,urbano,0,1,0,1,0,0,1,1
2003,396421,2000,Hyundai,gasolina,manual,4x2,particular,rural,0,1,1,1,1,0,0,1
2020,70724,1400,Mazda,gas,automatica,4x2,particular,rural,0,1,1,0,0,0,0,1
2011,260770,2400,Mazda,diesel,manual,4x4,publico,rural,1,1,1,0,1,1,0,0
2019,98936,2400,Mitsubishi,gasolina,automatica,4x2,particular,urbano,0,0,1,1,0,0,1,0
2002,279087,1800,Ford,diesel,automatica,4x2,particular,rural,0,1,1,0,0,0,1,0
2010,173932,1500,Ford,gasolina,automatica,4x2,particular,urbano,1,0,0,1,0,1,1,1
2013,182303,1600,Chevrolet,gasolina,automatica,4x2,publico,rural,1,1,0,1,0,0,1,1
2019,47474,1400,Honda,gasolina,manual,4x2,particular,rural,1,0,0,0,0,0,0,0
2021,48793,1600,Renault,diesel,manual,4x2,particular,urbano,0,0,0,1,0,0,0,1
2019,121899,1600,Toyota,gasolina,manual,4x2,publico,urbano,0,1,1,1,1,0,0,1
2022,48304,1000,Renault,gas,automatica,4x2,publico,urbano,1,0,0,0,0,1,0,1
2001,239524,1400,Toyota,gasolina,manual,4x4,particular,urbano,1,1,1,0,0,1,0,1
2014,209076,1400,Volkswagen,diesel,automatica,4x4,particular,urbano,0,0,1,0,1,0,1,0
2004,215720,1800,Hyundai,gas,manual,4x4,particular,urbano,0,0,1,0,0,0,1,1
2000,306921,2400,Peugeot,diesel,manual,4x2,particular,urbano,1,1,1,1,0,1,1,1
2005,231379,1000,Chevrolet,gasolina,manual,4x2,particular,urbano,0,0,1,0,0,1,0,1
2011,276337,1800,Honda,gasolina,automatica,4x2,particular,rural,0,1,0,0,0,1,1,1
2022,26194,1200,Kia,gasolina,manual,4x4,particular,urbano,1,0,0,0,1,0,0,0
2013,127533,2400,Toyota,gasolina,manual,4x2,particular,urbano,1,1,0,1,1,0,1,1
2013,155038,1400,Mazda,gasolina,automatica,4x4,particular,urbano,1,1,1,1,0,0,1,1
2010,224861,1000,Chevrolet,gasolina,manual,4x2,particular,urbano,1,1,0,1,1,0,0,0
2022,21013,2000,Hyundai,diesel,manual,4x2,particular,urbano,0,0,0,0,0,0,0,0
2023,11092,1500,Mazda,gasolina,automatica,4x4,particular,rural,0,0,0,1,0,0,0,0
2011,205071,1400,Chevrolet,gasolina,automatica,4x2,publico,urbano,1,1,0,1,0,1,0,1
2015,187793,1200,Chevrolet,gasolina,automatica,4x2,particular,urbano,0,0,0,0,0,0,1,0
2008,147897,2400,Peugeot,gasolina,manual,4x2,particular,urbano,0,0,0,1,0,1,0,0
2017,79415,1600,Hyundai,gas,manual,4x2,particular,urbano,0,0,0,1,1,1,0,0
2020,64889,2400,Peugeot,gas,automatica,4x2,particular,rural,0,0,0,0,1,0,0,1
2005,295592,2000,Ford,gasolina,manual,4x2,particular,rural,1,0,0,0,1,1,0,1
2003,263435,2000,Toyota,gasolina,automatica,4x2,particular,urbano,1,0,1,1,0,1,1,1
2017,84351,1500,Fiat,gasolina,automatica,4x2,particular,urbano,0,1,0,0,0,0,0,1
2003,270015,1800,Hyundai,gasolina,automatica,4x2,publico,urbano,1,1,1,1,0,1,0,1
2013,207665,1400,Kia,diesel,automatica,4x2,particular,urbano,0,0,1,0,1,1,0,0
2006,309540,1600,Chevrolet,gasolina,automatica,4x2,particular,urbano,0,0,1,1,1,1,0,1
2018,54077,1500,Renault,gasolina,manual,4x2,particular,urbano,0,0,0,1,1,1,1,0
2000,450000,1800,Toyota,gasolina,automatica,4x4,publico,rural,1,1,0,1,1,1,1,1
2019,76201,1800,Mazda,diesel,manual,4x2,particular,rural,0,0,1,1,0,1,0,1
2009,224053,1000,Chevrolet,gasolina,manual,4x2,particular,rural,0,0,0,1,1,0,1,1
2009,263460,2400,Peugeot,gasolina,manual,4x2,publico,rural,0,1,1,1,1,1,0,0
2002,331334,1500,Suzuki,gasolina,automatica,4x2,publico,rural,1,1,1,1,1,1,1,1
2015,147000,2400,Mitsubishi,gasolina,manual,4x2,particular,urbano,0,1,1,0,0,1,0,1
2003,450000,1400,Mazda,gasolina,automatica,4x2,publico,rural,1,1,0,1,1,1,1,1
2016,48934,2400,Volkswagen,gasolina,manual,4x2,particular,urbano,0,1,0,0,0,0,0,0
2012,176868,1500,Nissan,diesel,automatica,4x2,particular,rural,0,0,0,1,1,0,0,0
2014,239046,2400,Ford,gasolina,automatica,4x4,publico,rural,0,1,0,1,0,0,1,0
2014,175968,1800,Toyota,gasolina,automatica,4x2,particular,urbano,0,0,0,0,0,0,0,1
2002,341119,1600,Hyundai,gasolina,automatica,4x2,particular,urbano,1,1,0,1,0,0,0,1
2012,140172,1600,Chevrolet,gas,automatica,4x2,particular,rural,0,0,0,0,1,1,1,1
2022,27846,1400,Mazda,gasolina,manual,4x2,particular,urbano,0,0,0,0,0,0,0,0
2015,211147,1600,Kia,gasolina,manual,4x2,particular,urbano,0,1,1,0,0,0,0,1
2016,141079,1000,Chevrolet,gasolina,manual,4x2,particular,urbano,0,1,0,0,1,1,0,0
2023,14774,1600,Toyota,gasolina,automatica,4x2,particular,urbano,0,1,0,0,0,0,0,0
2019,149615,1400,Hyundai,gas,manual,4x2,publico,urbano,0,0,0,0,0,0,0,1
2014,122504,1400,Renault,gasolina,manual,4x2,particular,urbano,1,0,0,0,1,0,0,1
2013,132893,1000,Fiat,diesel,automatica,4x2,particular,rural,1,0,0,1,0,0,1,1
2008,320239,1600,Kia,gasolina,automatica,4x2,particular,urbano,1,1,1,0,1,1,1,1
2023,12359,1800,Mazda,diesel,automatica,4x2,particular,urbano,0,0,0,0,0,0,0,0
1998,450000,1800,Ford,gasolina,manual,4x4,publico,urbano,1,1,1,1,1,1,1,1
2012,213831,1200,Chevrolet,gasolina,automatica,4x2,particular,rural,1,0,1,0,1,0,0,1
2003,416056,1800,Volkswagen,gasolina,manual,4x4,publico,urbano,1,1,0,1,1,1,1,1
2014,92610,2400,Toyota,gasolina,manual,4x2,particular,urbano,0,1,0,1,1,1,0,1
2003,301353,1400,Ford,gas,automatica,4x4,particular,rural,1,0,1,1,1,0,1,1
2011,164563,1000,Chevrolet,gasolina,manual,4x2,particular,rural,0,1,1,1,1,1,0,1
2009,131539,1800,Mazda,gas,automatica,4x2,particular,urbano,1,1,1,1,0,1,0,0
2020,102024,1400,Mazda,gasolina,manual,4x2,publico,urbano,0,0,0,0,1,1,0,0
2022,53685,1400,Chevrolet,gasolina,automatica,4x2,publico,urbano,0,0,0,0,0,0,0,0
2023,20398,2000,Volkswagen,gasolina,manual,4x4,publico,rural,0,0,1,0,0,0,0,1
2017,104747,1600,Hyundai,gasolina,manual,4x4,particular,rural,1,0,1,1,1,0,0,1
2010,144418,2400,Mazda,gasolina,manual,4x2,particular,urbano,0,1,0,0,0,0,0,0
2008,199057,1400,Ford,gasolina,automatica,4x4,particular,rural,1,0,0,0,0,1,0,0
2000,326032,1000,Chevrolet,gasolina,automatica,4x4,particular,urbano,1,1,0,1,0,1,0,1
2005,248731,1200,Renault,gasolina,automatica,4x2,particular,rural,0,1,0,0,1,1,0,1
2023,12421,1500,Nissan,gasolina,manual,4x2,publico,rural,0,0,0,1,0,0,0,0
2004,293871,2000,Mazda,gasolina,manual,4x2,particular,urbano,1,1,0,1,1,1,0,1
2015,109079,1600,Mazda,gasolina,automatica,4x2,particular,rural,0,0,0,0,0,0,0,0
2005,307347,1000,Chevrolet,gasolina,manual,4x2,particular,rural,0,0,1,1,1,1,1,1
2006,405147,1600,Renault,gasolina,manual,4x2,publico,urbano,0,1,1,1,0,0,1,1
2004,450000,1800,Ford,gasolina,automatica,4x2,publico,rural,0,0,1,1,1,1,1,1
2001,450000,1200,Kia,gasolina,manual,4x2,publico,urbano,0,1,1,1,1,1,0,1
2014,138333,1400,Mazda,diesel,manual,4x2,particular,urbano,0,1,0,1,0,0,0,1
2020,86997,1600,Chevrolet,gasolina,manual,4x4,publico,rural,1,1,0,0,1,1,0,1
2000,274405,1400,Mazda,diesel,manual,4x2,particular,urbano,1,1,0,1,1,1,1,1
2011,345159,1500,Hyundai,gasolina,manual,4x2,publico,rural,1,1,1,0,1,1,1,1
2011,229689,1400,Toyota,gasolina,automatica,4x2,particular,rural,1,1,0,0,0,1,0,1
2013,117831,1600,Renault,diesel,manual,4x2,particular,rural,0,1,0,0,0,0,1,0
2018,87127,2400,Hyundai,gasolina,manual,4x4,particular,urbano,0,0,1,0,1,1,0,1
2021,27719,1500,Chevrolet,gasolina,manual,4x2,particular,urbano,0,1,0,0,0,0,0,0
2012,180051,1600,Hyundai,gasolina,manual,4x2,publico,rural,1,1,0,1,1,1,0,1
2005,373242,2400,Nissan,gasolina,manual,4x2,particular,urbano,0,0,1,1,1,0,1,1
2016,246395,1800,Ford,gasolina,automatica,4x2,publico,rural,1,1,0,0,0,0,0,1
2007,222621,2400,Hyundai,diesel,manual,4x4,particular,rural,1,1,0,0,1,1,1,0
2023,8664,2400,Peugeot,gasolina,manual,4x4,particular,urbano,0,0,0,0,0,0,0,0
1999,450000,1400,Chevrolet,gasolina,manual,4x2,publico,urbano,1,1,1,1,1,1,0,1
2018,84488,2000,Ford,gasolina,manual,4x2,particular,urbano,0,1,0,0,0,1,0,0
2017,36174,1800,Mazda,gas,manual,4x2,particular,urbano,0,0,0,0,0,0,0,0
2003,434120,1400,Mazda,gasolina,manual,4x2,particular,rural,1,0,0,1,1,0,1,1
2004,450000,1500,Mazda,gasolina,manual,4x4,publico,urbano,1,1,1,1,0,1,1,1
2009,236556,1500,Hyundai,diesel,manual,4x2,particular,urbano,0,0,1,1,0,1,1,0
2009,195832,1800,Toyota,gasolina,automatica,4x2,particular,rural,1,0,1,1,1,1,1,1
1999,428516,1600,Toyota,gasolina,automatica,4x2,publico,urbano,1,1,1,1,1,1,1,1
2008,277297,1500,Hyundai,diesel,automatica,4x2,particular,urbano,1,1,1,0,0,0,0,1
2000,330417,2000,Mazda,gas,automatica,4x2,particular,rural,1,1,1,0,0,0,1,1
2012,205237,1800,Honda,gasolina,automatica,4x2,particular,urbano,1,1,1,0,0,1,1,0
2023,12218,1600,Ford,gas,automatica,4x4,particular,rural,0,0,0,0,0,0,0,0
2008,327164,1200,Suzuki,gasolina,manual,4x2,particular,urbano,0,0,0,1,1,0,0,1
2011,137707,1800,Volkswagen,gasolina,manual,4x2,particular,urbano,0,0,0,1,1,1,0,0
2022,34682,2000,Mazda,gasolina,automatica,4x2,particular,rural,0,0,0,0,0,0,0,0
2023,19013,1200,Renault,gasolina,automatica,4x2,publico,rural,1,0,0,0,0,0,0,0
2008,190237,2000,Toyota,diesel,manual,4x2,particular,urbano,1,1,1,0,0,1,0,1
1999,450000,1500,Suzuki,gasolina,automatica,4x2,particular,rural,1,1,0,1,1,1,1,1
2010,260365,1500,Ford,gasolina,automatica,4x4,particular,urbano,1,0,0,1,1,1,0,1
2015,204604,1500,Renault,gasolina,manual,4x2,publico,urbano,1,1,0,0,0,1,1,1
2009,130954,1600,Chevrolet,diesel,automatica,4x2,particular,urbano,0,0,1,0,0,0,1,1
2014,169592,1400,Hyundai,gasolina,manual,4x4,publico,rural,0,1,0,0,0,1,1,1
2003,336007,1400,Kia,gasolina,manual,4x2,particular,urbano,1,1,1,0,1,0,1,1
2008,450000,1800,Mitsubishi,diesel,automatica,4x2,publico,urbano,1,1,0,0,1,1,1,1
2015,114668,2400,Mazda,diesel,manual,4x4,particular,urbano,1,1,1,0,0,1,0,1
2010,152711,2000,Mitsubishi,gasolina,manual,4x2,particular,urbano,0,0,0,0,1,0,1,0
2014,252664,1800,Toyota,gasolina,manual,4x2,publico,rural,0,0,0,1,1,1,0,0
2001,441758,1600,Fiat,gas,manual,4x2,publico,urbano,0,1,1,1,1,1,1,1
2016,129689,1400,Renault,gasolina,manual,4x2,particular,urbano,0,1,0,1,0,1,1,1
1999,450000,1500,Renault,gas,manual,4x4,particular,urbano,1,1,0,1,0,1,1,1
2021,72409,2400,Mazda,gasolina,manual,4x4,particular,urbano,0,0,0,0,0,0,0,0
2020,63860,1600,Renault,gasolina,manual,4x2,particular,rural,1,0,0,0,1,1,0,1
2017,87214,1800,Honda,gasolina,manual,4x2,particular,rural,0,0,0,0,1,1,0,1
2004,365363,1400,Renault,gas,manual,4x2,particular,rural,1,0,0,1,1,1,0,0
2000,407709,1500,Kia,diesel,automatica,4x2,particular,urbano,1,1,0,1,0,0,1,0
2013,223616,1800,Hyundai,gasolina,manual,4x2,publico,rural,1,1,0,1,0,0,0,0
1999,301632,1400,Toyota,gasolina,manual,4x2,particular,rural,0,1,1,1,1,1,1,1
2007,240452,2400,Nissan,diesel,manual,4x2,particular,urbano,1,1,0,0,1,0,0,1
2023,15104,1500,Chevrolet,diesel,manual,4x2,particular,urbano,0,0,0,0,0,0,0,1
2018,119789,1500,Mazda,gasolina,manual,4x2,particular,rural,1,0,0,0,0,0,0,0
2022,26341,1600,Chevrolet,gasolina,manual,4x2,particular,urbano,0,0,0,0,1,0,0,0
2008,271793,1000,Kia,diesel,automatica,4x2,particular,urbano,0,1,1,0,0,1,0,0
2023,15958,1500,Chevrolet,diesel,automatica,4x2,particular,rural,0,0,0,0,1,0,0,0
2020,109208,1500,Honda,diesel,manual,4x2,publico,urbano,1,0,0,0,1,0,0,0
2002,319246,1800,Toyota,gasolina,automatica,4x4,particular,urbano,0,1,1,1,0,1,0,1
2003,246163,1200,Chevrolet,gas,manual,4x2,particular,urbano,0,0,1,0,1,0,1,0
2014,177064,1600,Honda,gasolina,automatica,4x4,publico,urbano,0,0,0,1,0,0,1,0
2011,198535,1600,Renault,gasolina,automatica,4x2,particular,urbano,1,0,1,0,1,1,1,1
2002,313615,1800,Hyundai,gasolina,manual,4x4,particular,rural,1,1,0,1,1,1,1,1
2012,143067,1500,Toyota,gasolina,manual,4x2,particular,urbano,1,1,0,0,1,1,1,1
2005,304941,1600,Volkswagen,gasolina,automatica,4x4,particular,rural,1,1,0,1,1,1,1,1
2018,155606,1600,Toyota,gasolina,manual,4x2,publico,urbano,0,0,0,1,0,1,0,0
2000,450000,1200,Fiat,gasolina,manual,4x2,publico,urbano,1,1,0,1,1,1,0,1
2013,213110,2400,Ford,diesel,manual,4x4,publico,rural,1,1,1,1,0,0,0,1
2011,124262,1800,Mazda,gasolina,automatica,4x2,particular,urbano,1,0,0,0,1,1,0,0
2011,241144,1400,Volkswagen,gasolina,automatica,4x4,particular,rural,1,0,1,1,1,1,1,1
2016,171295,1000,Renault,gasolina,manual,4x2,publico,rural,1,1,1,0,1,0,1,0
2004,273129,2400,Peugeot,diesel,manual,4x2,particular,rural,0,0,1,1,1,1,1,0
2012,188959,1500,Chevrolet,diesel,automatica,4x2,particular,urbano,1,0,1,0,1,0,0,0
2005,340823,1400,Honda,gasolina,automatica,4x2,publico,urbano,1,1,1,1,1,1,0,1
2009,432698,1200,Renault,gasolina,manual,4x2,publico,rural,0,1,1,1,1,1,1,1
2002,450000,1400,Chevrolet,gasolina,automatica,4x2,publico,urbano,1,1,1,1,0,0,1,1
2008,254114,1800,Peugeot,gasolina,manual,4x4,particular,rural,0,1,1,0,1,1,0,0
2006,369989,1800,Hyundai,gasolina,automatica,4x2,particular,urbano,1,1,0,0,1,0,0,1
2003,346365,1000,Kia,gasolina,manual,4x2,particular,rural,1,1,1,1,1,0,1,1
2004,286214,1400,Chevrolet,gasolina,manual,4x2,particular,urbano,1,1,1,0,1,0,0,1
2017,67899,1800,Toyota,gasolina,automatica,4x2,particular,rural,0,0,1,0,0,0,0,0
2005,397365,1600,Renault,diesel,manual,4x2,particular,urbano,1,0,1,0,1,0,1,1
2019,88044,1400,Chevrolet,gasolina,manual,4x4,particular,urbano,0,0,1,0,0,0,1,0
2014,308327,1600,Chevrolet,gasolina,manual,4x2,publico,urbano,0,0,1,1,0,0,0,1
2008,276484,1000,Chevrolet,gasolina,automatica,4x4,particular,urbano,0,1,1,0,1,0,1,0
2022,36330,1400,Chevrolet,gasolina,automatica,4x2,particular,urbano,0,0,0,1,0,0,0,0
2018,64495,2400,Ford,gasolina,manual,4x4,particular,rural,0,1,0,0,0,1,0,1
2012,382521,1400,Chevrolet,gasolina,automatica,4x2,publico,urbano,1,0,0,0,0,1,0,0
2020,54155,1600,Hyundai,gasolina,manual,4x2,particular,urbano,0,0,0,0,1,0,0,0
2004,191804,1800,Ford,gasolina,automatica,4x4,particular,urbano,1,0,1,0,0,0,1,1
2007,450000,2400,Toyota,diesel,manual,4x2,publico,urbano,1,0,1,0,0,1,0,0
2000,450000,1000,Renault,gasolina,manual,4x2,particular,urbano,0,1,1,0,0,1,0,1
2009,275552,2000,Mitsubishi,gasolina,manual,4x2,particular,urbano,1,0,1,1,0,0,0,1
2001,450000,1500,Renault,gasolina,automatica,4x2,publico,urbano,1,0,1,1,0,1,0,0
2013,141956,1200,Kia,gas,manual,4x2,particular,rural,1,1,1,0,1,0,0,1
2010,208493,1400,Hyundai,gasolina,automatica,4x2,particular,rural,0,1,1,1,1,0,0,0
2013,102980,2000,Nissan,gasolina,manual,4x2,particular,urbano,1,1,0,0,0,0,1,0
2009,272355,1000,Renault,gasolina,automatica,4x4,particular,rural,0,0,0,0,0,0,0,0
1998,395956,1500,Chevrolet,gasolina,manual,4x2,particular,rural,0,1,1,1,1,1,1,1
2010,172936,2000,Mazda,gas,manual,4x2,particular,urbano,1,1,1,0,0,1,1,1
2001,372503,1500,Hyundai,diesel,manual,4x2,publico,rural,1,1,1,1,1,1,1,1
2016,125906,1800,Toyota,diesel,automatica,4x4,publico,urbano,0,0,0,1,1,1,0,1
2017,158416,1600,Volkswagen,gasolina,manual,4x4,particular,rural,0,1,1,1,0,0,0,1
2023,30471,2400,Toyota,gasolina,automatica,4x2,publico,rural,0,0,0,1,1,0,0,0
2020,70767,1600,Renault,gasolina,automatica,4x2,particular,rural,1,0,0,0,0,0,0,1
2004,444444,2500,Mitsubishi,gasolina,automatica,4x2,publico,rural,1,0,0,1,1,1,0,0
2011,238917,1600,Volkswagen,gasolina,manual,4x2,publico,urbano,1,0,0,1,0,0,0,0
2007,363559,1800,Volkswagen,gasolina,automatica,4x2,particular,urbano,1,1,1,0,1,1,1,1
2006,235383,1600,Renault,gasolina,manual,4x4,particular,urbano,0,1,1,1,1,0,0,0
2006,271411,1800,Toyota,gasolina,manual,4x2,particular,urbano,1,0,1,0,1,0,0,1
2018,68472,2000,Mazda,gasolina,automatica,4x2,particular,urbano,1,0,0,0,0,0,0,0
2006,389692,1600,Nissan,gasolina,automatica,4x4,publico,urbano,1,0,1,0,0,1,0,1
2019,69463,1600,Toyota,gas,manual,4x2,particular,urbano,0,0,0,0,0,0,0,0
2003,409501,2400,Peugeot,gasolina,manual,4x2,particular,urbano,1,1,1,1,1,1,1,1
2014,368618,1500,Mazda,gas,automatica,4x2,publico,rural,1,1,0,0,0,0,1,1
2005,337035,2000,Hyundai,gasolina,automatica,4x4,publico,urbano,1,1,0,1,1,0,0,1
1999,276459,2400,Ford,gasolina,automatica,4x2,particular,rural,1,1,1,1,1,0,1,1
2010,70294,2400,Dodge,gasolina,automatica,4x4,particular,urbano,0,0,1,0,0,0,0,1
1999,329111,1500,Volkswagen,gasolina,automatica,4x2,particular,urbano,0,1,1,0,1,0,1,1
2019,57602,1200,Kia,gasolina,automatica,4x4,particular,urbano,0,0,0,0,0,0,0,0
2013,209504,1500,Kia,gasolina,manual,4x2,particular,rural,1,1,0,0,1,0,0,0
2001,229923,1400,Nissan,gas,automatica,4x2,particular,urbano,0,1,0,1,0,0,1,0
2023,25274,1000,Suzuki,gas,automatica,4x2,publico,urbano,1,1,0,0,0,0,0,1
2017,125766,1000,Chevrolet,gas,automatica,4x2,particular,urbano,0,1,0,0,0,0,1,1
2004,450000,1200,Renault,gasolina,manual,4x2,publico,urbano,0,1,0,0,1,0,0,0
2023,19436,1600,Toyota,gasolina,automatica,4x2,publico,urbano,0,0,0,0,0,1,0,0
2012,354034,1400,Chevrolet,diesel,automatica,4x2,publico,urbano,1,1,1,1,1,1,0,1
1999,450000,1200,Kia,gasolina,manual,4x2,publico,rural,1,1,1,1,0,1,0,1
2017,115746,2400,Honda,gasolina,automatica,4x4,particular,urbano,0,1,0,0,1,1,1,1
1998,352179,1500,Renault,diesel,manual,4x4,particular,urbano,1,0,1,1,1,1,1,1
2018,99987,2400,Mazda,gasolina,automatica,4x4,particular,urbano,1,0,0,1,0,0,0,0
2017,90043,1400,Suzuki,gasolina,automatica,4x2,particular,urbano,0,1,0,0,0,0,0,1
2013,107561,1600,Chevrolet,gasolina,manual,4x2,particular,urbano,0,0,0,0,0,1,0,1
2013,203109,2400,Honda,gasolina,automatica,4x2,particular,urbano,0,1,0,0,0,0,1,1
1999,450000,2000,Ford,gasolina,manual,4x4,publico,urbano,0,1,1,1,1,0,0,1
2000,267641,1500,Nissan,diesel,manual,4x4,particular,urbano,1,1,1,0,1,0,0,1
1998,303885,1200,Kia,gasolina,manual,4x2,particular,urbano,1,1,1,1,1,1,1,1
2006,350066,1400,Renault,diesel,manual,4x2,particular,rural,0,0,1,0,0,1,1,1
1998,414627,1200,Kia,gasolina,manual,4x4,particular,urbano,1,1,1,0,1,1,1,1
2015,200344,1500,Renault,diesel,manual,4x4,publico,urbano,1,0,0,0,0,1,1,0
2003,376398,1600,Honda,gasolina,manual,4x2,particular,urbano,1,1,0,1,0,1,1,1
2013,273520,2000,Hyundai,gasolina,manual,4x2,publico,rural,0,1,0,0,1,0,0,1
2018,119358,1600,Toyota,diesel,automatica,4x4,particular,rural,0,1,0,0,1,0,0,1
1999,450000,1500,Chevrolet,gasolina,manual,4x2,publico,urbano,1,0,1,1,1,1,1,0
1998,399935,2400,Toyota,gasolina,manual,4x4,particular,urbano,1,1,1,1,1,1,1,1
2005,250955,1000,Chevrolet,gasolina,automatica,4x2,particular,urbano,1,1,1,0,0,0,0,1
2004,253579,1000,Chevrolet,gas,manual,4x2,particular,urbano,1,1,0,1,1,1,0,1
2003,450000,1000,Chevrolet,gasolina,automatica,4x2,particular,urbano,1,1,0,1,1,0,0,1
2004,131277,2000,Hyundai,gasolina,manual,4x2,particular,urbano,1,1,0,1,1,1,0,1
2013,184843,2000,Hyundai,diesel,manual,4x4,particular,urbano,1,1,1,1,0,1,1,1
2009,205372,1400,Kia,gasolina,manual,4x2,publico,urbano,0,0,1,1,1,1,1,1
2022,28032,2000,Mazda,gasolina,manual,4x2,particular,rural,0,0,0,0,1,1,0,0
2013,112127,1400,Toyota,gasolina,manual,4x2,particular,urbano,0,0,0,1,1,0,0,1
2011,412144,1400,Volkswagen,gasolina,automatica,4x2,publico,urbano,0,1,0,1,1,0,0,0
1999,305365,1500,Nissan,diesel,automatica,4x4,particular,urbano,0,1,1,1,0,1,1,1
2005,427373,2400,Volkswagen,gas,manual,4x2,publico,rural,1,0,1,1,1,0,1,1
2013,238479,1400,Fiat,diesel,automatica,4x2,particular,urbano,1,1,0,1,0,0,0,0
2012,173178,1400,Kia,diesel,automatica,4x2,particular,urbano,0,1,1,0,1,1,1,0
2014,83672,1000,Renault,gasolina,automatica,4x2,particular,rural,1,0,0,0,0,1,0,1
2020,67206,1800,Hyundai,gasolina,manual,4x2,particular,urbano,0,0,0,0,0,0,0,0
2019,75345,1400,Toyota,gasolina,manual,4x2,particular,urbano,0,0,0,0,0,0,0,0
2005,394751,1600,Toyota,diesel,manual,4x2,publico,urbano,0,1,1,1,1,0,1,1
2014,111634,2400,Hyundai,gasolina,manual,4x4,particular,urbano,0,0,1,1,1,0,0,0
2011,312957,2400,Mazda,diesel,manual,4x4,publico,urbano,1,1,1,1,0,1,1,1
2010,269663,2400,Peugeot,gasolina,automatica,4x4,particular,urbano,1,1,1,1,1,1,0,1
2007,258309,1400,Hyundai,diesel,manual,4x2,particular,rural,1,1,1,0,1,1,0,1
2022,17447,2400,Mitsubishi,gas,manual,4x2,particular,urbano,0,0,0,0,0,0,0,0
2003,403322,1600,Mazda,gasolina,manual,4x2,particular,urbano,1,0,1,1,1,1,0,1
2022,24916,1600,Kia,gasolina,manual,4x2,particular,urbano,0,0,0,0,0,0,0,0
2022,36284,2000,Ford,gasolina,manual,4x4,particular,urbano,0,0,0,0,0,0,0,0
2008,169516,1500,Mazda,gasolina,automatica,4x2,particular,rural,0,1,1,1,0,1,0,1
2023,17190,1500,Volkswagen,gasolina,manual,4x2,particular,urbano,0,0,0,0,0,0,0,0
2000,344135,2000,Ford,gasolina,automatica,4x2,particular,urbano,1,1,1,0,0,1,1,1
2007,450000,1400,Hyundai,gasolina,automatica,4x2,publico,urbano,0,1,1,1,1,1,0,1
2013,295700,1000,Chevrolet,gasolina,manual,4x2,publico,urbano,1,1,1,1,1,0,1,1
2006,356187,1500,Renault,gas,automatica,4x4,particular,urbano,1,0,0,0,0,1,1,0
2019,142191,1500,Chevrolet,gasolina,manual,4x2,publico,urbano,1,0,1,1,0,0,0,1
2022,26758,1200,Renault,gasolina,manual,4x2,particular,urbano,0,0,0,0,0,0,0,0
2007,450000,1800,Mazda,gasolina,manual,4x2,publico,rural,0,1,1,0,1,1,1,1
2001,277752,1400,Chevrolet,gasolina,manual,4x4,particular,urbano,1,1,1,1,0,1,1,1
2021,43269,1500,Mazda,diesel,manual,4x2,particular,rural,1,0,0,0,0,0,0,0
2004,450000,1600,Chevrolet,gasolina,manual,4x2,particular,rural,0,1,0,0,1,0,1,1
2009,197668,1400,Chevrolet,diesel,automatica,4x2,particular,rural,0,0,0,1,1,0,1,1
2011,253665,1500,Hyundai,gasolina,automatica,4x2,particular,urbano,0,0,1,0,0,0,0,1
2014,98171,1600,Toyota,gasolina,automatica,4x2,particular,urbano,0,0,0,1,0,0,0,0
2000,450000,1600,Kia,gasolina,manual,4x2,publico,urbano,1,1,0,0,1,0,1,1
2022,35186,1400,Chevrolet,gasolina,automatica,4x4,particular,rural,0,0,0,0,0,0,0,0
2018,55931,1000,Renault,diesel,automatica,4x2,particular,urbano,0,0,0,0,0,0,0,0
2012,282702,1800,Toyota,gasolina,manual,4x4,publico,rural,1,1,1,1,1,0,1,1
2022,30220,1400,Chevrolet,gasolina,automatica,4x2,particular,urbano,0,0,0,0,0,0,0,0
2018,123801,1000,Renault,gasolina,automatica,4x2,particular,urbano,0,0,0,0,0,0,0,1
2014,296608,1500,Suzuki,gasolina,manual,4x2,publico,urbano,1,1,1,1,1,0,1,1
2008,255316,1500,Kia,gasolina,automatica,4x2,particular,rural,0,0,0,0,0,0,1,0
2015,86980,1400,Renault,diesel,automatica,4x2,publico,rural,1,0,1,0,1,0,0,1
2021,38209,1000,Chevrolet,gas,manual,4x2,particular,urbano,0,0,0,0,0,1,0,0
2008,286397,1000,Chevrolet,gasolina,automatica,4x2,particular,rural,0,0,0,1,1,1,1,0
2019,61010,1500,Toyota,gas,automatica,4x2,particular,urbano,1,0,1,0,0,0,0,1
2004,236045,1600,Chevrolet,diesel,manual,4x2,particular,urbano,1,0,1,1,1,1,1,1
1998,450000,2000,Hyundai,gasolina,automatica,4x4,particular,urbano,1,1,1,1,1,0,1,1
2015,161278,1600,Renault,gasolina,automatica,4x2,particular,urbano,0,0,1,0,0,1,1,0
1999,389008,2000,Honda,diesel,manual,4x2,particular,rural,1,1,1,1,1,1,0,1
2021,25941,1400,Suzuki,diesel,manual,4x2,particular,urbano,1,0,1,0,1,0,0,0
2003,450000,2400,Nissan,gasolina,manual,4x2,publico,urbano,0,1,1,0,1,0,1,1
2020,82847,1000,Renault,gasolina,automatica,4x2,particular,urbano,1,1,0,0,0,1,0,1
1999,264302,1500,Chevrolet,diesel,manual,4x2,particular,rural,0,1,1,1,1,1,1,1
2012,163222,1600,Fiat,gasolina,automatica,4x4,particular,urbano,1,0,1,0,1,0,0,1
2004,200266,1000,Renault,diesel,manual,4x2,particular,urbano,0,1,0,1,1,1,1,0
2021,37804,1200,Chevrolet,gasolina,automatica,4x2,particular,rural,1,0,0,0,0,0,0,0
2005,305040,1600,Kia,gas,manual,4x2,publico,urbano,1,0,0,1,0,1,0,1
2013,178834,1400,Chevrolet,gas,automatica,4x4,particular,rural,1,0,1,1,1,1,0,1
2009,196346,1200,Chevrolet,gasolina,manual,4x2,particular,urbano,1,0,1,1,1,0,0,1
2003,386264,2000,Ford,gasolina,automatica,4x2,particular,rural,1,1,1,0,1,1,0,1
2017,110519,1500,Ford,gasolina,manual,4x2,particular,urbano,1,0,0,1,0,1,0,0
2016,195731,1000,Suzuki,gasolina,automatica,4x2,publico,urbano,1,1,1,1,0,1,0,1
2018,126024,1800,Honda,gas,automatica,4x2,particular,rural,0,0,0,0,0,0,0,0
2020,39518,1500,Honda,diesel,manual,4x2,particular,urbano,0,0,0,0,0,0,0,0
2014,181415,1800,Mazda,gasolina,automatica,4x2,particular,rural,1,1,1,1,0,1,1,1
2014,151611,1000,Kia,gasolina,automatica,4x2,particular,urbano,0,1,0,1,0,1,0,0
2016,105741,1000,Fiat,gasolina,automatica,4x2,particular,urbano,1,0,0,0,0,1,0,1
2018,162938,1400,Renault,gas,manual,4x2,publico,urbano,0,1,0,1,1,1,0,1
2012,333530,1500,Chevrolet,gasolina,manual,4x2,publico,rural,1,0,1,1,1,0,0,0
2002,345734,1400,Fiat,gasolina,automatica,4x2,particular,rural,0,1,1,1,0,1,1,1
2007,396101,3000,Peugeot,gas,manual,4x4,publico,rural,0,1,1,1,1,0,1,1
2016,89014,1600,Chevrolet,diesel,manual,4x2,particular,urbano,0,1,1,0,0,0,0,1
2003,410740,1600,Honda,diesel,automatica,4x2,particular,rural,1,1,1,1,1,0,0,1
2007,269780,1600,Kia,gasolina,manual,4x2,particular,rural,0,1,0,1,0,1,1,0
1998,450000,1800,Mazda,gasolina,automatica,4x4,particular,rural,1,1,1,1,0,1,0,1
2015,94204,3500,Mitsubishi,diesel,manual,4x2,publico,urbano,0,1,0,0,0,1,0,0
2023,28213,1800,Hyundai,gasolina,automatica,4x4,publico,urbano,0,0,0,0,0,1,0,0
2022,40931,1500,Renault,gasolina,manual,4x2,publico,urbano,0,1,0,1,0,0,0,1
2008,146280,1600,Hyundai,gas,manual,4x4,particular,rural,1,0,1,0,1,1,0,1
2021,51907,1600,Renault,gasolina,manual,4x2,particular,urbano,0,0,0,1,0,0,0,0
2001,345334,1400,Chevrolet,gasolina,manual,4x2,particular,urbano,1,0,0,1,0,0,1,0
2010,304575,1800,Dodge,diesel,manual,4x2,publico,urbano,1,0,0,1,1,0,0,1
2009,417120,1500,Toyota,gasolina,automatica,4x2,publico,rural,1,0,1,0,1,1,1,1
1999,274212,1600,Chevrolet,gas,manual,4x2,particular,rural,1,0,1,1,1,1,0,0
1999,378402,1600,Chevrolet,diesel,manual,4x2,particular,rural,0,1,1,1,1,0,1,1
2019,68818,1800,Mitsubishi,gasolina,manual,4x2,particular,rural,0,1,0,0,1,0,0,0
2021,65486,1600,Chevrolet,diesel,automatica,4x2,publico,urbano,0,0,0,0,0,0,0,0
2021,79718,1600,Kia,gasolina,manual,4x2,publico,urbano,1,0,0,0,0,1,0,0
2021,30786,1800,Ford,gas,manual,4x2,particular,rural,0,0,0,0,0,0,0,1
2012,245907,1200,Renault,diesel,manual,4x2,particular,urbano,1,1,0,0,1,0,1,1
2016,176248,1600,Toyota,gasolina,automatica,4x4,particular,urbano,1,0,1,0,1,0,0,0
2008,139438,1600,Hyundai,gas,automatica,4x2,particular,urbano,1,0,1,0,0,1,0,1
2018,100571,2400,Hyundai,gasolina,manual,4x2,particular,urbano,0,0,0,1,1,0,0,0
2006,352933,1500,Ford,gasolina,automatica,4x4,particular,rural,0,0,1,0,0,1,1,1
2019,92230,2000,Honda,gasolina,automatica,4x2,publico,rural,0,0,1,1,0,1,0,1
2005,295285,1200,Renault,gasolina,automatica,4x4,particular,urbano,0,0,0,1,0,0,0,0
2012,175734,2000,Ford,gasolina,manual,4x2,particular,rural,0,0,0,0,1,1,0,1
2022,21667,1600,Chevrolet,diesel,manual,4x2,particular,urbano,0,0,0,0,0,0,0,0
2019,149960,1400,Chevrolet,gasolina,manual,4x2,publico,rural,0,1,1,0,1,1,0,1
2009,270764,3500,Mitsubishi,gasolina,manual,4x2,particular,urbano,1,1,0,1,1,1,0,1
2003,304711,1500,Chevrolet,diesel,manual,4x2,particular,urbano,0,1,0,0,1,0,0,0
2007,124859,1800,Toyota,gasolina,manual,4x2,particular,urbano,1,1,1,1,0,1,1,1
1999,289378,1200,Renault,gasolina,automatica,4x2,particular,rural,1,0,1,1,1,1,0,1
2001,422027,2400,Toyota,gasolina,manual,4x4,publico,rural,0,1,1,1,1,1,0,1
2016,240760,1500,Chevrolet,gas,automatica,4x2,publico,rural,0,1,0,1,1,0,0,1
2014,144261,1600,Volkswagen,gasolina,automatica,4x2,particular,rural,0,1,0,1,0,1,0,0
2014,192843,1400,Hyundai,gas,manual,4x2,publico,rural,1,0,1,1,1,0,1,1
2023,30907,1400,Hyundai,diesel,automatica,4x2,publico,rural,0,0,1,1,0,0,0,0
1999,187806,1600,Kia,gasolina,automatica,4x2,particular,urbano,1,1,1,1,1,0,1,1
2010,245926,1600,Kia,gasolina,automatica,4x2,particular,urbano,1,0,0,0,1,0,0,0
2012,402379,2400,Nissan,gasolina,manual,4x2,publico,urbano,1,0,0,1,1,1,1,1
2004,450000,1400,Hyundai,gasolina,automatica,4x2,publico,rural,1,0,1,1,1,1,1,0
2022,26847,1400,Toyota,gasolina,manual,4x4,particular,urbano,0,0,0,0,1,0,0,0
2018,80269,2400,Nissan,gasolina,automatica,4x4,particular,urbano,0,0,1,0,1,0,1,0
2015,151951,1400,Chevrolet,gasolina,manual,4x2,particular,rural,0,1,1,1,0,0,1,1
2020,60105,2400,Ford,gasolina,manual,4x2,particular,urbano,1,1,0,1,0,0,0,0
2023,34712,2500,Dodge,gasolina,manual,4x2,publico,urbano,0,1,0,0,0,0,0,0
2018,131786,1000,Chevrolet,gasolina,manual,4x2,particular,rural,1,1,0,1,1,0,1,1
2023,30257,1600,Chevrolet,diesel,manual,4x2,publico,urbano,0,0,0,0,0,1,0,0
2020,51819,1200,Renault,gasolina,automatica,4x2,particular,urbano,0,0,0,0,0,0,1,0
2019,133093,2400,Toyota,diesel,manual,4x2,publico,urbano,1,0,0,0,0,0,0,0
1998,450000,1800,Hyundai,diesel,automatica,4x2,particular,urbano,1,0,1,1,1,1,1,1
2003,450000,2000,Hyundai,gasolina,manual,4x2,publico,rural,1,0,1,1,1,1,1,1
2006,318104,1000,Fiat,gas,manual,4x2,particular,urbano,0,0,1,1,1,0,0,1
2008,248423,1200,Renault,diesel,manual,4x2,particular,urbano,0,1,0,0,1,1,0,1
2022,27680,2000,Toyota,gasolina,automatica,4x2,particular,urbano,0,0,0,0,0,0,0,0
1998,316595,2000,Toyota,gasolina,automatica,4x2,publico,urbano,1,1,1,1,1,1,1,1
2016,127779,1400,Honda,diesel,automatica,4x2,particular,urbano,0,0,0,0,0,1,0,0
2023,32726,1600,Toyota,gasolina,automatica,4x2,publico,urbano,0,0,1,1,0,0,0,1
2004,420103,2400,Mazda,gasolina,automatica,4x2,particular,rural,0,1,0,1,1,1,1,0
2007,304714,1400,Volkswagen,gasolina,manual,4x2,particular,rural,0,1,1,1,1,1,0,1
2014,134404,1500,Renault,diesel,manual,4x2,particular,urbano,0,0,1,1,0,1,0,1
2000,450000,1200,Suzuki,diesel,manual,4x2,publico,rural,1,1,0,1,1,1,0,1
2007,253788,1800,Nissan,gasolina,manual,4x2,particular,urbano,0,0,0,1,1,0,1,0
2019,104995,2000,Volkswagen,gasolina,automatica,4x2,publico,rural,0,0,0,1,1,0,1,0
2009,184204,2400,Hyundai,gasolina,manual,4x2,particular,urbano,0,1,0,1,1,0,1,0
2017,89979,1600,Volkswagen,gas,manual,4x2,particular,urbano,0,0,0,0,0,0,0,0
2010,321727,1600,Renault,gasolina,automatica,4x4,publico,urbano,1,1,1,1,1,0,1,0
2023,11508,1500,Nissan,gasolina,manual,4x4,particular,urbano,0,0,0,0,0,0,0,0
2002,289227,1400,Ford,gasolina,automatica,4x2,particular,urbano,0,1,1,1,1,1,1,1
2005,384035,1600,Toyota,diesel,manual,4x2,particular,urbano,1,0,0,1,1,1,0,0
2022,24683,1600,Renault,gasolina,automatica,4x2,particular,rural,0,0,0,0,1,0,0,0
2000,450000,2400,Nissan,gasolina,manual,4x2,particular,urbano,1,1,1,1,0,1,0,1
2014,201369,2000,Ford,gasolina,manual,4x4,particular,urbano,0,1,0,0,1,1,1,1
2023,36359,1500,Kia,gas,manual,4x2,publico,urbano,0,1,1,0,0,0,0,1
2007,240059,1500,Renault,gas,manual,4x2,publico,rural,1,1,1,1,1,1,0,1
1998,438250,1800,Nissan,gas,manual,4x2,particular,rural,1,1,1,1,0,1,1,1
2000,450000,1600,Renault,gasolina,manual,4x2,publico,urbano,1,1,1,1,1,1,1,1
2011,155634,1200,Suzuki,diesel,manual,4x2,particular,rural,1,0,0,1,1,0,1,0
2001,332745,1000,Renault,gasolina,automatica,4x2,particular,urbano,1,1,1,1,1,1,0,0
2005,247200,2500,Dodge,gasolina,manual,4x2,particular,rural,0,0,0,1,0,1,0,0
2007,287927,1500,Chevrolet,gasolina,automatica,4x2,particular,urbano,0,0,1,0,0,0,1,0
2000,450000,1400,Renault,gasolina,manual,4x4,particular,rural,1,0,1,1,1,1,1,1
2015,122589,1800,Toyota,gas,manual,4x2,particular,urbano,0,1,0,0,0,1,0,0
2000,311087,1400,Nissan,gasolina,manual,4x2,particular,urbano,0,0,1,1,1,0,1,0
2009,182093,1600,Fiat,gas,manual,4x4,particular,urbano,0,1,0,0,1,1,0,0
2020,74781,1400,Renault,gasolina,automatica,4x4,particular,urbano,0,0,1,1,0,0,0,1
1998,389215,2400,Volkswagen,gasolina,automatica,4x2,particular,rural,1,1,0,1,0,0,0,1
1998,450000,1500,Mazda,gasolina,automatica,4x2,publico,urbano,1,0,0,0,0,0,1,1
2004,287380,2000,Mazda,gasolina,automatica,4x2,particular,urbano,0,0,0,0,1,0,1,0
2008,450000,1600,Volkswagen,diesel,automatica,4x2,publico,urbano,1,0,1,1,1,1,1,1
2013,161557,2000,Hyundai,gasolina,manual,4x2,particular,rural,0,0,0,1,0,1,1,1
2001,450000,1600,Hyundai,gasolina,manual,4x4,publico,urbano,1,1,1,1,0,1,1,1
2020,71549,1500,Chevrolet,gasolina,manual,4x2,particular,rural,0,0,0,1,0,0,0,1
2014,220637,2000,Toyota,gasolina,manual,4x2,particular,rural,0,1,0,0,1,1,0,0
2020,49032,1500,Kia,gasolina,automatica,4x2,particular,urbano,0,0,0,0,0,0,0,0
2020,50210,1500,Renault,gas,manual,4x2,particular,rural,0,0,1,0,0,0,0,1
2008,169499,1000,Chevrolet,gasolina,automatica,4x2,particular,urbano,1,0,0,1,1,0,0,1
2019,85795,1400,Renault,gasolina,manual,4x2,particular,urbano,0,0,1,0,0,0,1,0
2023,18282,3500,Mitsubishi,diesel,manual,4x2,particular,urbano,0,0,0,0,0,0,0,0
2014,143811,1000,Chevrolet,gasolina,automatica,4x4,particular,rural,0,1,0,1,1,0,0,0
2013,236141,1600,Mazda,diesel,manual,4x2,particular,rural,0,1,1,1,1,0,0,0
2015,170354,1500,Hyundai,gasolina,automatica,4x2,particular,urbano,0,1,1,0,0,1,1,1
2008,351917,1600,Fiat,diesel,manual,4x2,particular,urbano,0,1,1,1,0,1,1,1
2001,450000,1500,Toyota,gas,manual,4x4,particular,urbano,1,0,0,1,1,1,0,1
1999,326019,1200,Renault,diesel,manual,4x2,publico,urbano,1,1,1,1,1,0,0,1
2006,192911,1800,Hyundai,gasolina,automatica,4x2,particular,urbano,0,0,1,1,1,0,1,1
2003,448052,2400,Nissan,gasolina,manual,4x2,publico,urbano,0,1,0,1,1,1,1,1
2002,450000,1200,Kia,gasolina,automatica,4x4,publico,rural,1,0,1,1,1,1,1,1
2022,37912,1500,Kia,diesel,manual,4x2,particular,urbano,0,0,0,0,0,0,0,0
2013,348565,1400,Toyota,gasolina,automatica,4x2,publico,urbano,0,0,1,1,1,0,0,0
2004,382980,1400,Mazda,gasolina,manual,4x2,particular,urbano,1,0,1,1,0,1,0,0
2011,230913,1600,Toyota,gasolina,manual,4x2,particular,urbano,1,1,1,1,0,0,1,1
2008,187107,1600,Chevrolet,gasolina,automatica,4x2,particular,urbano,1,0,1,1,0,0,1,1
2008,170303,1400,Renault,gas,manual,4x2,particular,urbano,0,1,0,0,0,1,0,1
2001,450000,1200,Kia,gasolina,automatica,4x4,publico,urbano,0,0,1,0,1,0,1,1
2003,180327,1200,Renault,gasolina,automatica,4x2,particular,rural,0,1,0,1,1,1,0,1
2015,113882,1800,Ford,gasolina,manual,4x4,particular,rural,1,1,1,1,1,0,0,1
2002,413936,1000,Kia,diesel,automatica,4x2,particular,urbano,1,1,1,0,1,1,1,1
1998,450000,1400,Mazda,gasolina,manual,4x2,particular,rural,1,1,1,0,1,1,0,1
2015,260108,1200,Kia,gasolina,automatica,4x2,publico,urbano,1,1,0,0,1,0,0,1
2000,450000,1600,Chevrolet,gasolina,manual,4x2,publico,urbano,1,0,1,1,1,1,0,1
2003,364395,1200,Kia,gas,automatica,4x2,particular,urbano,1,0,1,0,1,0,1,1
2002,240153,1600,Volkswagen,gasolina,manual,4x2,particular,rural,1,0,1,1,1,1,1,1
2009,129325,1600,Renault,gasolina,manual,4x4,particular,rural,0,1,0,1,1,1,0,0
2005,450000,1000,Chevrolet,gasolina,automatica,4x2,publico,rural,0,1,1,1,1,0,1,0
2018,104343,1000,Kia,gasolina,manual,4x4,particular,rural,1,0,0,0,0,1,0,1
2018,77274,2400,Volkswagen,diesel,automatica,4x2,particular,rural,0,0,0,0,0,0,0,0
2000,402656,1500,Chevrolet,gasolina,manual,4x2,particular,urbano,1,1,1,0,1,1,1,1
2001,319978,1000,Renault,gas,manual,4x2,particular,urbano,1,0,1,1,1,1,0,1
1999,417722,2400,Hyundai,diesel,manual,4x2,particular,rural,1,0,1,1,1,1,0,0
2017,96171,2000,Ford,gasolina,automatica,4x2,particular,urbano,0,1,0,0,0,0,0,0
2005,342196,1400,Chevrolet,gasolina,automatica,4x4,particular,urbano,0,0,1,1,0,0,1,1
2009,236195,1200,Renault,gasolina,manual,4x4,publico,urbano,1,1,1,1,1,1,0,1
2006,316937,1000,Renault,diesel,automatica,4x4,particular,rural,0,1,1,0,1,0,1,0
2008,366186,2000,Toyota,gasolina,automatica,4x2,publico,urbano,1,1,1,1,0,1,1,1
2017,157899,1600,Toyota,gas,manual,4x2,publico,rural,1,0,1,0,1,1,0,1
2019,154424,1600,Ford,gas,automatica,4x2,publico,urbano,0,1,0,1,0,0,0,1
2011,259573,1500,Renault,gasolina,manual,4x2,publico,urbano,1,0,1,0,1,0,0,1
2009,323167,1500,Hyundai,gasolina,manual,4x2,publico,rural,1,1,0,0,1,0,1,1
2022,15617,1400,Mazda,gasolina,manual,4x4,particular,urbano,0,0,0,0,0,1,0,0
2000,418235,1500,Chevrolet,gasolina,automatica,4x2,particular,urbano,1,0,1,1,0,1,0,0
2016,162169,1200,Chevrolet,diesel,automatica,4x2,publico,urbano,0,0,0,1,0,0,0,0
2011,226750,1000,Renault,gasolina,automatica,4x2,particular,urbano,1,1,0,0,0,0,0,0
2022,16177,1000,Renault,gasolina,automatica,4x2,particular,urbano,0,0,0,0,0,0,0,1
2003,450000,2000,Mazda,diesel,automatica,4x4,publico,rural,1,1,0,1,1,1,1,1
2008,271358,1200,Chevrolet,gasolina,manual,4x2,particular,rural,1,1,0,0,1,0,0,1
1998,450000,1600,Hyundai,gasolina,manual,4x2,particular,urbano,0,1,1,1,0,1,1,1
2008,309088,1800,Volkswagen,gas,manual,4x2,publico,urbano,1,1,1,0,0,1,0,1
2017,112575,2000,Mitsubishi,diesel,manual,4x2,particular,urbano,1,1,0,0,0,0,1,1
2006,333634,1000,Chevrolet,gasolina,automatica,4x2,particular,urbano,1,0,0,1,1,1,1,1
2011,234421,1200,Chevrolet,gasolina,automatica,4x2,particular,rural,0,1,1,1,1,1,0,1
2023,14299,1600,Mazda,diesel,manual,4x4,particular,urbano,1,0,0,0,0,0,0,0
2007,410900,1400,Mazda,gasolina,automatica,4x2,publico,urbano,1,1,1,0,1,0,1,1
2011,126633,2400,Honda,gasolina,automatica,4x2,particular,urbano,1,1,0,1,0,0,1,0
2018,224178,1200,Chevrolet,gasolina,manual,4x2,publico,rural,1,1,1,1,1,1,0,1
2015,245928,1000,Chevrolet,gasolina,manual,4x4,publico,urbano,1,1,0,1,0,0,1,1
2016,123041,1400,Suzuki,diesel,manual,4x2,particular,rural,0,1,1,0,0,1,0,0
2013,179383,1400,Chevrolet,gasolina,manual,4x2,particular,rural,1,0,0,1,1,0,0,1
2000,450000,1500,Ford,gas,manual,4x2,particular,urbano,1,0,1,1,1,1,1,1
2018,92765,1400,Renault,gasolina,automatica,4x2,particular,urbano,0,0,0,0,1,1,1,1
2012,240434,2400,Hyundai,diesel,automatica,4x2,particular,urbano,1,1,1,1,1,0,1,1
2009,114785,1500,Mazda,gasolina,automatica,4x2,particular,urbano,0,0,0,1,0,0,0,0
2011,122925,1500,Hyundai,gas,manual,4x4,particular,rural,1,1,1,0,0,1,0,1
2016,123416,1500,Hyundai,gasolina,automatica,4x2,particular,urbano,0,0,0,0,0,0,0,0
2020,71064,2400,Dodge,diesel,automatica,4x4,publico,rural,0,0,0,1,1,0,0,0
2018,101152,1800,Toyota,gasolina,manual,4x2,publico,urbano,1,1,0,0,0,0,1,1
2005,450000,1000,Renault,gasolina,manual,4x4,publico,urbano,0,1,1,0,0,0,1,1
2005,390699,2500,Dodge,gasolina,manual,4x4,particular,rural,1,0,0,1,1,1,0,1
2009,181217,2400,Ford,gasolina,manual,4x2,particular,urbano,0,0,0,0,0,1,0,1
2014,324332,1200,Renault,gas,automatica,4x2,publico,urbano,0,1,1,1,1,1,0,1
2014,250031,1500,Chevrolet,gasolina,automatica,4x2,particular,urbano,0,0,1,0,1,0,0,0
2020,87297,1200,Fiat,gasolina,manual,4x4,publico,urbano,0,1,1,0,1,0,1,1
2013,289520,1400,Toyota,gasolina,manual,4x2,publico,urbano,1,0,0,0,0,0,1,0
2018,78515,2000,Toyota,gasolina,manual,4x2,particular,urbano,1,0,0,1,0,1,1,0
2009,223049,1400,Suzuki,gasolina,manual,4x4,particular,rural,0,0,1,1,0,1,1,1
2000,450000,1500,Renault,diesel,manual,4x2,publico,urbano,1,1,1,1,1,1,1,1
2015,187194,1800,Toyota,gasolina,automatica,4x4,particular,urbano,1,0,1,0,0,0,0,1
2007,324906,2400,Nissan,gasolina,manual,4x2,particular,urbano,1,1,0,1,1,0,1,1
2015,171657,1200,Kia,gasolina,manual,4x2,particular,rural,0,0,0,1,0,0,0,0
1998,354743,2000,Mazda,gasolina,automatica,4x2,particular,urbano,0,1,1,1,1,1,1,1
2004,374568,1400,Ford,diesel,manual,4x4,particular,urbano,1,1,0,0,0,0,1,0
2020,56014,1500,Renault,gasolina,automatica,4x2,particular,urbano,0,0,0,0,1,0,0,1
2008,195899,1600,Chevrolet,gasolina,manual,4x2,particular,urbano,1,1,1,0,1,1,0,1
2007,222301,1800,Toyota,gasolina,manual,4x2,particular,urbano,1,1,0,0,1,1,1,1
2003,267341,1200,Suzuki,gasolina,automatica,4x2,particular,urbano,1,0,0,0,0,1,0,1
2022,57065,1800,Hyundai,gasolina,automatica,4x2,publico,urbano,0,0,0,1,0,0,0,0
2009,241229,1600,Chevrolet,gasolina,manual,4x2,particular,urbano,0,0,0,0,0,0,0,0
2022,25795,1500,Kia,gasolina,manual,4x2,particular,urbano,0,1,0,0,0,0,0,0
1999,450000,1600,Chevrolet,gasolina,manual,4x2,particular,urbano,1,1,1,0,1,1,0,1
2015,94764,1600,Renault,gas,manual,4x2,particular,urbano,0,0,0,0,0,0,0,0
2017,44646,1000,Kia,gasolina,manual,4x2,particular,urbano,1,0,1,0,1,0,0,1
2007,314215,1200,Chevrolet,diesel,automatica,4x2,particular,urbano,0,1,0,0,1,0,0,1
2007,239690,1500,Hyundai,gasolina,manual,4x4,particular,urbano,1,1,0,1,1,1,1,0
2022,58852,2400,Honda,gasolina,manual,4x2,publico,urbano,1,0,0,0,0,0,1,0
2022,60055,3500,Dodge,gas,manual,4x2,publico,rural,0,1,0,0,0,0,0,1
2008,266409,1000,Chevrolet,diesel,manual,4x4,particular,rural,1,0,1,1,1,1,1,1
2000,336281,2000,Mazda,gas,manual,4x2,particular,urbano,0,1,0,0,1,1,1,1
2018,55225,1500,Hyundai,gasolina,manual,4x2,particular,urbano,0,0,0,0,1,0,0,0
2001,450000,2400,Hyundai,diesel,manual,4x2,publico,urbano,1,1,1,0,0,0,1,1
2014,183921,1200,Renault,gasolina,manual,4x2,particular,rural,0,0,0,0,0,1,1,0
2020,54920,1600,Hyundai,gasolina,manual,4x2,particular,urbano,0,0,1,1,0,0,0,0
2015,141470,1200,Renault,gasolina,manual,4x4,particular,urbano,1,0,1,1,1,0,1,1
2013,230118,1500,Hyundai,gasolina,automatica,4x2,publico,rural,0,0,0,1,1,0,0,0
2015,172939,1500,Nissan,gasolina,automatica,4x2,particular,urbano,1,0,1,0,1,0,0,1
2007,267712,1500,Chevrolet,gasolina,automatica,4x2,particular,urbano,1,1,0,0,1,0,1,1
2013,272575,1500,Chevrolet,gasolina,manual,4x4,particular,rural,0,0,0,0,1,1,1,0
1999,414876,1400,Renault,gasolina,manual,4x4,particular,rural,0,1,1,0,1,1,1,1
2023,36234,1600,Hyundai,gasolina,manual,4x4,publico,urbano,0,0,0,0,0,0,0,0
2004,278350,1800,Nissan,gasolina,manual,4x2,particular,urbano,1,0,0,1,0,0,1,1
2021,34054,1600,Chevrolet,diesel,manual,4x2,particular,rural,0,0,1,1,1,0,0,1
2013,138184,1600,Honda,gasolina,manual,4x2,particular,rural,1,0,0,1,0,1,0,1
2005,273708,1500,Mazda,gasolina,manual,4x2,particular,urbano,1,1,0,0,1,0,0,1
2023,34819,1500,Renault,gasolina,automatica,4x2,publico,urbano,0,0,0,0,1,0,0,1
2016,161717,1500,Hyundai,gasolina,manual,4x4,particular,rural,1,0,1,1,1,0,1,0
2001,271297,2000,Hyundai,diesel,automatica,4x2,particular,rural,0,1,1,1,1,0,0,1
2009,172129,1200,Chevrolet,gasolina,manual,4x4,particular,urbano,0,1,1,1,0,1,1,1
2015,100185,1200,Kia,diesel,automatica,4x2,particular,rural,0,1,0,0,1,0,0,0
2019,150250,1000,Kia,gasolina,manual,4x2,publico,rural,1,1,0,1,0,0,1,1
2023,19817,1800,Dodge,gasolina,manual,4x2,publico,urbano,0,0,0,0,0,0,0,0
2011,374385,1500,Toyota,diesel,automatica,4x4,publico,urbano,0,0,0,1,1,0,0,0
2007,141699,3000,Mitsubishi,diesel,manual,4x2,particular,rural,0,1,0,1,1,1,0,1
2004,332635,2000,Hyundai,gasolina,manual,4x2,particular,urbano,1,1,0,1,1,1,1,1
1998,450000,1600,Hyundai,gasolina,manual,4x2,particular,rural,1,1,1,1,1,1,0,1
2015,193825,1200,Chevrolet,diesel,automatica,4x2,particular,rural,1,0,1,0,0,0,0,1
2006,290967,1500,Renault,diesel,manual,4x2,particular,rural,1,1,0,1,0,1,0,1
2010,373372,1500,Nissan,gasolina,automatica,4x2,publico,urbano,1,0,1,1,0,0,1,1
2000,369963,1400,Nissan,gasolina,manual,4x2,particular,urbano,1,1,1,0,1,1,1,1
2004,363284,2400,Mazda,gasolina,automatica,4x2,publico,urbano,0,0,1,0,1,0,1,0
2019,69157,1800,Hyundai,gasolina,manual,4x4,particular,urbano,0,1,1,1,0,1,0,0
2002,191110,1500,Volkswagen,gasolina,manual,4x2,particular,rural,1,1,0,0,1,1,1,1
2021,71811,1400,Honda,gasolina,manual,4x2,publico,rural,0,0,0,1,0,1,1,1
2012,267418,1000,Renault,gas,automatica,4x2,publico,urbano,1,1,1,0,0,1,0,1
2010,202537,1500,Kia,gasolina,automatica,4x2,particular,urbano,1,0,1,1,1,1,0,1
2017,93364,1500,Volkswagen,gasolina,manual,4x4,particular,urbano,0,0,0,0,1,0,1,0
2006,244610,1600,Toyota,gasolina,automatica,4x2,particular,rural,1,1,1,1,0,1,0,1
2001,278657,3000,Dodge,gas,manual,4x2,particular,urbano,1,1,1,1,0,1,1,1
2017,185736,2000,Hyundai,gas,manual,4x2,publico,urbano,1,0,0,1,0,0,0,1
1998,450000,1500,Hyundai,diesel,manual,4x2,publico,urbano,1,0,0,1,1,1,0,1
2013,228158,1500,Mazda,diesel,automatica,4x2,particular,urbano,1,1,0,1,0,1,0,1
2007,178498,1200,Chevrolet,gasolina,manual,4x2,particular,rural,0,1,0,0,0,1,1,0
2009,247583,1600,Ford,gasolina,manual,4x4,particular,urbano,0,0,0,0,0,1,0,1
2008,318244,2400,Mazda,gasolina,automatica,4x4,publico,rural,0,1,1,1,0,0,1,0
2017,136663,1400,Renault,gasolina,manual,4x2,particular,urbano,0,0,1,0,1,0,0,1
2011,166192,2400,Volkswagen,gasolina,automatica,4x2,particular,urbano,1,0,0,0,1,0,1,0
2016,149621,2000,Nissan,gasolina,automatica,4x4,particular,urbano,0,0,1,1,1,1,1,1
2015,220417,2400,Nissan,diesel,automatica,4x2,publico,urbano,0,0,1,1,1,1,0,1
1998,324325,1500,Chevrolet,gasolina,manual,4x2,particular,rural,1,0,1,1,0,1,0,0
2018,160617,3000,Peugeot,gasolina,automatica,4x2,publico,urbano,1,0,0,0,0,0,1,1
2023,9493,1400,Hyundai,gas,manual,4x2,particular,rural,0,0,0,0,0,0,0,1
2009,146410,2400,Volkswagen,diesel,automatica,4x4,particular,urbano,1,0,1,1,0,1,1,1
2014,107747,1500,Renault,gasolina,manual,4x4,particular,rural,0,1,0,0,0,0,0,1
2017,96665,1500,Hyundai,gasolina,automatica,4x2,particular,urbano,0,0,0,0,1,1,0,0
2022,34252,1000,Suzuki,gasolina,manual,4x2,particular,urbano,0,0,0,0,1,0,0,0
2011,170052,1400,Kia,gasolina,manual,4x2,particular,urbano,0,1,1,0,1,1,1,1
2021,55613,1400,Toyota,gasolina,manual,4x2,particular,urbano,0,0,0,0,0,0,1,0
2015,262633,1600,Toyota,gasolina,automatica,4x4,publico,rural,1,1,0,1,1,1,1,1
2003,294805,1000,Chevrolet,gasolina,manual,4x2,particular,rural,1,1,1,0,1,0,1,1
2016,89316,1200,Renault,gasolina,automatica,4x2,particular,rural,0,0,0,0,0,0,1,1
2001,346860,1200,Chevrolet,gasolina,automatica,4x2,particular,rural,0,0,1,1,1,1,1,1
2004,450000,1500,Chevrolet,diesel,manual,4x4,publico,urbano,0,1,0,0,0,1,1,0
2003,299253,1600,Volkswagen,gasolina,automatica,4x2,particular,urbano,1,1,0,0,0,1,0,1
2002,285080,2400,Mitsubishi,gasolina,manual,4x2,particular,urbano,1,1,1,1,1,0,1,1
2018,193143,1000,Chevrolet,gasolina,manual,4x4,publico,rural,1,0,1,1,0,0,0,1
2019,87390,1000,Chevrolet,gasolina,manual,4x2,particular,rural,0,0,1,0,1,0,0,1
2004,253683,1600,Hyundai,gasolina,manual,4x2,particular,urbano,0,1,1,1,1,1,1,1
2005,303838,1500,Honda,gasolina,automatica,4x2,particular,rural,0,1,0,0,1,0,0,0
2021,44719,1500,Chevrolet,gasolina,manual,4x4,particular,rural,0,0,0,0,0,0,0,0
2007,394054,1400,Renault,gas,manual,4x2,particular,urbano,1,1,0,1,1,1,0,1
2016,117882,1600,Nissan,gasolina,automatica,4x2,particular,urbano,0,0,1,0,0,0,0,0
2007,333045,1000,Suzuki,gas,manual,4x2,particular,rural,1,0,1,1,0,1,0,1
2012,207375,1000,Renault,gasolina,manual,4x2,particular,rural,1,0,1,1,1,1,0,1
2010,270061,1000,Renault,diesel,manual,4x4,particular,urbano,1,0,0,1,1,1,0,1
2008,361707,1000,Renault,gasolina,manual,4x2,particular,rural,0,1,0,1,0,1,1,1
2002,366960,1600,Toyota,gasolina,automatica,4x2,particular,urbano,1,1,1,1,1,1,1,1
2010,203181,1400,Renault,gasolina,manual,4x4,particular,urbano,1,1,1,0,1,1,1,1
2016,179589,1500,Mazda,gasolina,automatica,4x4,particular,rural,0,0,0,1,1,1,1,1
2001,350249,3000,Mitsubishi,gasolina,manual,4x2,particular,urbano,1,1,1,0,1,1,0,1
2007,353748,2000,Volkswagen,gasolina,automatica,4x2,publico,rural,1,0,0,1,1,1,1,1
2023,17851,1200,Renault,gasolina,manual,4x4,particular,urbano,1,0,0,0,0,0,0,1
2017,73208,1500,Hyundai,gasolina,manual,4x4,particular,urbano,0,0,0,0,0,0,0,0
2023,21914,2400,Mazda,gasolina,manual,4x2,publico,urbano,0,0,0,0,0,0,0,0
1999,196455,1400,Hyundai,gasolina,manual,4x2,particular,urbano,1,0,1,1,0,1,1,1
2009,253355,1800,Ford,gasolina,manual,4x2,particular,urbano,0,1,0,1,1,1,0,1
2001,328214,1000,Chevrolet,gasolina,automatica,4x2,particular,urbano,1,0,0,1,1,1,1,1
2013,150382,1600,Hyundai,gas,manual,4x2,publico,rural,0,1,0,1,1,0,1,0
2011,180127,1000,Chevrolet,diesel,manual,4x4,particular,rural,1,1,1,1,1,0,0,1
2014,121206,1400,Nissan,gasolina,automatica,4x2,particular,rural,1,1,0,1,0,1,0,1
2022,27605,1400,Ford,gasolina,automatica,4x2,particular,rural,0,0,0,0,0,0,0,0
2007,403533,2000,Toyota,gasolina,manual,4x4,publico,rural,0,1,1,1,0,0,1,1
2004,406735,1400,Chevrolet,gasolina,automatica,4x2,particular,urbano,0,0,0,1,1,1,0,0
2008,96457,1200,Renault,gasolina,automatica,4x2,particular,urbano,0,0,0,0,1,0,0,1
2008,450000,1400,Honda,gasolina,manual,4x2,publico,urbano,1,0,0,1,0,1,1,1
2015,139825,1800,Dodge,gasolina,manual,4x2,particular,urbano,1,1,1,0,0,0,1,1
2011,222731,1800,Honda,gasolina,automatica,4x4,publico,rural,1,1,0,1,1,1,0,1
2022,32387,1600,Toyota,gasolina,manual,4x2,particular,rural,0,0,0,1,1,0,0,0
2015,151377,1200,Renault,gas,manual,4x2,particular,urbano,0,1,1,0,0,0,1,1
2006,200261,1800,Dodge,gasolina,automatica,4x2,particular,rural,0,0,1,0,1,1,1,0
2016,120951,1600,Fiat,gasolina,manual,4x4,particular,urbano,0,1,0,0,1,1,1,1
2014,114217,1600,Nissan,gasolina,manual,4x2,particular,urbano,0,0,1,1,0,0,1,1
1999,434030,2000,Nissan,gas,manual,4x4,particular,urbano,1,1,1,1,1,1,1,1
2016,125488,1400,Nissan,diesel,manual,4x2,particular,urbano,1,1,0,0,0,0,0,1
2007,285394,1500,Chevrolet,diesel,automatica,4x2,particular,urbano,1,0,1,0,1,1,0,0
2010,412626,1600,Fiat,gasolina,manual,4x2,publico,urbano,0,1,0,1,0,1,1,1
2014,174548,1200,Kia,gas,automatica,4x4,particular,urbano,0,1,0,1,0,1,1,1
2013,147019,1800,Volkswagen,gas,automatica,4x2,particular,urbano,0,0,0,0,1,1,0,0
2020,73799,2500,Mitsubishi,gasolina,manual,4x4,particular,urbano,0,0,0,0,1,0,0,0
2023,17195,1600,Hyundai,gasolina,manual,4x2,particular,urbano,1,0,0,0,0,0,0,0
2019,61524,1800,Ford,gasolina,manual,4x2,particular,rural,0,1,0,0,1,0,0,1
2012,202898,1400,Volkswagen,gasolina,manual,4x2,particular,rural,1,0,0,0,0,0,0,0
2016,136317,1200,Renault,gas,automatica,4x4,particular,rural,0,0,0,1,0,0,0,1
2014,162968,1800,Hyundai,gas,manual,4x4,particular,urbano,1,1,0,0,0,0,1,0
1998,367282,1500,Chevrolet,gasolina,automatica,4x4,particular,urbano,0,1,0,0,1,1,1,1
2000,450000,2000,Toyota,diesel,manual,4x2,publico,urbano,0,0,1,1,1,1,1,1
2013,146418,1800,Nissan,gasolina,automatica,4x2,particular,rural,1,1,1,1,1,0,1,1
2008,357449,1000,Renault,gasolina,manual,4x4,particular,urbano,0,1,0,0,1,0,0,0
2022,21589,1500,Chevrolet,gasolina,manual,4x2,particular,rural,0,0,0,0,0,0,1,0
2001,242865,1500,Chevrolet,gasolina,manual,4x4,particular,urbano,1,1,1,1,0,1,0,1
2009,373994,2500,Mitsubishi,gasolina,manual,4x2,publico,rural,1,1,1,1,0,1,0,1
2016,100094,1500,Mazda,diesel,manual,4x4,particular,rural,1,0,1,0,1,1,0,1
2009,285773,1600,Nissan,gasolina,automatica,4x2,particular,urbano,1,0,0,0,0,0,1,1
2023,18294,1400,Renault,gasolina,manual,4x2,particular,urbano,0,0,0,0,0,0,0,0
2004,179213,1200,Renault,gasolina,automatica,4x4,particular,urbano,1,0,1,0,1,1,1,0
2017,76880,2000,Ford,diesel,manual,4x2,particular,rural,0,0,0,1,0,1,0,0
1999,450000,1000,Kia,gasolina,manual,4x2,publico,urbano,1,1,1,1,1,1,1,0
2010,261818,1800,Nissan,gas,automatica,4x2,particular,rural,0,1,1,0,1,0,1,1
2017,128199,1000,Suzuki,gasolina,manual,4x2,particular,urbano,0,0,0,1,1,0,1,1
2006,450000,1500,Volkswagen,gas,manual,4x2,publico,urbano,1,1,1,1,1,1,0,1
2011,191100,1200,Renault,gas,automatica,4x2,particular,rural,0,1,0,0,1,1,1,0
2018,102482,1600,Nissan,gas,automatica,4x2,particular,urbano,0,0,0,0,0,1,0,0
2016,176953,1600,Toyota,gasolina,automatica,4x2,publico,rural,0,0,0,0,0,1,1,1
2008,450000,1200,Renault,gasolina,automatica,4x4,publico,rural,1,0,0,0,1,1,0,1
2016,68940,1200,Renault,gasolina,manual,4x2,particular,urbano,0,1,0,1,1,0,0,0
2005,327296,1500,Volkswagen,gasolina,manual,4x2,particular,urbano,0,1,0,1,1,1,1,1
2011,205607,2400,Ford,gasolina,manual,4x2,particular,urbano,1,0,0,1,1,0,1,1
2009,450000,1400,Nissan,gasolina,manual,4x2,publico,urbano,1,1,1,1,1,1,1,1
2023,26910,2000,Hyundai,gasolina,manual,4x2,publico,urbano,0,0,0,0,0,0,1,0
2007,160074,1500,Renault,gasolina,manual,4x2,particular,rural,1,1,1,1,1,0,1,1
2007,310411,2000,Honda,gasolina,manual,4x2,particular,rural,0,0,1,1,1,1,0,1
2003,428559,1400,Kia,gasolina,automatica,4x2,publico,rural,1,0,1,1,1,0,1,1
2019,81025,1500,Renault,gasolina,manual,4x2,publico,urbano,0,1,0,0,1,0,0,1
2011,240495,1200,Suzuki,diesel,manual,4x2,particular,urbano,1,0,0,0,0,1,1,1
2008,132995,1500,Suzuki,gasolina,manual,4x2,particular,urbano,0,1,0,1,1,0,0,1
2007,287176,1200,Chevrolet,gasolina,manual,4x2,particular,urbano,0,0,0,1,1,1,1,0
2021,37353,1500,Chevrolet,diesel,automatica,4x2,particular,urbano,0,0,0,0,0,1,1,0
2023,14409,2000,Ford,gasolina,automatica,4x2,particular,urbano,1,0,1,0,0,0,0,1
2008,450000,1200,Chevrolet,diesel,automatica,4x2,publico,rural,1,1,0,0,1,0,0,1
2015,191251,1400,Chevrolet,diesel,automatica,4x2,particular,urbano,0,1,0,0,0,0,0,1
2011,162265,3000,Dodge,gasolina,automatica,4x2,particular,rural,1,0,0,1,0,0,0,0
2020,62303,1400,Suzuki,diesel,automatica,4x4,particular,rural,0,0,0,1,1,0,0,0
1999,450000,1800,Volkswagen,gasolina,automatica,4x2,particular,rural,1,1,1,1,1,0,1,1
2010,432499,1600,Toyota,diesel,manual,4x2,publico,urbano,1,0,1,0,1,0,0,0
2007,184340,1200,Renault,diesel,manual,4x4,particular,urbano,1,1,0,0,0,1,0,0
2010,269837,2400,Hyundai,gas,automatica,4x4,publico,rural,1,1,1,1,1,1,0,1
2005,327777,2400,Peugeot,gasolina,manual,4x2,particular,urbano,0,1,1,0,0,0,1,1
2012,202003,1400,Renault,gasolina,automatica,4x4,particular,rural,0,0,1,0,1,0,1,1
2005,450000,2400,Hyundai,gasolina,manual,4x2,publico,urbano,0,1,1,0,0,1,1,1
1999,450000,1200,Fiat,gasolina,automatica,4x2,publico,rural,1,1,0,1,1,0,1,1
2006,205003,2000,Nissan,gasolina,manual,4x2,particular,rural,1,1,0,1,1,0,1,0
2020,78573,2000,Ford,gasolina,automatica,4x2,publico,urbano,0,1,0,0,0,0,0,0
2008,304262,2400,Ford,gasolina,automatica,4x2,particular,urbano,1,0,1,1,0,1,1,1
2012,237891,1000,Chevrolet,gasolina,automatica,4x2,publico,urbano,0,1,0,0,1,0,1,0
2015,141888,1200,Chevrolet,diesel,manual,4x4,particular,urbano,1,0,0,0,0,0,0,0
2021,41239,1000,Fiat,gasolina,manual,4x2,particular,rural,0,0,0,0,1,0,0,0
2006,450000,1600,Chevrolet,gasolina,manual,4x4,publico,urbano,1,1,1,0,1,0,0,1
2001,320775,1500,Hyundai,gasolina,manual,4x2,particular,urbano,1,0,1,1,0,1,1,1
2013,160850,2000,Peugeot,gasolina,manual,4x4,publico,urbano,1,1,1,0,0,1,0,1
2012,181069,1600,Honda,gasolina,automatica,4x2,particular,urbano,0,0,1,1,1,0,0,0
2012,219933,2400,Hyundai,gasolina,manual,4x2,particular,urbano,1,0,0,0,1,0,1,0
2018,44278,2400,Mazda,gasolina,manual,4x2,particular,urbano,0,0,0,0,0,1,0,0
2010,308924,1400,Hyundai,gas,automatica,4x2,publico,urbano,0,1,1,1,1,1,0,1
2015,109850,1600,Mazda,gasolina,manual,4x4,particular,urbano,0,0,0,0,0,1,0,0
2017,75249,1600,Toyota,gasolina,automatica,4x4,particular,rural,0,0,0,0,0,0,0,0
2014,209889,1600,Volkswagen,gas,automatica,4x4,particular,urbano,0,1,0,0,1,1,0,0
2019,84357,1600,Honda,gasolina,manual,4x2,particular,rural,1,0,0,0,0,1,0,0
2021,51041,2400,Hyundai,gasolina,manual,4x2,particular,urbano,0,0,0,0,0,0,1,1
2022,33252,1600,Renault,gasolina,automatica,4x4,particular,urbano,0,0,0,1,0,0,0,1
2002,392762,2000,Mazda,gasolina,automatica,4x2,particular,rural,1,0,1,0,1,1,1,1
2022,31103,2400,Toyota,diesel,automatica,4x2,particular,rural,0,0,0,0,0,0,0,0
2003,234374,1200,Renault,gasolina,manual,4x2,particular,urbano,0,1,1,1,1,1,1,1
2013,209645,1200,Suzuki,gasolina,automatica,4x4,particular,urbano,0,0,0,0,1,0,0,0
2021,58013,1500,Mazda,diesel,manual,4x2,particular,urbano,0,0,0,0,0,0,0,0
2023,10763,1500,Hyundai,gasolina,manual,4x2,publico,rural,1,0,0,0,1,0,0,0
2007,450000,2000,Dodge,gas,automatica,4x2,publico,rural,1,1,1,1,1,0,0,1
2005,450000,2400,Toyota,diesel,manual,4x4,publico,urbano,0,1,1,1,0,1,1,1
2008,330050,1000,Chevrolet,gasolina,manual,4x4,publico,rural,1,1,1,1,0,0,1,1
2003,272455,1500,Chevrolet,diesel,manual,4x2,particular,urbano,1,1,0,1,0,1,0,1
1998,379304,1400,Renault,diesel,manual,4x4,particular,urbano,0,1,0,1,1,1,0,1
2011,217483,1000,Chevrolet,gas,manual,4x2,particular,rural,1,0,1,1,1,1,0,1
2009,193616,1400,Hyundai,gasolina,automatica,4x2,particular,urbano,1,1,0,1,0,1,1,1
2014,207352,1800,Hyundai,gasolina,manual,4x2,publico,urbano,1,1,0,1,0,1,1,1
2018,105297,1000,Kia,gasolina,manual,4x4,publico,rural,0,0,1,0,1,0,0,0
2013,218042,1400,Kia,gasolina,automatica,4x2,particular,urbano,1,0,1,0,1,1,0,1
2013,300809,1600,Toyota,gasolina,manual,4x2,publico,urbano,0,0,1,0,1,1,0,0
2013,105170,1800,Toyota,diesel,automatica,4x2,particular,urbano,0,0,0,0,0,1,0,1
2002,200723,2400,Toyota,gasolina,automatica,4x4,particular,urbano,0,1,1,1,1,1,1,1
2006,308699,1600,Chevrolet,gasolina,manual,4x4,particular,urbano,0,1,0,1,1,1,1,1
2015,274897,2400,Ford,gasolina,manual,4x2,publico,rural,1,1,0,0,1,0,0,0
2000,443985,1400,Toyota,gasolina,manual,4x2,particular,urbano,0,1,0,1,1,0,1,1
2008,232219,1400,Chevrolet,gasolina,automatica,4x2,particular,urbano,1,1,0,1,0,0,0,1
2017,132240,2000,Volkswagen,diesel,manual,4x4,publico,urbano,0,1,0,0,0,0,1,0
2014,126103,1600,Mazda,gasolina,manual,4x4,particular,urbano,0,1,0,1,0,1,1,1
2008,130549,1400,Volkswagen,diesel,automatica,4x4,particular,rural,1,0,1,1,1,0,1,1
2003,267364,1600,Chevrolet,gasolina,manual,4x2,particular,urbano,0,1,0,1,0,1,0,1
2001,167179,1200,Renault,gasolina,manual,4x2,particular,rural,1,1,1,1,0,1,1,1
2013,152765,2500,Dodge,diesel,automatica,4x2,particular,rural,1,0,1,0,0,1,1,1
2002,398166,1200,Chevrolet,gasolina,manual,4x2,particular,rural,1,0,1,1,1,0,1,1
2019,83915,1400,Hyundai,diesel,manual,4x2,particular,rural,0,0,0,1,0,0,0,0
2016,110193,1600,Honda,diesel,automatica,4x2,particular,urbano,0,0,0,0,0,0,1,0
2020,38687,1400,Renault,gasolina,automatica,4x2,particular,urbano,1,0,0,0,1,0,0,1
1999,416830,1400,Chevrolet,gasolina,automatica,4x4,particular,urbano,1,0,1,1,0,1,0,1
2012,129762,1800,Dodge,gasolina,manual,4x2,particular,rural,0,0,1,1,1,1,1,1
2022,40301,1400,Toyota,diesel,automatica,4x2,particular,urbano,0,0,0,0,1,0,0,0
2019,74368,1800,Hyundai,gasolina,automatica,4x4,particular,rural,0,0,0,0,0,0,0,0
2012,209564,1000,Chevrolet,gasolina,manual,4x2,particular,rural,1,1,0,0,1,1,1,0
2023,28763,1600,Suzuki,gasolina,automatica,4x4,publico,urbano,0,0,1,0,0,0,0,1
2019,117867,2000,Hyundai,gasolina,automatica,4x2,particular,urbano,0,0,0,1,0,0,0,0
2006,450000,1000,Kia,diesel,manual,4x2,publico,urbano,1,1,0,1,1,1,0,1
2008,175418,1400,Chevrolet,gasolina,automatica,4x2,particular,urbano,0,0,1,1,1,1,1,0
2002,356797,1800,Mazda,diesel,manual,4x2,particular,rural,1,1,0,1,1,1,0,1
2005,110614,2000,Hyundai,gas,manual,4x2,particular,rural,1,0,0,1,1,1,0,0
2012,287187,1200,Kia,gasolina,manual,4x2,publico,rural,1,1,1,0,0,0,1,1
2010,224905,1000,Suzuki,gasolina,manual,4x2,particular,urbano,0,1,1,1,0,0,0,0
2017,177433,1400,Chevrolet,diesel,manual,4x2,particular,urbano,1,1,1,0,0,1,0,1
2001,200882,3500,Peugeot,gasolina,manual,4x2,particular,rural,1,1,0,1,0,0,1,1
2019,79796,1600,Hyundai,gasolina,manual,4x2,particular,rural,0,0,0,0,0,0,0,0
2011,438412,1800,Mitsubishi,gasolina,manual,4x2,publico,rural,0,1,0,1,1,0,0,0
1999,450000,1600,Volkswagen,gasolina,automatica,4x2,publico,rural,1,1,0,1,1,1,0,1
2013,328327,1500,Hyundai,gas,automatica,4x4,publico,urbano,0,1,1,1,1,0,0,1
1998,450000,2000,Ford,gasolina,automatica,4x4,publico,rural,0,0,1,1,0,1,0,0
2020,80020,1500,Mazda,gasolina,manual,4x2,particular,rural,0,0,1,1,0,0,0,1
1999,450000,1400,Mazda,gasolina,automatica,4x2,publico,urbano,1,1,0,0,1,0,1,1
2015,153926,1200,Kia,gasolina,automatica,4x2,particular,urbano,0,1,1,0,0,1,1,1
1998,390979,1600,Toyota,gasolina,automatica,4x2,particular,urbano,1,1,1,1,0,1,0,1
2000,422369,1600,Renault,diesel,manual,4x2,particular,urbano,1,1,1,0,1,0,0,1
2020,78199,1500,Ford,gasolina,manual,4x2,particular,rural,0,0,0,1,0,0,0,0
2015,84191,1800,Ford,gasolina,automatica,4x2,particular,urbano,0,1,0,0,1,0,0,0
2020,93768,2000,Nissan,gasolina,automatica,4x4,publico,urbano,0,1,0,0,0,0,0,1
2018,136054,1000,Renault,gasolina,automatica,4x4,publico,urbano,0,1,0,0,1,0,0,0
2008,228674,1400,Renault,gas,manual,4x2,particular,urbano,1,1,1,1,1,1,1,1
2012,98685,1600,Ford,gasolina,automatica,4x2,particular,urbano,1,0,0,1,1,0,0,0
2015,149469,1600,Kia,gasolina,automatica,4x4,particular,rural,0,0,1,1,0,1,0,1
2013,329458,1800,Volkswagen,gasolina,automatica,4x2,publico,urbano,0,1,0,0,0,0,1,1
2017,147792,1500,Toyota,gasolina,manual,4x2,particular,urbano,0,1,1,0,0,0,0,1
2018,93768,1800,Nissan,gas,automatica,4x2,particular,urbano,1,0,1,0,0,1,1,1
2015,157264,1800,Dodge,gasolina,manual,4x2,particular,urbano,0,1,0,1,0,0,0,0
2009,126683,1600,Nissan,gasolina,manual,4x2,particular,urbano,1,0,0,1,1,0,0,1
2014,216849,1400,Chevrolet,gas,automatica,4x2,publico,rural,0,0,0,0,1,1,0,1
2008,214841,1400,Hyundai,gasolina,automatica,4x2,particular,urbano,0,0,1,0,1,1,1,1
2020,69986,1000,Renault,diesel,manual,4x2,publico,urbano,1,0,0,0,0,0,0,1
1998,450000,2400,Ford,gasolina,automatica,4x4,publico,urbano,1,0,1,1,1,1,1,0
2017,97371,1200,Renault,gasolina,manual,4x2,particular,urbano,0,1,0,1,1,0,0,0
2006,424047,1800,Toyota,gasolina,automatica,4x2,particular,rural,1,1,1,1,1,1,1,1
2019,64872,1800,Mazda,gasolina,manual,4x2,particular,urbano,0,1,0,1,1,0,0,1
2023,16989,2400,Toyota,diesel,manual,4x2,particular,urbano,0,0,0,0,0,0,0,0
2016,103583,2400,Toyota,gasolina,manual,4x2,particular,rural,0,0,1,0,1,0,0,1
2008,231619,2000,Mazda,gasolina,manual,4x2,particular,rural,1,1,1,1,1,1,0,1
2013,182334,1400,Volkswagen,diesel,automatica,4x2,particular,urbano,1,1,0,1,0,1,0,1
2020,56711,1500,Fiat,gasolina,manual,4x4,particular,rural,0,0,0,0,0,0,0,0
2022,29685,1600,Hyundai,gasolina,manual,4x4,particular,urbano,0,0,0,0,0,0,0,0
2008,450000,1500,Nissan,gas,manual,4x2,publico,rural,0,1,0,1,1,1,0,1
2021,56633,2400,Volkswagen,gasolina,automatica,4x2,particular,urbano,0,1,0,0,0,1,0,0
2019,70860,1600,Hyundai,gasolina,manual,4x2,particular,urbano,0,0,1,0,0,0,0,1
2003,450000,1600,Suzuki,gasolina,manual,4x2,publico,urbano,0,1,1,0,0,1,1,1
1998,439638,1400,Chevrolet,gasolina,automatica,4x2,particular,urbano,1,1,1,1,1,1,1,1
2020,80305,2400,Hyundai,diesel,automatica,4x2,particular,urbano,0,1,0,0,0,0,0,0
2008,265718,1200,Renault,gasolina,manual,4x2,particular,rural,0,0,0,1,1,0,0,0
2019,74198,1500,Kia,gasolina,manual,4x2,particular,urbano,1,0,1,1,0,0,0,1
2021,31679,1600,Toyota,gasolina,manual,4x4,particular,rural,0,0,0,0,1,0,0,0
2009,184616,1600,Chevrolet,gasolina,manual,4x2,particular,rural,0,1,0,0,1,0,1,0
2007,205731,2400,Mazda,gasolina,manual,4x2,particular,urbano,0,1,0,1,1,0,0,0
2011,212130,1500,Chevrolet,diesel,manual,4x2,particular,rural,0,1,0,1,0,0,1,0
2005,313914,1600,Toyota,gasolina,manual,4x2,particular,urbano,0,1,1,0,1,0,0,1
2014,188022,1000,Kia,gasolina,manual,4x2,particular,rural,1,0,1,1,0,1,1,1
2019,76472,1800,Hyundai,gasolina,automatica,4x2,particular,rural,0,1,0,1,0,0,0,0
2012,331449,2000,Ford,gasolina,manual,4x2,publico,urbano,0,1,1,1,1,1,1,1
2011,181013,1400,Nissan,gasolina,automatica,4x2,particular,rural,0,0,0,1,0,1,0,0
2007,254973,1400,Suzuki,gasolina,automatica,4x2,particular,urbano,1,0,1,0,0,0,0,1
2023,11321,1800,Mitsubishi,gasolina,automatica,4x2,particular,urbano,0,0,0,1,0,0,0,0
2003,350496,1500,Renault,diesel,manual,4x2,particular,urbano,1,1,0,1,1,0,1,1
2012,330357,1600,Chevrolet,gasolina,manual,4x4,publico,urbano,0,0,1,1,1,1,0,1
2009,323462,1000,Renault,diesel,automatica,4x2,publico,urbano,1,1,0,0,1,0,1,1
2009,237122,1400,Fiat,gasolina,manual,4x4,particular,urbano,1,1,0,1,1,0,1,1
2004,188468,1200,Kia,gasolina,manual,4x2,particular,urbano,0,1,0,0,0,1,1,1
2015,137559,2400,Volkswagen,gasolina,manual,4x2,particular,rural,0,0,1,0,1,0,0,0
2021,37414,1600,Chevrolet,gasolina,automatica,4x2,particular,urbano,0,0,0,0,0,0,0,0
2012,127130,1500,Renault,gasolina,automatica,4x4,particular,rural,0,1,0,0,1,0,1,1
2006,370427,1400,Volkswagen,gasolina,manual,4x4,publico,rural,1,1,1,1,0,1,1,1
2005,450000,1600,Chevrolet,diesel,automatica,4x2,publico,urbano,1,0,1,1,1,0,0,1
2016,229012,2000,Mazda,diesel,automatica,4x2,publico,urbano,0,1,0,1,1,0,1,1
2018,70550,1500,Renault,gasolina,manual,4x2,particular,urbano,0,0,0,0,0,0,0,0
2015,142697,1600,Renault,gas,automatica,4x4,particular,urbano,1,1,0,0,0,0,0,1
2006,450000,3000,Mitsubishi,gasolina,manual,4x2,particular,rural,1,0,0,1,0,1,1,1
2003,356563,1400,Renault,gasolina,automatica,4x2,particular,rural,0,1,0,1,1,1,1,1
2016,95810,2400,Volkswagen,gasolina,automatica,4x4,publico,urbano,0,0,0,1,0,1,0,0
2010,166638,1500,Fiat,gas,automatica,4x2,particular,rural,0,0,1,1,1,1,0,1
2017,59028,2400,Toyota,diesel,automatica,4x4,particular,urbano,0,0,1,0,1,0,0,0
2021,41117,1500,Mazda,gasolina,manual,4x2,particular,rural,0,0,0,1,0,0,0,0
1998,450000,1500,Kia,gasolina,manual,4x2,publico,rural,1,1,1,0,1,1,1,1
2019,56478,1600,Nissan,diesel,automatica,4x4,publico,rural,0,0,0,0,0,0,0,0
2018,116101,1000,Kia,gasolina,manual,4x2,particular,urbano,1,0,1,0,0,1,0,0
2016,101262,1500,Kia,gasolina,manual,4x2,particular,rural,0,0,1,0,0,0,0,1
2005,283647,1500,Renault,gasolina,manual,4x4,particular,urbano,1,1,0,1,1,0,1,1
2019,57926,2000,Volkswagen,gasolina,automatica,4x2,particular,urbano,0,0,1,0,0,0,0,0
2013,172337,2500,Mitsubishi,gasolina,manual,4x2,particular,urbano,1,0,0,0,0,1,0,1
2010,300916,1400,Chevrolet,gasolina,automatica,4x2,particular,urbano,0,1,1,1,1,0,0,1
2007,170747,2400,Toyota,gasolina,manual,4x2,particular,rural,1,1,1,1,0,1,1,1
2012,258091,2400,Nissan,gasolina,manual,4x2,particular,rural,1,0,1,1,1,0,0,1
2015,117272,1600,Chevrolet,gasolina,automatica,4x2,particular,urbano,0,0,0,1,1,1,0,0
2020,49163,1000,Kia,gasolina,automatica,4x4,particular,urbano,0,0,0,0,0,0,0,1
2013,111458,1400,Renault,gas,manual,4x2,particular,rural,1,0,1,0,0,1,0,1
2023,10775,1800,Ford,gasolina,manual,4x2,particular,urbano,0,0,0,0,0,0,0,0
2023,11377,2000,Mazda,gasolina,automatica,4x4,particular,rural,0,0,0,0,0,0,0,0
2021,40784,1600,Chevrolet,gasolina,automatica,4x4,particular,rural,0,0,0,0,0,0,0,0
2011,226584,1500,Chevrolet,diesel,automatica,4x2,particular,rural,0,0,0,0,0,0,0,1
2021,76441,2400,Toyota,gasolina,manual,4x4,publico,rural,0,0,0,0,1,1,0,0
2005,248131,1200,Chevrolet,gasolina,manual,4x2,particular,urbano,0,1,0,1,0,1,1,0
2023,12973,1400,Toyota,gasolina,manual,4x2,particular,urbano,0,0,0,0,0,0,0,0
2015,119767,1500,Chevrolet,gasolina,automatica,4x2,particular,urbano,1,0,0,0,0,0,0,1
1999,385372,1600,Chevrolet,gasolina,manual,4x4,particular,urbano,1,0,1,0,1,0,1,1
2013,166475,1000,Chevrolet,gasolina,manual,4x4,particular,urbano,1,0,0,1,0,0,0,1
2019,68942,1400,Toyota,gasolina,manual,4x2,particular,urbano,0,0,0,0,0,0,0,0
2015,130763,2400,Toyota,gasolina,automatica,4x4,particular,urbano,0,0,0,1,0,0,0,0
1998,450000,1400,Fiat,gasolina,automatica,4x2,publico,urbano,0,1,1,0,1,1,1,0
2023,22649,1400,Nissan,diesel,manual,4x4,publico,urbano,0,0,0,0,0,0,0,0
2014,181807,2000,Mazda,gasolina,manual,4x2,publico,urbano,1,0,1,1,0,1,0,1
2021,36347,1400,Kia,diesel,manual,4x2,particular,urbano,0,0,0,0,0,0,0,0
1998,271718,2400,Nissan,gas,automatica,4x2,publico,rural,1,1,1,1,1,0,1,1
2002,355876,1600,Chevrolet,gasolina,manual,4x2,particular,rural,1,1,1,0,0,0,0,1
2022,42138,1600,Ford,diesel,automatica,4x2,publico,urbano,0,0,0,0,0,0,0,1
2021,45958,1600,Renault,gasolina,manual,4x2,particular,rural,0,0,0,0,0,0,0,1
2005,321598,1500,Kia,diesel,automatica,4x2,particular,urbano,0,1,1,1,1,0,0,1
2015,137808,1500,Renault,gasolina,manual,4x4,particular,urbano,0,1,0,0,1,0,0,1
2001,270213,1800,Mazda,gasolina,manual,4x2,particular,urbano,1,1,0,0,1,0,0,1
1999,450000,1800,Ford,diesel,manual,4x4,publico,rural,1,1,0,0,1,0,1,1
2001,338973,1200,Renault,gasolina,manual,4x2,particular,urbano,1,1,1,1,1,0,1,1
2010,78806,1600,Renault,gasolina,automatica,4x2,particular,rural,0,1,1,0,1,0,0,1
2000,396923,2400,Volkswagen,gasolina,automatica,4x4,particular,urbano,0,1,1,1,1,0,0,1
2012,149836,1400,Chevrolet,gas,automatica,4x2,particular,rural,1,0,0,0,1,0,0,0
2003,352682,1600,Renault,gasolina,manual,4x2,particular,urbano,1,0,1,1,1,0,1,1
2011,369961,1500,Ford,gas,manual,4x2,publico,rural,1,1,1,0,1,0,0,1
2017,113500,2000,Ford,diesel,automatica,4x2,particular,rural,1,0,0,0,0,1,0,1
2018,158795,1500,Renault,gasolina,automatica,4x2,publico,urbano,1,1,0,1,0,0,0,1
2008,395815,2500,Dodge,gasolina,automatica,4x2,publico,urbano,1,1,1,0,1,1,1,1
2023,16854,2000,Mazda,gasolina,manual,4x2,particular,urbano,0,0,0,0,0,0,0,0
2000,316245,1600,Chevrolet,gasolina,manual,4x2,particular,rural,1,1,1,1,1,1,0,1
2023,26052,1200,Fiat,gasolina,automatica,4x2,publico,urbano,1,0,0,0,0,0,0,0
2002,303353,1400,Ford,gasolina,automatica,4x2,particular,rural,1,1,1,1,1,1,1,1
2003,450000,1400,Hyundai,diesel,manual,4x2,publico,rural,1,1,1,1,1,0,0,1
2023,31145,1000,Renault,gasolina,manual,4x2,publico,rural,1,0,0,0,1,0,0,0
2005,335865,1200,Kia,gasolina,manual,4x4,particular,urbano,1,0,1,1,0,1,0,0
2004,332931,1000,Chevrolet,diesel,manual,4x4,particular,urbano,1,0,1,1,0,1,1,1
2002,450000,1400,Chevrolet,gasolina,manual,4x2,publico,rural,0,1,1,1,1,1,1,0
2011,97548,1000,Renault,diesel,automatica,4x4,particular,urbano,1,0,1,0,0,0,0,0
2020,36679,2400,Hyundai,gasolina,automatica,4x4,particular,rural,0,0,1,0,0,1,0,0
2010,236074,1200,Renault,diesel,manual,4x2,publico,rural,1,0,0,1,1,0,1,0
2021,47973,1000,Kia,gasolina,manual,4x2,particular,urbano,0,1,0,0,0,0,0,0
2018,98769,1400,Nissan,gasolina,automatica,4x2,particular,urbano,0,1,0,0,1,0,1,0
2019,81340,1800,Honda,gas,automatica,4x4,particular,rural,0,0,0,0,0,0,0,1
2022,34819,1400,Renault,gasolina,automatica,4x2,particular,rural,0,0,0,1,1,0,0,0
2008,429217,1400,Mazda,gasolina,manual,4x2,publico,urbano,1,0,0,0,1,0,1,1
2009,202146,1500,Kia,gasolina,manual,4x2,particular,urbano,0,1,1,1,1,0,0,1
2019,124316,1000,Suzuki,gasolina,automatica,4x2,publico,rural,0,0,0,0,1,0,0,1
2011,224841,1500,Mazda,gasolina,manual,4x2,particular,rural,0,0,0,1,0,0,0,0
2000,395305,1600,Renault,gasolina,manual,4x4,particular,urbano,0,1,1,1,1,0,0,1
1998,323902,1200,Renault,gasolina,manual,4x2,particular,rural,1,0,0,1,1,1,0,1
2013,264266,1200,Suzuki,gasolina,automatica,4x2,publico,rural,1,0,1,1,0,1,0,1
2022,31137,1400,Renault,gasolina,manual,4x2,particular,urbano,0,0,0,0,0,0,0,0
2001,242892,1000,Chevrolet,gasolina,automatica,4x4,publico,urbano,1,1,1,1,1,1,1,1
2010,181645,1500,Mazda,gasolina,automatica,4x2,particular,rural,1,0,0,0,0,0,1,1
2014,269531,1400,Chevrolet,diesel,manual,4x4,publico,rural,0,0,0,1,1,0,1,0
2011,323207,1400,Chevrolet,gasolina,automatica,4x4,publico,urbano,1,1,0,0,1,0,1,1
2010,177449,1000,Kia,gasolina,manual,4x2,particular,rural,0,0,0,0,1,0,0,0
2011,409035,1000,Chevrolet,diesel,automatica,4x2,publico,urbano,1,0,1,0,0,1,0,1
2002,420715,1500,Mazda,gasolina,manual,4x2,particular,rural,1,0,1,1,0,1,1,1
2005,442751,1000,Chevrolet,gas,manual,4x2,publico,urbano,1,1,1,1,0,0,1,1
2017,98389,2400,Nissan,diesel,manual,4x2,particular,rural,1,0,0,0,0,0,0,0
2017,98809,1800,Mazda,gasolina,manual,4x2,particular,urbano,0,0,1,0,1,0,0,0
2019,52760,1500,Mazda,gas,manual,4x2,particular,rural,1,0,0,0,1,0,0,0
2012,271499,1600,Renault,gasolina,manual,4x2,particular,urbano,0,1,0,0,1,0,0,0
2019,77194,2000,Hyundai,gasolina,automatica,4x2,particular,rural,0,0,1,1,0,0,0,1
2018,187356,1600,Toyota,gasolina,manual,4x2,publico,urbano,1,0,1,0,0,0,1,0
2013,93677,2400,Ford,gasolina,manual,4x2,particular,rural,1,1,0,0,1,0,0,1
2021,30964,1500,Ford,gasolina,manual,4x4,particular,rural,0,0,0,1,0,0,0,0
2000,352795,1000,Renault,gasolina,manual,4x4,particular,rural,1,1,1,1,0,1,0,1
2022,23954,1500,Renault,diesel,automatica,4x2,particular,urbano,1,0,0,0,0,0,0,0
2011,169841,2400,Hyundai,gas,manual,4x2,particular,urbano,0,1,0,1,1,1,0,0
2004,335793,2500,Mitsubishi,diesel,manual,4x2,particular,urbano,1,1,0,0,1,1,0,1
2012,190196,1600,Hyundai,diesel,manual,4x2,particular,rural,0,0,1,1,1,0,1,0
2014,129442,1800,Ford,gasolina,manual,4x2,particular,urbano,1,1,0,1,0,0,1,0
2012,285737,1400,Renault,gasolina,automatica,4x2,publico,urbano,0,1,0,0,0,1,0,1
2016,57618,2000,Toyota,gasolina,manual,4x2,particular,urbano,1,0,1,0,0,0,0,1
2005,326499,1500,Renault,diesel,automatica,4x2,particular,urbano,0,1,0,0,0,0,1,1
2016,137394,1500,Chevrolet,gasolina,manual,4x2,particular,urbano,0,0,1,0,0,1,0,1
2008,103718,2500,Dodge,gasolina,automatica,4x2,particular,rural,0,1,1,1,0,1,1,1
2014,239894,1500,Volkswagen,gasolina,automatica,4x2,publico,urbano,1,1,1,1,1,1,1,1
2019,77139,1500,Chevrolet,gas,automatica,4x2,particular,urbano,1,0,1,0,0,0,0,1
2016,93455,2000,Ford,gasolina,manual,4x2,particular,rural,0,0,0,1,1,0,1,0
2021,86806,3500,Mitsubishi,diesel,automatica,4x2,publico,urbano,1,0,0,0,0,1,0,1
2004,313318,3500,Mitsubishi,gasolina,manual,4x2,particular,urbano,1,0,0,1,1,0,1,1
2022,57841,1400,Chevrolet,gasolina,manual,4x2,publico,urbano,1,0,0,1,0,0,0,1
2009,267509,2500,Peugeot,gasolina,manual,4x4,particular,urbano,1,0,0,1,0,0,0,1
2013,115702,1000,Kia,gasolina,manual,4x2,particular,urbano,1,0,1,1,1,0,0,1
2013,172552,1000,Kia,gasolina,manual,4x2,particular,urbano,1,1,0,1,0,0,1,1
2022,25650,1600,Chevrolet,gasolina,manual,4x2,particular,rural,0,0,0,0,0,0,0,0
2005,380364,1400,Hyundai,gas,manual,4x2,particular,urbano,0,1,1,0,0,0,0,1
2013,144277,1000,Renault,gasolina,automatica,4x4,particular,urbano,0,0,0,1,0,0,0,0
2018,97828,1200,Renault,gasolina,automatica,4x4,particular,urbano,0,0,0,1,0,0,0,1
2013,140700,1500,Mazda,gasolina,automatica,4x2,particular,urbano,0,1,0,0,1,0,1,0
2003,428895,1600,Chevrolet,gasolina,automatica,4x4,particular,urbano,0,1,1,1,1,1,0,1
2012,375861,1400,Nissan,gasolina,manual,4x2,publico,urbano,0,1,1,1,1,1,0,1
2004,450000,1600,Mazda,gasolina,manual,4x2,publico,urbano,1,0,1,1,1,1,1,1
2009,193757,1500,Ford,diesel,manual,4x2,particular,urbano,0,1,0,1,1,1,0,0
2012,254413,1500,Nissan,diesel,manual,4x2,publico,urbano,1,1,0,1,0,0,1,1
2018,155267,1400,Hyundai,gas,automatica,4x2,publico,rural,0,0,0,0,0,1,0,0
2020,41867,1600,Toyota,gasolina,manual,4x2,particular,urbano,0,0,0,0,0,1,0,0
2001,450000,1600,Renault,gasolina,automatica,4x2,particular,rural,1,0,0,1,1,1,1,0
2018,124271,1500,Mazda,gas,automatica,4x4,publico,urbano,0,1,1,0,1,1,0,0
2019,74258,1800,Honda,gasolina,manual,4x2,particular,urbano,0,0,0,0,1,0,0,0
2013,158984,1400,Hyundai,gasolina,manual,4x2,particular,urbano,0,1,0,0,0,0,0,1
2001,309806,1500,Toyota,gasolina,manual,4x2,particular,rural,0,0,0,0,1,0,1,0
2008,258641,1500,Ford,gasolina,automatica,4x2,particular,rural,0,1,1,1,1,1,1,1
2000,450000,1800,Dodge,gasolina,manual,4x2,particular,urbano,1,0,0,0,0,1,1,0
2001,450000,3000,Mitsubishi,gasolina,automatica,4x4,publico,urbano,1,1,1,1,1,1,0,1
2016,132021,3000,Mitsubishi,gas,manual,4x2,particular,rural,1,0,1,1,1,0,1,1
2004,351543,1500,Nissan,gasolina,manual,4x2,particular,rural,1,0,0,1,0,1,0,0
2020,58060,1600,Chevrolet,gasolina,automatica,4x2,particular,urbano,0,0,1,0,1,0,0,0
2005,314061,1400,Chevrolet,diesel,automatica,4x2,particular,urbano,1,1,0,1,1,1,1,1
2019,62700,1600,Renault,gas,manual,4x4,particular,rural,0,0,1,1,0,0,0,1
2002,328655,1000,Renault,diesel,manual,4x4,particular,rural,0,1,1,0,1,1,1,1
2007,335129,1400,Mazda,gas,manual,4x2,publico,urbano,1,0,1,1,1,0,0,1
2001,450000,1400,Fiat,gasolina,manual,4x2,publico,rural,0,0,1,1,1,1,1,1
2011,285083,2000,Mazda,gasolina,manual,4x2,publico,urbano,0,1,0,0,0,0,1,0
2010,215535,1600,Chevrolet,gasolina,manual,4x2,particular,urbano,0,1,0,1,0,1,1,1
2009,150154,1400,Renault,gasolina,manual,4x4,particular,urbano,1,1,1,1,0,0,1,1
2015,127250,2400,Mitsubishi,gasolina,automatica,4x2,particular,urbano,1,0,0,0,0,0,0,0
2005,248729,1000,Chevrolet,gasolina,automatica,4x2,particular,urbano,1,1,0,1,0,1,1,0
2003,162351,1600,Mazda,gasolina,manual,4x2,particular,urbano,0,0,1,1,1,1,1,0
2005,450000,1500,Renault,gasolina,automatica,4x2,publico,rural,1,1,0,1,1,1,1,1
2005,432759,2400,Toyota,gasolina,automatica,4x2,publico,rural,0,1,1,0,1,1,1,1
2009,211038,1400,Honda,diesel,automatica,4x4,particular,rural,0,1,1,0,1,0,0,0
2005,239082,2400,Mazda,diesel,manual,4x2,particular,urbano,0,1,0,1,1,0,0,1
2008,356140,1400,Chevrolet,gasolina,automatica,4x2,publico,urbano,1,1,1,0,0,0,1,1
2011,176279,2400,Nissan,gasolina,automatica,4x2,particular,urbano,0,1,1,0,0,1,0,1
2022,31465,2400,Hyundai,gasolina,automatica,4x2,particular,rural,0,1,0,0,0,0,0,0
2004,294503,1400,Chevrolet,gasolina,automatica,4x2,particular,rural,1,1,1,1,0,0,0,1
2016,156525,1400,Volkswagen,gasolina,manual,4x2,particular,rural,1,0,1,0,0,0,0,1
2003,450000,1600,Renault,gasolina,automatica,4x2,particular,urbano,1,1,1,1,1,1,0,1
2002,278976,1000,Chevrolet,gasolina,manual,4x2,publico,urbano,1,0,1,1,0,1,1,1
1998,415134,2400,Nissan,gasolina,automatica,4x2,particular,urbano,1,1,1,0,1,1,1,1
2019,99141,2400,Volkswagen,gasolina,manual,4x4,particular,rural,1,0,0,0,1,0,0,1
2006,450000,1400,Honda,gasolina,automatica,4x4,publico,rural,1,0,1,1,1,1,0,1
2014,221596,1500,Honda,diesel,automatica,4x2,publico,urbano,0,1,0,1,0,0,1,1
2023,12603,1800,Nissan,gasolina,automatica,4x2,particular,urbano,1,0,1,0,0,0,0,1
2019,78715,1600,Kia,diesel,manual,4x2,particular,rural,0,0,1,1,0,0,1,1
2011,185488,1500,Mazda,gasolina,manual,4x2,particular,urbano,1,1,0,1,1,1,1,1
2007,450000,2400,Ford,diesel,automatica,4x2,publico,urbano,1,1,1,0,1,1,1,1
2017,167514,1000,Chevrolet,gasolina,automatica,4x2,publico,rural,0,1,0,0,1,0,0,1
2005,189721,1800,Mazda,gasolina,manual,4x2,particular,urbano,1,1,0,1,1,1,1,1
1998,414190,2400,Hyundai,gasolina,automatica,4x2,particular,rural,1,1,0,1,1,0,1,1
2015,242843,1000,Suzuki,gasolina,manual,4x2,publico,urbano,0,0,0,0,0,0,1,0
2018,117343,1000,Kia,gasolina,manual,4x4,publico,urbano,0,0,1,0,0,0,1,0
2017,103125,1500,Renault,diesel,automatica,4x4,particular,urbano,0,0,0,0,0,1,0,1
2003,425083,1400,Chevrolet,gasolina,automatica,4x4,publico,rural,0,1,1,1,1,1,1,1
2004,284151,1500,Chevrolet,gasolina,automatica,4x2,particular,rural,0,1,1,0,0,0,1,1
2003,210621,2400,Toyota,gasolina,automatica,4x2,particular,rural,1,1,1,1,1,0,1,1
2005,304918,2400,Toyota,gasolina,manual,4x2,particular,rural,1,1,1,0,1,0,0,1
2019,77523,1000,Kia,gasolina,manual,4x2,particular,urbano,0,0,0,0,0,0,1,1
2023,12142,1500,Chevrolet,gasolina,manual,4x2,particular,urbano,0,0,0,0,0,1,0,1
2000,315603,1500,Volkswagen,gasolina,manual,4x2,particular,urbano,1,0,1,1,0,1,1,1
2015,170160,1000,Chevrolet,diesel,manual,4x2,publico,rural,0,0,0,1,0,1,1,1
2010,315591,1600,Toyota,diesel,manual,4x2,particular,rural,1,1,1,1,0,0,0,1
1999,290352,1500,Honda,gasolina,automatica,4x2,particular,urbano,0,0,1,1,1,1,1,1
2012,132140,1600,Mazda,gasolina,manual,4x2,particular,urbano,1,0,0,0,0,0,0,1
2013,149867,1400,Nissan,gasolina,manual,4x2,particular,urbano,1,0,1,1,1,0,0,1
2008,203100,1600,Chevrolet,gasolina,manual,4x2,publico,urbano,0,1,1,1,0,0,0,0
2000,450000,1800,Toyota,diesel,automatica,4x2,publico,urbano,1,1,1,0,0,0,1,1
2016,170868,1200,Chevrolet,gasolina,manual,4x4,particular,rural,1,1,1,1,1,0,1,1
1998,450000,2000,Volkswagen,diesel,automatica,4x4,particular,rural,1,1,1,1,1,1,1,1
2014,78671,2400,Honda,gasolina,manual,4x2,particular,urbano,1,1,0,0,1,0,0,0
2019,156215,1400,Renault,diesel,manual,4x4,publico,rural,0,1,0,0,1,0,0,0
2018,107720,2000,Honda,gas,automatica,4x2,particular,urbano,0,0,1,0,1,0,1,0
2007,190573,1600,Hyundai,gas,manual,4x4,particular,urbano,0,0,0,0,0,0,1,0
2013,198346,1500,Mazda,diesel,manual,4x4,particular,rural,1,1,1,1,1,0,1,1
2016,99629,1200,Renault,gasolina,automatica,4x2,particular,rural,0,0,0,0,0,1,0,0
2018,88293,1500,Chevrolet,gasolina,manual,4x2,particular,urbano,1,1,1,0,0,0,1,1
2009,247316,1200,Chevrolet,gasolina,manual,4x4,particular,urbano,1,0,1,1,1,1,1,1
2003,450000,2400,Mitsubishi,gasolina,manual,4x2,publico,urbano,0,1,0,0,0,0,0,1
2000,315019,1600,Mazda,gasolina,automatica,4x4,particular,urbano,1,1,1,0,1,1,1,1
2003,338838,1500,Hyundai,diesel,manual,4x2,particular,urbano,0,1,1,1,1,0,0,0
2009,184251,1500,Renault,gasolina,manual,4x2,particular,urbano,0,1,1,0,0,1,1,1
2011,222656,1000,Chevrolet,diesel,automatica,4x2,particular,urbano,1,0,0,0,0,0,0,0
2021,51552,3500,Dodge,gasolina,manual,4x4,particular,urbano,0,0,0,0,0,0,0,0
2018,49336,1000,Renault,gasolina,manual,4x2,particular,urbano,1,0,0,0,0,0,0,0
2015,152488,1800,Honda,diesel,automatica,4x2,particular,urbano,1,1,0,1,0,1,0,1
2010,253921,1500,Chevrolet,gasolina,automatica,4x2,particular,urbano,0,0,1,0,1,0,0,0
2013,147710,1500,Hyundai,gasolina,automatica,4x2,particular,urbano,0,0,1,1,0,0,1,1
2016,167239,1000,Kia,gasolina,automatica,4x2,particular,rural,1,1,0,0,1,1,0,0
2007,217723,1600,Kia,diesel,automatica,4x2,particular,rural,0,0,1,0,1,1,1,0
1998,426911,2000,Mazda,diesel,automatica,4x2,particular,urbano,1,1,0,0,1,1,1,1
2015,258326,1800,Volkswagen,gas,automatica,4x2,publico,rural,0,0,0,0,1,1,0,0
2020,58304,1600,Hyundai,diesel,manual,4x2,particular,rural,0,0,0,1,1,0,0,0
2003,363388,1200,Kia,diesel,automatica,4x2,particular,urbano,1,1,1,0,1,1,1,1
2001,356395,1800,Hyundai,gasolina,manual,4x2,particular,rural,1,0,1,1,1,0,1,0
2007,348718,1800,Hyundai,diesel,manual,4x2,particular,urbano,0,0,1,0,1,1,0,0
2001,333503,1400,Chevrolet,gasolina,automatica,4x2,particular,urbano,1,1,1,0,1,1,0,1
2008,304083,2000,Mazda,gasolina,automatica,4x2,publico,urbano,1,0,0,0,0,0,0,0
2002,349010,2400,Toyota,gasolina,manual,4x4,particular,urbano,0,1,1,0,1,0,1,1
2001,450000,1200,Chevrolet,gasolina,manual,4x4,publico,urbano,0,0,0,0,1,0,0,1
2014,121114,1000,Suzuki,gasolina,automatica,4x2,particular,urbano,0,0,1,1,1,0,1,1
2018,102538,2000,Dodge,gasolina,manual,4x2,particular,rural,0,1,0,0,0,0,0,1
2007,155067,1600,Chevrolet,gasolina,manual,4x2,particular,urbano,1,1,0,1,1,0,0,1
2005,376367,1500,Fiat,diesel,automatica,4x2,particular,urbano,1,1,0,0,1,1,0,0
2012,290352,1000,Renault,diesel,manual,4x2,publico,urbano,1,1,1,0,0,0,0,1
2005,312822,1400,Nissan,diesel,manual,4x2,particular,rural,1,1,0,0,1,0,0,1
2008,450000,2400,Hyundai,gasolina,automatica,4x2,publico,urbano,1,1,1,1,1,1,1,1
2013,188523,2000,Toyota,gasolina,manual,4x2,particular,urbano,0,1,0,1,1,0,0,0
2002,317022,1600,Toyota,gasolina,automatica,4x2,particular,urbano,1,1,0,0,0,1,1,1
2001,380463,1000,Chevrolet,gasolina,manual,4x2,particular,rural,1,0,1,1,1,1,1,1
2010,242528,1500,Renault,gasolina,manual,4x2,particular,rural,1,0,0,0,0,0,0,1
2006,268454,1800,Nissan,gasolina,automatica,4x2,publico,rural,0,1,0,1,1,1,1,0
2015,155794,1200,Fiat,gasolina,manual,4x2,particular,rural,0,0,1,0,1,0,0,0
2008,190741,1400,Chevrolet,gasolina,automatica,4x2,particular,urbano,0,0,0,0,1,1,1,1
2001,301043,1600,Hyundai,diesel,automatica,4x4,particular,urbano,1,1,1,0,1,1,0,1
2009,275536,1600,Renault,gasolina,automatica,4x2,particular,urbano,1,0,1,0,0,1,1,1
2014,125932,2000,Hyundai,gasolina,manual,4x4,particular,rural,0,0,0,1,0,0,0,1
2001,450000,2400,Toyota,diesel,manual,4x2,publico,urbano,1,1,1,1,0,0,1,1
2015,273830,1600,Hyundai,gasolina,manual,4x4,publico,urbano,0,1,0,0,1,1,1,0
2001,450000,1400,Hyundai,gasolina,automatica,4x2,particular,urbano,1,1,1,1,1,1,1,1
2012,169693,1500,Nissan,gasolina,automatica,4x2,particular,urbano,1,1,0,1,1,1,1,1
2000,446857,1400,Renault,gasolina,automatica,4x4,particular,urbano,1,1,0,1,1,0,0,1
2009,253268,1600,Hyundai,diesel,manual,4x4,particular,urbano,1,0,1,1,1,0,1,1
2009,248447,1200,Chevrolet,diesel,manual,4x2,particular,urbano,0,0,0,1,0,1,1,0
2018,200198,1400,Renault,gasolina,manual,4x2,publico,urbano,0,1,0,1,0,1,0,0
2023,23594,1500,Chevrolet,diesel,manual,4x2,publico,urbano,0,0,1,0,0,0,0,1
2011,376410,1400,Volkswagen,gasolina,automatica,4x4,publico,urbano,1,1,0,0,1,1,1,1
2023,12060,1600,Toyota,gasolina,manual,4x2,particular,urbano,0,0,0,0,0,0,0,0
2007,450000,1500,Nissan,gasolina,manual,4x2,publico,urbano,1,1,0,1,1,1,0,1
2008,340915,1200,Renault,gas,manual,4x2,publico,rural,0,1,1,1,0,1,1,1
2001,444359,1200,Renault,diesel,automatica,4x2,publico,urbano,1,0,0,1,0,1,1,1
2023,30329,1800,Ford,gasolina,manual,4x2,publico,rural,1,0,0,0,0,0,0,0
2021,35046,1600,Toyota,gasolina,automatica,4x2,particular,urbano,0,0,0,0,0,0,0,0
2018,91855,1200,Chevrolet,diesel,manual,4x2,particular,urbano,1,0,0,0,0,1,0,0
2000,436680,3000,Dodge,gasolina,manual,4x2,particular,urbano,0,1,1,1,1,1,0,0
2014,200275,2400,Hyundai,diesel,manual,4x2,particular,urbano,1,1,0,0,0,0,0,0
2002,420289,1400,Kia,gasolina,automatica,4x2,particular,urbano,1,1,1,1,1,1,0,0
2005,450000,2000,Toyota,gas,automatica,4x4,publico,urbano,0,1,1,1,1,1,1,1
2011,156439,1200,Renault,gas,manual,4x2,particular,urbano,1,0,0,1,0,0,1,0
2009,194121,1000,Renault,gasolina,automatica,4x4,publico,rural,1,0,1,1,1,0,0,1
2009,436301,2400,Toyota,gas,automatica,4x2,publico,urbano,0,1,1,1,1,1,0,1
2023,10178,1500,Suzuki,gasolina,automatica,4x2,particular,urbano,0,0,0,0,0,0,0,0
2004,279694,1200,Renault,diesel,automatica,4x2,particular,urbano,1,0,1,1,1,1,0,1
2003,154550,1000,Suzuki,gasolina,automatica,4x2,particular,urbano,1,1,1,1,1,0,1,0
1999,339356,1600,Hyundai,gasolina,manual,4x2,particular,urbano,1,1,1,0,1,1,1,1
2021,47302,1000,Renault,diesel,automatica,4x4,particular,urbano,0,0,0,0,0,0,0,0
2004,450000,2400,Honda,gasolina,manual,4x2,publico,urbano,1,1,0,1,0,0,0,0
2020,80563,1500,Volkswagen,diesel,automatica,4x2,particular,urbano,0,0,0,0,1,0,1,0
2019,61557,1600,Mazda,gasolina,automatica,4x2,particular,urbano,0,0,0,0,0,0,0,0
2019,58253,1800,Toyota,gasolina,manual,4x4,particular,urbano,0,0,0,0,0,0,0,0
2002,304184,1600,Mazda,gasolina,manual,4x2,particular,urbano,1,0,1,0,1,1,1,1
2007,450000,1500,Honda,gasolina,automatica,4x2,publico,rural,1,1,0,1,1,1,1,1
2020,47044,2000,Dodge,gasolina,manual,4x2,particular,urbano,0,0,0,1,0,0,0,0
2005,163629,1200,Kia,gasolina,manual,4x2,particular,urbano,1,0,0,0,0,0,1,0
2012,240817,1000,Chevrolet,diesel,manual,4x4,publico,urbano,0,0,1,1,1,0,0,1
2001,427334,1500,Ford,gasolina,automatica,4x2,particular,rural,1,1,0,0,1,1,1,1
2006,401048,1400,Volkswagen,gasolina,manual,4x2,publico,rural,1,0,0,1,1,1,1,0
2017,97915,1500,Kia,diesel,automatica,4x2,particular,urbano,0,0,0,0,0,1,0,1
2020,43329,2400,Toyota,gas,automatica,4x2,particular,urbano,0,0,0,0,0,0,0,1
2022,43295,1500,Kia,gasolina,manual,4x2,publico,urbano,0,0,0,0,0,1,0,0
2008,145360,3000,Dodge,gasolina,manual,4x4,particular,urbano,1,0,1,1,1,1,1,1
2013,143813,2000,Ford,diesel,manual,4x4,particular,urbano,1,1,0,1,0,0,1,0
1999,394007,1400,Kia,gasolina,manual,4x2,particular,urbano,1,1,0,1,1,0,0,1
2018,199741,2500,Mitsubishi,gasolina,manual,4x4,publico,urbano,0,0,1,0,1,0,0,1
2013,195160,1000,Kia,gasolina,automatica,4x2,particular,urbano,0,0,0,0,1,1,0,0
2020,80569,1500,Toyota,gasolina,manual,4x2,particular,urbano,0,0,0,0,1,1,1,1
2019,161438,1500,Chevrolet,gasolina,manual,4x2,publico,urbano,0,1,0,1,0,1,0,1
2005,402463,1400,Renault,gasolina,manual,4x2,publico,urbano,1,0,1,1,1,1,0,1
2008,444426,1400,Suzuki,gasolina,automatica,4x2,publico,rural,1,1,0,1,1,1,0,1
2006,296945,2000,Hyundai,gasolina,automatica,4x2,particular,rural,1,1,1,1,0,1,0,1
2015,107478,1200,Renault,gasolina,automatica,4x2,particular,rural,1,1,1,0,0,0,1,1
2014,141026,2000,Mazda,gasolina,automatica,4x2,particular,rural,0,0,0,1,1,0,1,0
1998,450000,1200,Renault,gas,manual,4x2,particular,urbano,1,1,1,1,0,0,1,1
2016,160272,2000,Toyota,gasolina,manual,4x2,publico,urbano,1,1,1,0,1,0,0,1
2011,135427,1500,Toyota,gasolina,manual,4x2,particular,rural,1,1,1,1,1,0,0,0
2006,184819,1400,Ford,diesel,manual,4x2,particular,rural,1,0,1,0,1,0,1,1
2006,438853,1600,Renault,diesel,manual,4x4,publico,rural,1,1,1,0,1,0,1,1
2012,123999,1400,Suzuki,gas,manual,4x2,particular,urbano,0,1,0,0,0,1,0,0
2007,324062,1600,Toyota,gasolina,manual,4x4,publico,urbano,1,0,0,1,1,0,1,1
2022,33246,1500,Ford,gasolina,manual,4x2,particular,urbano,0,0,0,0,0,0,0,0
2011,216362,1600,Toyota,diesel,automatica,4x4,particular,urbano,0,0,0,1,0,1,1,0
2007,361267,1500,Ford,gasolina,automatica,4x4,publico,rural,0,1,1,0,1,0,1,1
2012,167544,1000,Fiat,diesel,manual,4x2,particular,urbano,1,0,0,1,1,1,0,0
2012,394618,1800,Volkswagen,gasolina,manual,4x2,publico,urbano,0,1,0,0,1,1,0,1
2023,20973,1400,Hyundai,diesel,automatica,4x4,particular,rural,0,0,1,0,1,0,0,0
2022,23570,1600,Hyundai,gasolina,manual,4x2,particular,rural,0,0,0,0,0,0,0,0
2002,259469,1500,Toyota,gasolina,manual,4x2,particular,urbano,1,1,1,1,0,1,0,1
2018,92247,1000,Renault,gasolina,manual,4x2,particular,rural,0,0,0,0,0,1,0,0
2001,450000,1200,Suzuki,gasolina,manual,4x2,publico,rural,1,1,0,1,1,1,1,1
2000,450000,1800,Peugeot,gasolina,manual,4x2,publico,urbano,1,1,0,0,0,1,0,1
2019,118141,1200,Kia,gasolina,automatica,4x4,publico,urbano,1,0,1,0,1,1,1,1
2008,450000,1200,Kia,gasolina,automatica,4x2,publico,rural,0,1,1,0,1,0,0,1
1998,450000,2400,Mitsubishi,gasolina,manual,4x2,publico,urbano,1,1,1,1,1,0,1,1
2011,315716,1000,Chevrolet,gasolina,manual,4x2,publico,urbano,1,0,0,0,1,1,0,0
2017,139106,1500,Renault,gasolina,automatica,4x2,publico,urbano,0,1,1,0,0,0,0,1
2002,393866,1000,Chevrolet,gasolina,manual,4x2,particular,urbano,0,1,1,1,1,1,0,1
2000,450000,1600,Nissan,gasolina,manual,4x4,publico,rural,0,1,1,1,1,1,1,1
2000,450000,1500,Hyundai,gasolina,automatica,4x2,publico,urbano,1,1,0,1,1,0,1,1
2004,291838,1800,Ford,gasolina,manual,4x2,particular,urbano,1,0,1,1,1,0,1,1
2015,135271,1000,Kia,diesel,manual,4x2,publico,urbano,1,1,1,1,0,1,0,1
2003,255201,2400,Mazda,diesel,manual,4x4,particular,urbano,1,1,1,1,1,1,1,1
2011,286750,1200,Renault,diesel,automatica,4x2,particular,rural,1,1,1,0,1,1,1,0
2015,221908,1500,Chevrolet,gas,manual,4x2,publico,urbano,1,0,1,0,0,0,1,1
2007,211051,1200,Suzuki,gasolina,manual,4x2,particular,rural,0,1,0,1,1,0,0,0
2017,62821,1400,Kia,diesel,automatica,4x2,particular,rural,0,1,1,0,0,0,0,1
2012,172538,1000,Kia,gasolina,manual,4x2,particular,urbano,0,0,1,0,0,0,1,0
2023,16249,1200,Chevrolet,gasolina,automatica,4x4,particular,rural,0,0,0,0,1,0,0,0
2009,437611,1500,Nissan,gasolina,manual,4x2,publico,rural,1,1,0,1,1,0,1,1
2014,202688,2000,Toyota,gasolina,manual,4x2,particular,urbano,0,0,0,1,1,1,0,1
2016,152423,2000,Mazda,gasolina,manual,4x2,particular,urbano,0,0,0,0,1,1,0,0
2021,47242,2000,Ford,gasolina,automatica,4x2,particular,urbano,1,0,0,0,1,0,0,1
2007,390777,1500,Toyota,gasolina,manual,4x4,publico,urbano,0,1,0,0,0,0,1,0
2005,372318,2400,Toyota,gasolina,manual,4x2,particular,urbano,1,0,1,1,1,0,0,1
2006,113361,1800,Toyota,diesel,manual,4x2,particular,urbano,0,0,0,1,0,1,0,1
2004,437181,1000,Renault,gasolina,automatica,4x2,particular,rural,0,1,0,1,0,1,0,0
2020,40473,2000,Ford,gasolina,manual,4x2,publico,rural,0,0,1,0,0,0,1,1
2004,450000,1500,Fiat,gasolina,manual,4x2,publico,rural,1,1,1,1,1,0,1,1
2020,56842,2000,Hyundai,gasolina,automatica,4x2,particular,rural,0,0,0,0,0,0,0,1
2015,151317,1200,Renault,gasolina,manual,4x2,particular,urbano,1,1,0,1,0,0,0,1
2021,64249,2000,Toyota,diesel,manual,4x2,publico,urbano,0,0,1,1,0,0,0,1
2014,179533,1400,Hyundai,gas,automatica,4x2,particular,rural,0,0,1,1,0,0,0,0
2003,269440,1600,Chevrolet,diesel,automatica,4x2,particular,rural,1,0,1,1,1,0,0,0
2005,450000,2400,Mitsubishi,gasolina,manual,4x2,publico,rural,1,1,1,1,1,0,1,1
2013,139611,2400,Mazda,diesel,automatica,4x4,particular,rural,1,1,0,0,0,0,1,0
2014,235486,1600,Ford,gasolina,automatica,4x2,publico,rural,1,0,1,0,0,0,1,1
2008,328371,1600,Chevrolet,gasolina,manual,4x4,particular,rural,0,0,1,1,0,1,0,0
2021,47358,3000,Mitsubishi,gasolina,automatica,4x2,publico,rural,0,0,0,0,0,1,0,0
2007,244049,1600,Chevrolet,diesel,automatica,4x4,publico,rural,1,1,1,1,1,1,1,1
2000,450000,1500,Chevrolet,gasolina,manual,4x4,particular,urbano,1,1,1,1,1,1,1,1
2022,36379,2400,Volkswagen,gasolina,manual,4x4,publico,rural,1,0,0,0,1,0,0,0
1998,450000,1400,Renault,gasolina,manual,4x2,publico,urbano,1,1,1,0,1,0,1,1
2013,175741,1500,Volkswagen,gasolina,manual,4x2,particular,urbano,0,1,0,0,0,0,0,0
2002,195505,1500,Chevrolet,gasolina,automatica,4x4,particular,urbano,0,0,0,0,0,0,0,0
2020,58626,1800,Toyota,diesel,manual,4x4,particular,rural,0,0,0,1,0,1,0,0
2009,125803,1500,Chevrolet,gasolina,automatica,4x4,particular,urbano,1,0,0,0,0,0,0,0
2000,226805,1000,Renault,gasolina,automatica,4x4,particular,urbano,0,1,1,1,1,0,0,1
2022,29711,3500,Dodge,gasolina,automatica,4x2,particular,rural,0,0,0,0,0,0,0,1
1998,413522,1400,Hyundai,gasolina,automatica,4x4,particular,urbano,1,1,1,1,1,1,1,1
2011,223603,1500,Ford,gasolina,manual,4x4,particular,rural,0,1,0,1,0,1,0,1
2002,400923,1600,Renault,gasolina,automatica,4x2,particular,rural,0,1,1,1,1,1,0,1
2009,233373,1400,Renault,gasolina,manual,4x4,particular,urbano,0,0,1,0,0,1,0,1
2001,216046,2000,Ford,diesel,automatica,4x2,particular,rural,0,1,0,1,1,1,0,1
2018,110394,1600,Mazda,gasolina,manual,4x2,particular,urbano,0,0,1,0,0,1,0,0
2014,93893,1000,Chevrolet,gasolina,manual,4x4,particular,rural,1,1,0,1,1,1,0,1
2011,289192,1500,Volkswagen,gasolina,automatica,4x4,particular,urbano,0,0,0,0,0,1,1,0
2023,16480,1500,Toyota,gasolina,automatica,4x4,particular,urbano,0,0,0,0,0,0,0,0
2016,188161,1600,Suzuki,gasolina,manual,4x2,particular,urbano,1,0,1,1,0,1,0,1
2020,89463,2400,Toyota,gasolina,automatica,4x2,particular,rural,0,0,0,1,0,0,0,0
2008,250232,1400,Chevrolet,gas,manual,4x4,particular,urbano,1,0,0,0,0,1,0,0
2017,89567,1500,Chevrolet,gasolina,automatica,4x2,particular,rural,1,0,0,1,0,0,1,1
2008,202608,1500,Toyota,gasolina,manual,4x2,particular,urbano,1,0,1,0,0,0,0,0
2018,158362,1200,Suzuki,gasolina,manual,4x2,publico,rural,0,0,0,1,1,0,1,1
2010,150194,2000,Honda,diesel,automatica,4x4,particular,rural,1,1,1,0,0,0,1,1
1999,450000,1800,Mazda,gasolina,manual,4x2,particular,urbano,1,1,0,1,1,0,1,1
2023,11505,1500,Suzuki,gasolina,automatica,4x2,particular,urbano,0,0,1,0,0,0,0,0
2001,358980,1000,Renault,gasolina,manual,4x2,particular,rural,1,1,1,1,1,0,0,1
2008,296018,1500,Mazda,gasolina,automatica,4x2,particular,urbano,0,1,1,1,0,0,1,0
2002,434147,2000,Nissan,gasolina,automatica,4x4,particular,urbano,1,0,1,0,1,0,0,1
2001,420147,2000,Toyota,diesel,automatica,4x2,particular,urbano,0,1,1,0,1,1,1,1
2012,412362,1400,Chevrolet,gasolina,manual,4x2,publico,rural,1,0,0,1,1,1,1,0
2001,437990,1200,Kia,gasolina,automatica,4x2,publico,urbano,0,1,0,1,1,0,1,0
2022,25501,1400,Kia,diesel,manual,4x4,particular,urbano,0,0,0,0,0,0,0,1
2019,119718,1400,Toyota,gasolina,automatica,4x2,publico,rural,1,1,0,1,0,0,0,0
1998,274742,1000,Chevrolet,gas,manual,4x4,particular,urbano,1,0,1,1,1,1,1,1
2018,166052,1400,Renault,diesel,automatica,4x2,publico,urbano,0,0,1,1,0,1,1,1
2002,143874,1400,Kia,gasolina,manual,4x4,particular,rural,1,1,1,0,1,1,1,1
2022,22503,1500,Chevrolet,gasolina,automatica,4x2,particular,urbano,0,0,0,0,0,0,0,1
2001,271419,1800,Hyundai,gas,automatica,4x2,particular,rural,0,0,1,1,1,0,0,0
2004,371052,1400,Toyota,gasolina,automatica,4x2,particular,urbano,1,1,1,1,0,1,1,1
2019,106740,1600,Kia,diesel,automatica,4x2,particular,urbano,0,0,0,0,0,0,1,0
2000,241832,1200,Renault,gasolina,manual,4x2,particular,urbano,1,1,1,1,1,1,1,1
2023,26558,1600,Nissan,gasolina,manual,4x4,publico,rural,0,1,0,0,1,0,0,0
2000,426326,1600,Chevrolet,gasolina,manual,4x2,particular,urbano,1,1,1,0,1,1,0,1
2017,209360,2400,Ford,gasolina,automatica,4x2,publico,rural,1,0,1,1,0,1,0,1
2017,80606,1600,Ford,gas,manual,4x4,particular,urbano,1,1,0,0,1,0,0,0
1998,145166,1800,Toyota,gasolina,automatica,4x4,particular,urbano,1,1,1,1,1,1,1,1
2006,218331,1800,Hyundai,gasolina,manual,4x2,particular,urbano,1,1,0,1,1,0,0,1
2019,60031,1200,Kia,gasolina,automatica,4x4,particular,rural,0,0,1,1,0,0,0,0
2015,207538,1400,Chevrolet,gas,manual,4x4,publico,urbano,1,1,1,1,1,0,0,1
2012,187326,1400,Toyota,gas,manual,4x4,particular,urbano,0,0,0,1,0,0,1,0
2014,175453,2400,Mazda,gasolina,automatica,4x2,particular,urbano,0,0,1,1,1,0,0,1
2011,391623,3500,Peugeot,gasolina,manual,4x4,publico,urbano,1,1,1,0,0,0,1,1
2016,183699,1200,Chevrolet,gasolina,automatica,4x4,particular,urbano,0,0,0,0,0,0,0,0
1998,445912,1400,Chevrolet,diesel,manual,4x2,particular,urbano,1,0,0,0,0,1,1,1
2022,28327,2400,Nissan,diesel,manual,4x2,particular,urbano,0,0,0,0,0,0,0,0
2012,167108,1600,Toyota,gasolina,automatica,4x4,particular,urbano,0,1,1,0,0,1,1,1
2023,18474,1400,Renault,gas,automatica,4x2,particular,urbano,0,0,0,0,0,0,0,0
2016,81894,1800,Hyundai,diesel,manual,4x4,particular,urbano,0,0,1,0,0,0,1,1
2012,200310,1000,Kia,diesel,manual,4x2,particular,urbano,0,1,0,0,1,1,0,0
2006,130826,1600,Renault,gasolina,manual,4x4,particular,urbano,1,0,0,1,0,0,0,1
2006,202886,1500,Nissan,gas,manual,4x2,particular,urbano,1,1,0,1,0,0,0,1
2023,22453,1500,Kia,diesel,manual,4x4,publico,urbano,0,0,0,0,0,0,0,0
1999,450000,1200,Renault,diesel,manual,4x2,particular,rural,1,0,1,0,1,1,1,1
2004,450000,1400,Chevrolet,diesel,manual,4x2,publico,urbano,0,1,1,1,1,1,0,1
2008,399512,2000,Toyota,gasolina,automatica,4x2,publico,urbano,1,1,1,1,0,1,1,1
2008,440569,1600,Mazda,diesel,automatica,4x2,publico,urbano,0,1,1,1,0,1,1,1
2011,188621,1400,Hyundai,gasolina,manual,4x4,particular,rural,1,0,0,1,1,1,1,1
2001,305885,1000,Kia,gasolina,manual,4x4,particular,urbano,1,1,1,1,1,1,1,1
2008,205548,1200,Kia,gasolina,automatica,4x2,publico,urbano,0,0,0,0,1,1,1,0
2016,140179,1800,Toyota,gas,automatica,4x2,particular,rural,0,0,0,1,0,1,0,0
2013,162128,1800,Honda,gas,manual,4x2,particular,urbano,0,0,0,0,0,0,1,0
2004,230091,2000,Honda,gasolina,manual,4x2,particular,urbano,1,1,1,0,0,0,0,1
2016,107345,1600,Volkswagen,gasolina,manual,4x4,particular,urbano,0,0,1,1,1,0,0,1
2001,297780,1600,Suzuki,gasolina,manual,4x4,particular,urbano,1,1,1,1,1,1,1,1
2007,168325,2000,Toyota,diesel,manual,4x4,particular,rural,0,0,1,1,1,1,0,1
2002,450000,1400,Chevrolet,diesel,automatica,4x2,publico,urbano,1,1,1,1,1,0,1,1
2002,335877,1400,Mazda,diesel,automatica,4x2,publico,urbano,1,1,0,1,1,1,1,0
2009,208925,1500,Toyota,gasolina,manual,4x2,particular,urbano,1,0,0,1,0,0,1,1
2007,298978,2000,Mitsubishi,gasolina,automatica,4x4,particular,rural,1,1,1,0,1,0,0,1
2010,209782,1400,Mazda,gasolina,automatica,4x4,particular,urbano,1,0,0,1,1,0,0,1
2010,131589,2400,Ford,gasolina,automatica,4x2,particular,urbano,0,1,0,1,0,0,1,0
2012,190683,1600,Renault,gasolina,automatica,4x2,particular,urbano,0,1,1,1,1,0,1,1
2012,139485,1600,Toyota,gasolina,manual,4x4,particular,rural,1,1,1,0,0,1,0,1
2020,102961,1800,Mazda,gasolina,manual,4x2,publico,urbano,0,0,1,0,0,0,0,0
2009,254044,2400,Toyota,gasolina,manual,4x4,particular,rural,0,1,0,0,1,0,0,0
2008,235873,1400,Renault,gasolina,automatica,4x2,publico,rural,1,1,1,1,1,1,0,0
2015,164278,1600,Honda,diesel,automatica,4x2,particular,rural,1,1,1,1,1,0,0,1
2021,55994,1600,Kia,gasolina,automatica,4x2,particular,rural,0,0,0,1,1,0,0,0
2012,250315,1000,Renault,gasolina,automatica,4x2,publico,rural,0,1,0,0,0,0,0,1
1999,428964,1400,Toyota,gasolina,automatica,4x2,particular,rural,1,1,1,1,1,1,1,1
2021,32479,1600,Hyundai,diesel,automatica,4x2,particular,urbano,0,0,0,0,0,0,0,0
2014,248809,1500,Chevrolet,gasolina,manual,4x2,publico,urbano,0,1,1,1,0,0,0,0
2011,180510,1800,Volkswagen,diesel,manual,4x2,particular,urbano,1,0,1,1,1,1,0,0
2001,450000,1000,Renault,gasolina,manual,4x4,publico,urbano,0,0,0,1,1,1,1,0
2012,314536,1000,Chevrolet,gasolina,automatica,4x4,publico,urbano,1,0,0,0,0,1,1,0
2006,318175,1000,Kia,diesel,manual,4x2,particular,urbano,0,0,0,0,1,1,1,1
1998,237450,1500,Kia,gasolina,manual,4x2,particular,urbano,1,1,1,1,1,0,0,0
1999,394683,1800,Mazda,diesel,manual,4x4,particular,urbano,1,0,1,1,1,1,0,0
2002,450000,1400,Kia,diesel,automatica,4x2,publico,rural,1,1,1,1,1,1,0,1
2017,92600,2000,Honda,diesel,automatica,4x2,particular,urbano,0,0,0,1,0,0,1,0
2011,199073,1200,Chevrolet,gasolina,automatica,4x2,particular,urbano,0,1,0,1,0,1,1,1
2018,170490,1400,Renault,gas,manual,4x2,publico,urbano,0,1,1,1,1,1,0,0
2017,87249,1200,Renault,gasolina,automatica,4x2,publico,urbano,1,1,1,1,0,0,1,1
1998,450000,1600,Hyundai,gas,manual,4x2,particular,urbano,1,1,1,1,0,0,1,1
2010,268689,1800,Honda,gasolina,manual,4x2,particular,urbano,1,0,0,1,1,1,0,1
2022,25274,1400,Renault,gas,automatica,4x2,particular,urbano,0,0,0,0,0,0,0,0
2013,202407,1400,Hyundai,diesel,manual,4x2,particular,urbano,1,0,0,0,0,0,1,0
2007,251614,1400,Kia,gas,manual,4x4,particular,rural,1,0,0,1,1,1,1,0
2003,238280,1500,Kia,diesel,manual,4x2,particular,urbano,0,1,1,1,0,1,1,1
2009,450000,2000,Dodge,gas,automatica,4x2,publico,rural,1,1,0,1,1,1,1,1
2003,434396,2000,Volkswagen,gasolina,automatica,4x2,particular,urbano,0,0,1,1,1,1,0,1
2005,277161,1500,Mazda,gasolina,manual,4x4,particular,urbano,0,0,0,0,1,0,0,1
2017,149975,1000,Chevrolet,gasolina,automatica,4x4,publico,urbano,0,1,1,1,1,1,1,1
2004,416302,2400,Nissan,gasolina,automatica,4x2,publico,urbano,0,1,1,1,1,1,1,1
2018,114642,1200,Renault,gasolina,automatica,4x2,particular,urbano,0,1,0,0,0,1,1,0
2023,26188,1600,Toyota,gasolina,manual,4x4,publico,urbano,1,0,1,0,0,0,0,0
2022,35090,1600,Nissan,gasolina,manual,4x2,particular,urbano,0,0,0,1,0,1,0,0
2013,149323,3000,Mitsubishi,gasolina,manual,4x4,particular,urbano,0,1,1,1,1,1,0,1
2003,254344,2400,Mazda,gasolina,automatica,4x4,particular,urbano,0,0,1,0,0,0,1,1
2000,236386,1500,Renault,gasolina,automatica,4x2,particular,urbano,0,1,1,1,0,1,1,1
2001,450000,1600,Suzuki,gasolina,manual,4x2,publico,urbano,1,1,1,1,0,1,0,1
1999,297687,1800,Mazda,gas,manual,4x2,particular,urbano,0,1,1,1,1,1,0,1
2000,450000,1500,Chevrolet,gasolina,automatica,4x2,publico,urbano,1,1,1,0,1,1,1,1
2019,80984,2400,Hyundai,diesel,automatica,4x2,particular,urbano,0,1,0,0,0,0,1,1
2023,15558,2000,Mitsubishi,gasolina,manual,4x2,particular,rural,0,1,0,1,0,0,0,0
2007,209890,1500,Hyundai,gasolina,automatica,4x2,particular,urbano,1,0,0,0,1,1,0,1
1999,450000,1600,Hyundai,gasolina,automatica,4x2,particular,rural,1,1,0,1,1,1,0,1
2018,131766,1600,Renault,gasolina,automatica,4x2,particular,rural,0,1,1,1,0,0,0,1
2002,450000,2000,Volkswagen,gasolina,manual,4x2,publico,urbano,1,0,1,1,1,0,1,1
2002,341851,1400,Hyundai,gasolina,manual,4x4,particular,urbano,1,1,1,1,1,1,1,1
2012,170240,1200,Chevrolet,gasolina,automatica,4x2,particular,urbano,0,1,0,0,1,1,1,0
2018,117968,1500,Hyundai,gasolina,automatica,4x4,publico,urbano,1,0,0,0,0,1,0,0
2009,215012,1500,Ford,diesel,manual,4x2,particular,urbano,0,0,0,1,1,1,0,0
2020,68139,1600,Renault,gasolina,automatica,4x2,publico,urbano,1,0,0,1,0,0,1,1
2014,149366,1600,Renault,gas,manual,4x2,particular,rural,1,1,0,1,0,0,0,1
2011,224058,1000,Kia,gasolina,automatica,4x2,particular,urbano,0,1,0,1,1,0,0,1
1999,450000,1600,Chevrolet,gasolina,automatica,4x2,publico,urbano,1,1,1,0,1,1,1,1
2009,238936,2000,Toyota,gasolina,manual,4x2,particular,urbano,0,0,0,0,1,1,1,0
2007,357830,1200,Renault,gasolina,manual,4x2,particular,urbano,1,1,0,1,1,0,0,0
2016,147993,2000,Mazda,gasolina,automatica,4x4,particular,urbano,0,0,0,0,1,0,1,0
2021,122756,1500,Renault,gasolina,manual,4x2,publico,rural,0,0,0,0,1,0,0,0
2003,450000,1200,Kia,gasolina,automatica,4x2,publico,urbano,1,1,1,1,0,0,0,1
2001,423318,1200,Renault,gasolina,automatica,4x4,particular,rural,0,1,1,1,1,1,0,1
2001,450000,1600,Chevrolet,gas,manual,4x2,publico,rural,0,1,1,1,1,1,0,1
2004,253185,2400,Ford,gasolina,automatica,4x2,particular,urbano,0,1,0,1,1,1,1,1
2014,261484,1500,Renault,gasolina,manual,4x4,publico,rural,1,0,1,0,0,0,1,1
2019,105918,1200,Renault,gasolina,manual,4x2,publico,urbano,0,1,0,0,0,1,0,0
2001,433877,1800,Mitsubishi,gasolina,automatica,4x4,particular,rural,1,1,1,1,0,1,0,1
2018,98460,2000,Mazda,gasolina,automatica,4x2,particular,urbano,0,1,0,0,1,0,0,1
2021,82148,1400,Toyota,gasolina,automatica,4x2,publico,urbano,0,1,0,1,0,0,0,1
2003,138074,1000,Renault,diesel,automatica,4x2,particular,urbano,1,0,0,1,1,1,1,1
2009,279795,1400,Nissan,diesel,automatica,4x2,particular,urbano,0,0,0,1,1,1,0,0
2012,181183,1400,Fiat,diesel,manual,4x2,particular,urbano,0,0,0,1,1,1,0,0
2004,366575,1800,Toyota,gasolina,manual,4x2,particular,rural,1,1,1,1,1,1,1,1
2017,229781,2000,Ford,gasolina,automatica,4x2,publico,urbano,0,1,0,1,0,1,1,1
2019,106205,1200,Chevrolet,gas,manual,4x2,particular,rural,1,0,1,0,0,0,0,1
2013,219664,3000,Mitsubishi,gasolina,manual,4x2,particular,urbano,0,0,1,1,1,1,0,0
2015,158264,1500,Renault,gasolina,automatica,4x4,particular,urbano,0,0,0,1,0,0,1,0
2011,151215,2000,Mazda,gasolina,manual,4x2,particular,urbano,0,0,1,0,0,1,0,0
2005,300006,3500,Mitsubishi,gasolina,automatica,4x2,particular,rural,1,0,1,1,0,1,1,1
2023,30200,1500,Renault,gasolina,manual,4x2,publico,urbano,1,1,0,0,1,0,0,1
2011,221307,1000,Chevrolet,gasolina,automatica,4x2,particular,urbano,1,1,0,0,1,1,1,1
1999,437471,1000,Chevrolet,gasolina,manual,4x2,particular,urbano,1,0,1,0,1,1,0,0
1998,418123,1600,Volkswagen,gasolina,automatica,4x2,publico,rural,1,1,0,1,0,1,1,1
2017,111050,2000,Toyota,gasolina,manual,4x2,particular,rural,0,0,0,1,0,0,0,0
2011,395053,1200,Renault,gasolina,automatica,4x2,publico,urbano,1,0,1,0,0,0,0,1
2018,87386,1200,Chevrolet,gas,manual,4x2,particular,rural,0,0,0,0,0,1,0,0
2014,154294,1500,Ford,gasolina,manual,4x2,particular,urbano,1,1,0,1,0,1,1,1
2023,11614,2000,Hyundai,gasolina,manual,4x2,particular,urbano,0,0,0,0,0,0,0,0
2021,56512,1600,Honda,gas,automatica,4x2,particular,urbano,0,0,0,0,0,1,1,0
2013,129761,1600,Nissan,diesel,manual,4x4,particular,rural,0,1,0,0,1,0,0,0
2006,450000,1000,Suzuki,gasolina,automatica,4x4,publico,urbano,1,1,1,1,1,1,1,0
2020,74702,2000,Honda,gas,automatica,4x2,particular,urbano,0,0,0,0,0,0,0,0
2006,360871,2000,Mazda,gasolina,manual,4x2,publico,urbano,1,0,0,0,1,1,0,1
2005,357723,1800,Mazda,gas,automatica,4x2,particular,urbano,0,1,0,0,1,0,0,1
2018,198233,1500,Chevrolet,gasolina,automatica,4x2,publico,urbano,0,1,1,1,1,0,1,1
2022,10317,1500,Hyundai,gasolina,automatica,4x2,particular,rural,1,1,0,0,0,0,0,0
2017,102778,1800,Mazda,gasolina,automatica,4x2,particular,urbano,0,0,1,0,1,1,0,0
2021,42262,2000,Ford,gasolina,manual,4x2,particular,rural,0,0,0,0,0,0,1,0
2014,355759,1400,Kia,gasolina,manual,4x2,publico,urbano,0,1,0,0,0,0,0,1
2011,219771,1600,Toyota,gas,automatica,4x2,particular,urbano,0,1,1,0,0,0,0,1
2013,342547,1500,Renault,diesel,manual,4x2,publico,urbano,1,1,1,0,1,1,0,1
1998,441436,1000,Chevrolet,gasolina,manual,4x2,particular,urbano,1,1,1,1,1,1,1,1
2021,47316,1400,Kia,diesel,automatica,4x2,particular,rural,0,0,0,0,0,1,0,0
2020,92820,1600,Chevrolet,gasolina,manual,4x2,particular,urbano,0,1,0,1,0,0,1,0
2001,437885,1000,Suzuki,gasolina,automatica,4x2,particular,urbano,1,1,1,1,1,1,0,1
2023,17192,1200,Suzuki,gas,manual,4x4,particular,urbano,0,0,0,0,0,0,0,0
2003,238728,1400,Chevrolet,gasolina,manual,4x4,particular,rural,1,0,1,1,0,0,1,0
2004,450000,1800,Mazda,gasolina,manual,4x4,publico,rural,1,1,0,1,0,0,1,0
1999,362085,1000,Renault,gasolina,manual,4x2,particular,urbano,0,1,1,1,1,1,0,1
2013,212637,1500,Ford,gasolina,manual,4x2,particular,urbano,0,0,1,1,1,1,1,1
2023,22309,1400,Nissan,gasolina,automatica,4x2,particular,urbano,0,0,0,0,0,0,0,0
2016,126330,1000,Kia,gasolina,manual,4x4,particular,rural,0,1,1,1,0,0,0,1
2000,422807,1400,Ford,gasolina,manual,4x2,publico,urbano,0,1,0,1,1,1,1,0
2008,267276,1400,Toyota,diesel,automatica,4x2,particular,rural,0,1,0,1,0,0,1,0
2010,332044,1200,Suzuki,gasolina,automatica,4x2,publico,rural,0,1,1,0,1,1,1,1
2000,276282,1600,Chevrolet,gasolina,manual,4x2,particular,urbano,1,0,1,1,1,0,1,1
1999,450000,2000,Volkswagen,gasolina,automatica,4x2,publico,rural,1,1,1,1,1,1,1,1
2000,450000,1200,Kia,diesel,automatica,4x2,publico,urbano,0,1,0,1,1,1,1,1
1999,349342,1500,Hyundai,gasolina,automatica,4x2,particular,urbano,1,0,0,1,0,1,1,1
2000,434327,1400,Honda,gasolina,automatica,4x4,particular,urbano,1,1,1,0,1,1,0,1
2018,209795,1600,Chevrolet,gasolina,automatica,4x2,publico,rural,0,1,1,0,0,0,1,1
2018,68123,1200,Renault,gasolina,automatica,4x2,particular,rural,0,0,1,0,0,0,0,0
2011,179243,2000,Mazda,gasolina,automatica,4x2,particular,rural,0,1,1,0,1,1,1,1
2017,112509,1600,Kia,gasolina,manual,4x2,particular,urbano,0,0,0,0,0,0,0,0
2021,50624,1400,Chevrolet,diesel,manual,4x4,particular,urbano,0,0,0,0,0,0,0,0
2021,68651,1400,Renault,gasolina,manual,4x2,particular,urbano,0,0,1,0,0,0,0,0
2004,350508,2400,Ford,gasolina,automatica,4x2,particular,urbano,1,1,1,0,1,1,1,1
2015,135127,2000,Nissan,diesel,manual,4x2,particular,urbano,1,0,0,1,1,1,0,0
2003,321012,1000,Renault,diesel,automatica,4x2,particular,rural,0,0,0,1,1,1,1,1
2009,233167,2400,Hyundai,gasolina,manual,4x2,particular,urbano,0,0,1,0,1,0,1,1
2016,223310,1600,Ford,gasolina,manual,4x4,publico,urbano,1,1,0,1,1,1,0,1
2021,28855,1800,Honda,diesel,automatica,4x2,particular,urbano,0,0,0,0,0,0,1,0
2011,119453,1200,Chevrolet,gasolina,automatica,4x2,particular,urbano,0,1,0,1,0,0,0,1
2008,188833,1400,Chevrolet,diesel,manual,4x2,particular,rural,1,0,0,0,0,0,0,0
2013,192747,1500,Kia,gasolina,automatica,4x2,particular,urbano,1,1,0,0,0,1,0,1
2004,382417,1600,Chevrolet,gasolina,manual,4x2,particular,rural,1,0,0,1,0,0,1,0
2000,450000,2000,Ford,gasolina,manual,4x2,particular,urbano,1,1,0,1,0,1,0,1
2017,103051,1000,Renault,gasolina,manual,4x2,particular,urbano,0,0,0,0,0,0,1,0
2001,450000,2000,Honda,gasolina,manual,4x2,publico,rural,1,1,1,1,1,0,0,1
2020,76280,1600,Chevrolet,gasolina,automatica,4x2,particular,urbano,0,1,0,0,0,0,0,1
2013,192291,2400,Toyota,gasolina,automatica,4x2,particular,urbano,0,0,0,0,0,0,1,1
2014,113965,1000,Kia,gasolina,automatica,4x2,particular,urbano,1,0,0,0,0,1,0,1
2002,450000,1500,Hyundai,gasolina,manual,4x2,particular,urbano,0,1,0,1,1,1,0,1
2001,450000,1800,Toyota,gasolina,manual,4x4,particular,urbano,1,1,1,1,1,0,1,1
2019,58875,1200,Chevrolet,gasolina,manual,4x2,particular,rural,0,0,0,0,0,0,0,0
2018,95373,1000,Kia,diesel,manual,4x2,particular,rural,0,1,0,1,1,1,0,0
2004,360265,1400,Chevrolet,gasolina,manual,4x4,particular,urbano,1,1,1,1,1,1,1,1
2002,262823,1200,Renault,gasolina,automatica,4x2,particular,urbano,0,1,1,1,1,1,1,1
2013,346177,1600,Renault,gasolina,manual,4x4,publico,urbano,1,1,1,0,1,1,1,1
1998,381162,2400,Dodge,gasolina,manual,4x2,particular,urbano,1,0,1,1,1,1,1,0
2020,74858,1000,Chevrolet,diesel,manual,4x2,particular,rural,0,0,0,0,0,1,0,0
2018,72697,1800,Dodge,gasolina,manual,4x2,particular,urbano,0,0,0,0,0,0,0,1
2006,450000,1000,Chevrolet,diesel,manual,4x2,publico,rural,1,1,1,1,1,1,0,1
2016,146405,2000,Toyota,gasolina,manual,4x2,particular,urbano,1,0,0,0,0,0,1,0
1998,296064,1400,Nissan,gasolina,automatica,4x2,particular,rural,0,1,0,1,1,1,1,0
2018,82535,2400,Hyundai,gasolina,manual,4x4,particular,urbano,0,0,0,0,0,0,0,0
2004,245481,1800,Hyundai,gasolina,manual,4x4,particular,urbano,0,0,1,1,1,0,1,1
2006,319079,1200,Chevrolet,gasolina,automatica,4x2,particular,rural,1,1,1,0,0,1,0,1
2001,337094,1200,Renault,diesel,manual,4x2,particular,urbano,0,0,1,1,0,0,1,0
2002,420621,2400,Toyota,gasolina,automatica,4x2,particular,rural,0,1,1,1,1,1,0,1
2018,117152,2000,Volkswagen,gasolina,manual,4x2,particular,urbano,0,0,0,1,1,1,0,1
2023,17249,1500,Kia,gasolina,automatica,4x4,particular,rural,0,0,0,0,0,0,0,0
2021,37197,1400,Ford,diesel,manual,4x2,publico,urbano,0,0,0,0,0,0,0,1
2008,308575,1000,Kia,gasolina,manual,4x4,particular,urbano,0,1,0,1,1,1,0,1
2002,268002,1000,Chevrolet,gasolina,manual,4x2,particular,rural,1,1,1,1,0,1,1,1
1999,450000,2000,Ford,gasolina,automatica,4x2,particular,urbano,1,1,1,1,1,1,0,1
2014,153254,1400,Renault,diesel,automatica,4x2,publico,urbano,1,1,0,0,0,1,1,1
2019,115847,1200,Chevrolet,diesel,automatica,4x2,publico,rural,0,0,0,0,0,1,0,1
2011,214987,1000,Kia,gas,manual,4x2,particular,urbano,0,0,0,0,1,0,1,1
2018,72980,1500,Nissan,gasolina,automatica,4x2,particular,urbano,0,1,1,1,1,0,0,1
1998,450000,1200,Renault,gasolina,manual,4x2,publico,rural,1,1,0,1,1,1,1,1
2001,450000,1200,Renault,gasolina,automatica,4x2,publico,urbano,1,1,1,1,1,0,1,1
2009,215796,2000,Honda,gasolina,manual,4x2,particular,rural,0,1,1,1,1,0,1,1
2006,244328,1600,Toyota,gasolina,manual,4x2,particular,urbano,1,1,1,0,0,1,0,1
2010,189942,1000,Kia,gasolina,automatica,4x4,particular,urbano,1,0,1,0,0,1,0,1
2008,225354,1500,Renault,gasolina,manual,4x2,particular,rural,1,0,1,1,0,1,1,1
2015,158765,1000,Suzuki,gasolina,automatica,4x2,particular,urbano,0,1,1,1,1,0,1,0
2008,208002,1200,Chevrolet,gasolina,automatica,4x4,particular,urbano,1,0,1,1,1,1,1,1
2000,450000,1800,Ford,gasolina,automatica,4x4,particular,urbano,1,1,1,0,1,1,0,1
2014,115224,1500,Renault,gasolina,manual,4x4,particular,urbano,0,1,0,1,1,0,0,1
2004,370504,1200,Renault,gas,automatica,4x2,particular,urbano,1,1,0,1,1,0,1,0
2014,340410,1600,Volkswagen,gasolina,manual,4x4,publico,urbano,1,0,1,1,1,1,0,0
2020,55780,2000,Ford,gasolina,automatica,4x2,particular,urbano,0,0,0,0,0,0,0,0
2022,31653,1800,Toyota,gasolina,automatica,4x2,publico,urbano,0,0,1,0,0,0,0,0
2006,369539,1600,Kia,gasolina,manual,4x2,particular,urbano,0,1,1,1,1,1,0,1
2001,397887,1000,Renault,gas,automatica,4x2,publico,urbano,0,1,1,1,1,1,1,1
2003,282657,1400,Suzuki,diesel,manual,4x2,particular,rural,0,1,0,1,1,0,1,0
2009,178295,1200,Kia,gas,automatica,4x2,particular,rural,1,1,0,1,0,0,0,1
2008,242963,1400,Mazda,gasolina,automatica,4x2,particular,urbano,1,1,1,1,1,0,1,1
2017,82141,1600,Chevrolet,gasolina,automatica,4x2,particular,urbano,0,0,0,0,0,0,0,0
1998,450000,1400,Chevrolet,gas,automatica,4x2,publico,rural,1,1,1,1,1,1,0,0
2022,38251,1600,Suzuki,gasolina,automatica,4x2,publico,urbano,0,0,0,0,1,0,1,1
2022,44697,1600,Renault,diesel,manual,4x2,publico,rural,0,1,1,1,0,0,0,1
2010,265823,1600,Toyota,gasolina,automatica,4x2,particular,urbano,0,0,1,1,0,1,0,1
2019,61999,1000,Chevrolet,diesel,manual,4x2,particular,rural,1,1,0,0,0,1,0,1
2022,83252,1800,Volkswagen,gasolina,manual,4x2,publico,rural,0,1,0,1,0,0,0,1
2013,133742,1800,Volkswagen,gasolina,automatica,4x4,particular,urbano,0,1,1,0,0,0,0,1
2006,243257,2000,Dodge,diesel,automatica,4x2,particular,rural,0,1,0,1,1,0,1,1
2005,313691,1500,Mazda,diesel,manual,4x2,publico,rural,0,1,1,1,0,1,1,1
1998,276000,1600,Kia,gas,automatica,4x2,particular,rural,1,1,1,0,0,1,1,1
2002,294732,1000,Chevrolet,gas,manual,4x2,particular,urbano,0,1,0,0,0,0,1,1
2001,226950,3000,Peugeot,gasolina,manual,4x2,particular,urbano,1,1,0,1,0,1,1,1
1998,375228,1500,Nissan,diesel,automatica,4x2,particular,urbano,1,1,1,1,0,1,1,1
2006,258889,1400,Kia,gasolina,manual,4x2,particular,urbano,1,1,0,0,1,1,0,1
2006,248101,1600,Chevrolet,gasolina,manual,4x2,particular,urbano,0,1,1,0,1,1,0,1
2020,41262,1400,Mazda,gasolina,manual,4x2,particular,urbano,0,0,1,0,1,0,0,1
2002,258736,1200,Chevrolet,gasolina,automatica,4x2,particular,rural,0,1,1,1,1,1,0,0
2010,288814,1500,Hyundai,gasolina,manual,4x2,particular,rural,0,0,1,0,1,1,0,1
2013,146121,1400,Hyundai,gas,automatica,4x2,particular,rural,1,1,1,0,0,0,0,1
2006,386381,1000,Renault,diesel,manual,4x4,particular,urbano,1,1,1,1,1,1,1,1
2010,223201,1600,Kia,gas,automatica,4x2,particular,urbano,1,1,0,1,1,0,1,1
2017,72271,1500,Kia,gasolina,manual,4x4,particular,urbano,0,0,0,0,0,0,0,0
2018,78901,2400,Toyota,gasolina,automatica,4x4,particular,urbano,0,0,1,0,0,0,0,0
2000,258239,1600,Renault,gasolina,automatica,4x2,particular,rural,1,1,1,1,0,1,1,1
2013,108658,1200,Chevrolet,diesel,manual,4x2,particular,urbano,1,1,0,0,0,0,0,1
2001,309892,1800,Volkswagen,gasolina,automatica,4x2,particular,rural,1,1,0,1,1,1,1,1
1998,426766,1400,Chevrolet,gasolina,manual,4x2,particular,urbano,0,1,1,0,1,0,1,1
2017,168769,1500,Chevrolet,gasolina,automatica,4x2,particular,urbano,0,0,0,0,0,0,0,0
2020,106607,2400,Hyundai,gasolina,automatica,4x4,publico,rural,1,0,1,1,1,0,1,1
2021,39725,1500,Hyundai,gasolina,manual,4x2,particular,urbano,0,0,0,0,1,0,0,0
2001,450000,1000,Renault,gasolina,manual,4x4,publico,urbano,1,0,1,1,1,1,1,1
2019,80330,1500,Kia,gasolina,manual,4x2,particular,rural,0,0,0,0,0,0,0,0
2012,204330,1200,Kia,gasolina,manual,4x2,particular,urbano,1,1,0,0,0,0,0,1
2015,105748,1800,Honda,diesel,manual,4x2,particular,urbano,1,1,0,1,1,0,0,1
2017,128625,2400,Honda,gasolina,manual,4x2,particular,rural,0,1,0,0,0,0,0,0
2021,81882,1800,Toyota,gasolina,automatica,4x2,publico,urbano,0,0,0,0,0,0,0,1
2021,50897,1400,Mazda,gas,manual,4x2,particular,urbano,0,0,0,0,0,0,0,0
2019,83576,2400,Hyundai,gasolina,automatica,4x2,particular,urbano,0,0,0,1,1,0,0,0
2019,78243,1800,Volkswagen,gasolina,manual,4x2,particular,urbano,0,0,0,0,0,0,0,0
2009,437562,1600,Suzuki,gasolina,manual,4x4,publico,rural,1,0,1,1,1,0,1,1
2002,328558,1600,Honda,gasolina,manual,4x2,particular,urbano,0,0,1,1,0,0,1,0
2014,134987,1400,Nissan,diesel,automatica,4x2,publico,rural,1,1,1,1,0,1,0,1
2015,158499,1600,Chevrolet,diesel,automatica,4x2,particular,rural,0,0,0,1,0,0,0,1
2020,64768,1600,Renault,diesel,manual,4x2,particular,urbano,0,0,0,0,0,0,0,0
2010,140541,2400,Mazda,gasolina,automatica,4x2,particular,urbano,0,1,1,0,0,0,1,0
2010,194829,1400,Kia,gasolina,automatica,4x4,particular,urbano,1,0,1,1,0,0,0,1
2022,21339,1800,Nissan,gasolina,automatica,4x4,particular,rural,0,0,0,0,1,0,0,0
2002,450000,1200,Kia,diesel,automatica,4x2,publico,urbano,0,1,1,1,0,1,1,1
2016,121354,1000,Suzuki,gasolina,automatica,4x4,particular,rural,0,0,0,1,1,1,0,0
1998,450000,1400,Chevrolet,gasolina,automatica,4x2,particular,urbano,1,0,1,1,1,0,1,1
1999,450000,1800,Honda,gasolina,automatica,4x2,particular,urbano,0,1,1,1,1,1,1,1
2013,188141,1200,Kia,diesel,manual,4x2,particular,urbano,0,0,0,0,1,0,0,0
2006,234393,1200,Chevrolet,gasolina,manual,4x2,particular,urbano,0,1,1,1,0,0,0,1
2015,72194,1600,Suzuki,diesel,manual,4x4,particular,urbano,0,0,1,1,0,0,0,0
2010,226394,1500,Mazda,gasolina,manual,4x2,particular,urbano,1,1,1,0,0,0,0,1
1999,450000,1600,Toyota,gasolina,automatica,4x2,publico,urbano,1,1,1,1,1,1,1,1
2014,248949,1000,Renault,gasolina,automatica,4x4,publico,rural,1,1,1,0,0,0,0,1
2013,198337,1400,Chevrolet,diesel,automatica,4x4,particular,rural,0,0,1,1,1,1,0,1
2010,113256,1600,Kia,diesel,manual,4x2,particular,urbano,1,0,0,0,1,1,1,1
2011,165501,1600,Kia,gasolina,manual,4x2,particular,rural,1,1,0,0,1,0,1,1
2015,89428,1500,Mazda,gasolina,automatica,4x2,particular,rural,1,0,0,0,1,0,0,0
2006,221277,1000,Renault,diesel,automatica,4x2,particular,urbano,0,1,1,1,0,1,1,1
2016,137617,1400,Renault,gasolina,automatica,4x2,particular,urbano,1,1,0,0,1,0,1,1
1998,450000,1500,Nissan,gasolina,automatica,4x2,publico,urbano,1,1,0,1,0,1,0,1
2021,77496,1800,Volkswagen,diesel,manual,4x2,publico,urbano,1,0,0,1,1,0,0,1
2013,163743,1400,Mazda,gas,manual,4x2,particular,urbano,1,0,0,0,1,1,0,1
2008,326692,1600,Chevrolet,gasolina,manual,4x4,publico,rural,0,1,1,0,1,1,0,1
2020,28045,3500,Mitsubishi,diesel,manual,4x2,particular,urbano,0,0,0,0,1,0,0,1
2005,293528,2000,Honda,gasolina,manual,4x2,particular,urbano,1,0,1,1,0,1,1,1
2013,336261,1000,Suzuki,gasolina,manual,4x2,publico,rural,1,1,0,1,1,0,0,1
2021,53884,1600,Toyota,gasolina,manual,4x4,particular,urbano,0,0,0,0,0,1,0,0
2004,212394,1500,Ford,gas,manual,4x2,particular,urbano,0,1,0,1,0,1,0,0
2018,104888,1000,Renault,gasolina,manual,4x2,publico,urbano,0,0,0,1,0,0,1,1
2011,103123,1800,Hyundai,gas,automatica,4x4,particular,rural,1,1,1,1,0,1,0,1
2021,97260,1600,Honda,gasolina,manual,4x4,publico,rural,0,0,0,1,1,0,0,0
2021,76540,1000,Renault,gas,automatica,4x2,publico,rural,1,0,0,1,0,0,1,1
2011,229635,2500,Mitsubishi,gasolina,manual,4x2,particular,urbano,1,1,0,1,0,1,0,1
2013,321738,1600,Honda,gasolina,automatica,4x4,publico,urbano,1,0,0,0,1,0,0,0
2020,128783,2000,Mazda,gasolina,automatica,4x2,publico,urbano,0,0,0,1,1,0,0,0
2019,61721,1400,Chevrolet,gasolina,manual,4x4,particular,urbano,0,0,0,0,1,0,0,0
2019,75312,1400,Suzuki,diesel,manual,4x2,particular,rural,0,0,0,0,0,0,0,0
2013,189712,2000,Dodge,diesel,manual,4x2,particular,rural,0,0,0,1,1,0,0,1
2023,21263,1400,Renault,gasolina,manual,4x4,particular,urbano,0,0,0,0,0,0,0,0
2010,224147,2500,Dodge,diesel,manual,4x2,particular,urbano,1,1,1,1,0,1,0,1
2016,159526,1600,Mazda,gasolina,manual,4x4,particular,urbano,1,0,1,0,1,0,0,0
2016,129521,1600,Ford,gasolina,manual,4x4,particular,urbano,0,0,0,0,0,0,0,1
2002,346790,1600,Volkswagen,gasolina,manual,4x2,particular,rural,1,1,1,1,1,0,1,0
2018,63404,1200,Kia,gasolina,automatica,4x2,particular,urbano,0,1,1,0,1,0,0,1
2000,450000,1600,Suzuki,diesel,manual,4x2,publico,urbano,0,1,1,1,1,1,0,1
2005,321562,1500,Ford,gasolina,manual,4x4,particular,urbano,1,0,1,0,1,1,1,1
2012,80616,2400,Hyundai,gasolina,manual,4x2,particular,rural,0,0,0,1,0,0,0,1
2021,73886,1500,Renault,diesel,automatica,4x4,publico,urbano,0,0,0,0,0,0,1,1
2008,262262,3000,Mitsubishi,gasolina,manual,4x2,particular,urbano,0,0,1,1,1,1,0,0
2012,173730,2500,Mitsubishi,gasolina,automatica,4x2,particular,rural,0,0,1,1,1,0,1,0
2004,398651,1500,Renault,gasolina,manual,4x4,particular,rural,1,0,1,1,0,0,0,1
2002,450000,1500,Suzuki,gasolina,manual,4x2,publico,urbano,1,0,1,1,1,1,0,1
2007,150848,1600,Volkswagen,gasolina,manual,4x2,particular,urbano,1,0,0,1,0,1,0,1
2016,197632,1500,Chevrolet,gas,automatica,4x4,publico,urbano,0,1,0,1,0,0,0,1
2019,91087,2000,Honda,gasolina,manual,4x4,particular,rural,0,0,0,0,0,1,0,0
2003,225801,1800,Dodge,gasolina,manual,4x2,particular,rural,1,1,0,0,1,1,1,1
2017,93505,3500,Mitsubishi,diesel,automatica,4x2,particular,rural,0,0,0,0,0,0,0,0
2014,126909,2400,Volkswagen,gasolina,manual,4x2,particular,urbano,0,0,0,0,0,0,1,0
2010,232741,3000,Dodge,gas,automatica,4x2,particular,urbano,1,0,0,1,1,1,1,0
2001,423869,2000,Hyundai,gasolina,automatica,4x2,particular,urbano,1,0,1,1,1,1,0,1
2014,157421,1400,Chevrolet,gasolina,automatica,4x4,particular,urbano,0,1,0,0,0,0,0,0
1998,450000,1400,Toyota,gasolina,manual,4x2,publico,rural,0,1,1,1,1,1,1,0
2002,330376,1400,Suzuki,gasolina,automatica,4x2,particular,rural,1,1,1,0,1,1,1,1
2011,280884,1800,Mazda,gasolina,automatica,4x2,particular,urbano,0,1,0,1,0,1,0,0
2013,352067,1400,Renault,gas,manual,4x2,publico,urbano,1,0,1,1,0,1,0,1
2005,450000,2000,Mitsubishi,gasolina,manual,4x2,publico,rural,1,0,1,0,1,1,1,1
2019,102562,1600,Chevrolet,gasolina,automatica,4x2,particular,urbano,0,0,1,0,0,0,0,0
2011,321122,1800,Hyundai,gasolina,manual,4x2,publico,urbano,0,0,0,0,0,1,0,1
2011,353738,1500,Honda,gasolina,automatica,4x2,publico,rural,0,0,1,0,0,0,0,1
2002,410807,1000,Chevrolet,diesel,automatica,4x2,particular,urbano,0,1,1,1,1,1,1,1
2007,263243,1400,Chevrolet,gasolina,manual,4x2,particular,urbano,0,1,0,1,1,1,1,0
2023,11412,2400,Ford,gasolina,automatica,4x2,particular,urbano,0,0,0,1,0,0,0,0
2008,341173,1600,Mazda,gasolina,automatica,4x4,particular,rural,0,0,1,1,0,1,1,1
2011,265751,1600,Honda,gasolina,manual,4x2,publico,urbano,0,1,0,1,0,0,1,0
2006,237387,1400,Renault,gas,automatica,4x2,particular,urbano,1,1,0,0,0,1,1,0
2007,114630,2400,Volkswagen,gasolina,manual,4x2,particular,rural,1,1,0,0,0,0,0,0
2008,246562,1800,Mazda,gasolina,manual,4x2,particular,rural,0,1,0,1,1,0,1,1
2011,430247,1500,Volkswagen,gasolina,manual,4x2,publico,urbano,1,1,1,1,1,1,0,1
2003,350816,1600,Mazda,gasolina,manual,4x4,particular,urbano,1,0,1,0,1,1,0,1
2007,450000,2400,Mazda,gasolina,manual,4x2,publico,urbano,0,1,0,1,1,1,0,0
2016,192241,2000,Mazda,gas,manual,4x2,publico,rural,1,0,1,0,1,1,1,1
2007,222693,1000,Chevrolet,gasolina,automatica,4x2,particular,rural,1,1,0,1,1,1,0,1
2004,326239,2000,Volkswagen,gasolina,manual,4x2,particular,urbano,0,0,0,0,1,1,1,1
2009,269071,1600,Chevrolet,gasolina,manual,4x2,particular,urbano,0,1,0,0,0,1,0,1
2009,290821,2400,Toyota,diesel,automatica,4x2,particular,rural,0,1,1,1,0,1,1,1
2009,234027,2400,Nissan,gasolina,manual,4x2,particular,urbano,1,1,1,0,1,1,1,1
2004,450000,1400,Renault,gasolina,automatica,4x2,publico,rural,0,1,1,1,1,0,0,0
2020,62486,1000,Chevrolet,gas,manual,4x4,particular,rural,0,0,0,1,1,0,0,0
2003,240672,1400,Ford,gasolina,manual,4x2,particular,urbano,1,1,0,1,0,0,1,1
2016,84287,1800,Nissan,gasolina,manual,4x2,particular,urbano,1,0,0,0,0,0,0,1
2007,258328,1600,Chevrolet,gasolina,automatica,4x4,particular,urbano,1,1,1,1,0,1,1,1
2019,70748,1200,Chevrolet,diesel,automatica,4x2,particular,urbano,1,0,0,0,1,0,0,0
2012,275398,1400,Hyundai,gasolina,manual,4x4,publico,rural,1,1,1,1,0,1,1,1
2005,224220,3500,Peugeot,gasolina,automatica,4x2,particular,urbano,1,1,1,0,1,1,1,1
2003,238541,2400,Ford,gasolina,manual,4x2,particular,urbano,0,1,1,1,1,0,1,1
2019,90244,1600,Kia,gasolina,manual,4x4,particular,urbano,0,0,0,1,0,0,0,1
2001,404669,1200,Chevrolet,gasolina,automatica,4x2,particular,urbano,0,1,1,0,1,0,1,0
2006,336805,1400,Chevrolet,diesel,automatica,4x2,particular,rural,0,0,1,0,0,1,1,1
2007,246106,1200,Renault,gasolina,automatica,4x2,particular,urbano,1,1,0,0,1,0,0,1
2004,402615,1800,Volkswagen,gasolina,automatica,4x2,particular,urbano,1,1,1,1,1,1,1,1
2016,100118,1400,Volkswagen,gasolina,manual,4x2,particular,urbano,0,0,0,0,0,1,0,0
2014,150441,1400,Volkswagen,gasolina,manual,4x4,particular,urbano,1,0,0,1,1,0,1,0
2010,161342,1000,Chevrolet,gasolina,manual,4x2,particular,rural,0,1,1,1,0,1,0,1
2012,275667,1600,Mazda,gasolina,manual,4x2,publico,urbano,1,1,1,1,0,1,0,1
2017,97671,1500,Mazda,gas,manual,4x2,particular,urbano,1,0,1,0,0,1,0,1
2000,272589,2400,Volkswagen,gasolina,manual,4x2,particular,urbano,1,1,1,0,1,1,1,0
2004,368709,1800,Mazda,gasolina,automatica,4x2,particular,urbano,1,1,1,1,1,0,0,1
2015,180786,2000,Dodge,diesel,automatica,4x2,particular,urbano,0,1,1,1,0,0,0,0
2011,151068,1400,Kia,gasolina,automatica,4x2,particular,urbano,1,0,1,0,0,1,1,1
2006,259381,2400,Hyundai,diesel,manual,4x2,particular,urbano,1,1,0,1,0,1,0,0
2009,225271,1500,Renault,diesel,manual,4x2,particular,urbano,1,0,1,1,1,1,0,0
2017,125315,1600,Volkswagen,diesel,manual,4x2,particular,urbano,0,1,0,0,0,0,1,0
2021,61929,1200,Kia,diesel,manual,4x2,publico,urbano,0,0,0,0,0,0,0,1
2003,281339,2000,Ford,gas,manual,4x2,particular,urbano,1,1,1,0,1,0,1,1
2023,15259,1000,Suzuki,gasolina,automatica,4x2,particular,urbano,1,0,0,0,0,0,0,0
2001,450000,2000,Toyota,gasolina,manual,4x2,publico,urbano,1,1,1,1,1,1,1,0
2019,96217,3500,Dodge,gasolina,manual,4x2,particular,urbano,0,0,0,0,1,0,0,1
2017,91130,1500,Mazda,diesel,manual,4x2,particular,rural,1,0,0,1,1,0,0,0
1999,315366,2000,Mazda,gasolina,automatica,4x4,particular,urbano,1,1,1,0,1,1,1,1
2000,450000,1600,Chevrolet,diesel,manual,4x4,publico,urbano,1,1,0,1,1,1,1,1
2022,26629,1600,Hyundai,gasolina,manual,4x2,particular,rural,1,0,0,0,0,1,0,0
2021,63492,1000,Chevrolet,gasolina,automatica,4x2,publico,urbano,0,1,1,1,0,0,0,0
2010,149432,1200,Renault,diesel,manual,4x4,particular,urbano,1,1,0,1,0,1,1,1
2006,450000,1600,Volkswagen,gas,automatica,4x2,publico,urbano,1,1,1,1,1,0,1,1
2023,14224,1800,Toyota,gasolina,manual,4x2,particular,rural,0,0,0,1,1,0,0,0
2022,71537,1400,Chevrolet,gasolina,manual,4x2,publico,urbano,0,0,0,1,0,1,0,0
2015,151276,1000,Kia,diesel,automatica,4x2,particular,rural,1,1,1,1,1,1,0,1
2007,450000,1400,Mazda,diesel,manual,4x2,publico,rural,1,1,1,0,1,1,0,1
2012,240175,1200,Renault,diesel,manual,4x2,publico,urbano,1,1,1,0,0,0,1,1
2016,103078,1600,Chevrolet,gasolina,manual,4x2,particular,rural,0,1,1,1,1,0,1,1
2005,450000,1500,Chevrolet,gasolina,automatica,4x2,publico,rural,1,1,0,1,1,1,0,1
2008,182450,2000,Mazda,gasolina,automatica,4x4,particular,urbano,1,0,1,1,0,0,0,0
2017,82050,1800,Mitsubishi,diesel,manual,4x4,particular,urbano,0,0,0,0,1,0,0,1
2002,450000,1500,Toyota,gasolina,manual,4x2,publico,rural,1,1,1,1,1,1,1,1
2023,14245,1400,Hyundai,diesel,manual,4x4,particular,urbano,0,0,0,0,0,0,0,0
1998,450000,2000,Mazda,gasolina,automatica,4x4,particular,urbano,1,0,1,0,1,0,1,1
2022,47091,2000,Volkswagen,gasolina,automatica,4x2,particular,urbano,0,1,0,0,0,0,0,0
2007,93189,1500,Renault,gasolina,manual,4x2,particular,rural,1,1,0,0,1,1,0,1
2016,118394,1500,Kia,gasolina,manual,4x4,particular,urbano,1,0,0,1,0,0,1,1
2019,72575,1000,Renault,gasolina,manual,4x2,particular,urbano,0,0,1,1,0,0,0,0
2020,95106,1400,Honda,gasolina,automatica,4x2,publico,urbano,0,0,1,0,0,1,0,1
2013,160523,2400,Toyota,gasolina,automatica,4x2,particular,rural,0,1,1,1,0,0,0,1
2015,69490,2000,Mazda,diesel,manual,4x2,particular,urbano,0,1,1,1,0,1,0,1
2003,288377,1600,Kia,diesel,automatica,4x2,particular,rural,1,1,1,0,1,1,1,0
1998,352668,1200,Suzuki,gasolina,manual,4x2,particular,urbano,1,1,1,0,0,1,1,1
2003,295164,1400,Ford,gasolina,manual,4x4,particular,rural,0,0,1,1,1,0,0,1
2019,95443,1000,Kia,diesel,manual,4x4,publico,urbano,0,1,0,0,0,0,0,0
2012,152033,1500,Chevrolet,gasolina,automatica,4x4,particular,urbano,1,0,1,0,0,0,1,1
2004,324525,1400,Nissan,gasolina,manual,4x2,particular,urbano,0,1,1,1,1,0,1,1
2013,297469,2400,Mazda,gasolina,manual,4x4,publico,rural,1,1,0,1,1,1,1,1
1999,430626,1600,Chevrolet,gasolina,automatica,4x4,publico,urbano,1,0,1,1,1,1,0,0
2004,298260,1400,Fiat,gasolina,automatica,4x4,publico,rural,0,1,1,1,1,0,0,1
2021,47448,1500,Renault,gasolina,manual,4x2,particular,urbano,0,0,0,0,0,0,0,0
2010,350667,1500,Mazda,diesel,automatica,4x4,publico,urbano,1,1,1,0,0,0,1,1
2016,139933,3500,Dodge,gasolina,manual,4x4,particular,urbano,1,0,1,0,0,0,0,1
2004,412539,1000,Suzuki,gasolina,manual,4x2,particular,rural,1,1,1,1,1,1,1,1
2000,450000,1600,Chevrolet,diesel,manual,4x2,particular,urbano,0,1,1,1,1,0,1,1
2005,342633,1200,Chevrolet,gasolina,automatica,4x2,particular,rural,1,1,1,1,0,1,0,1
2002,189338,1000,Suzuki,diesel,manual,4x2,particular,rural,0,0,0,1,1,1,1,0
2003,409754,1000,Kia,gasolina,automatica,4x2,publico,rural,1,1,1,1,1,1,1,1
2020,57726,1800,Mazda,gasolina,manual,4x2,particular,rural,0,1,0,0,0,0,0,1
2020,24338,1200,Kia,gasolina,automatica,4x2,particular,urbano,0,1,0,0,1,0,0,1
2021,74790,1000,Chevrolet,gasolina,manual,4x2,particular,urbano,0,1,0,0,1,0,0,0
2004,450000,1400,Renault,gasolina,manual,4x2,publico,urbano,1,0,1,0,0,1,1,1
2006,222318,1400,Chevrolet,gasolina,automatica,4x2,particular,rural,0,1,1,1,1,0,0,1
2017,161891,2500,Mitsubishi,gas,manual,4x4,publico,rural,0,1,1,0,0,1,0,1
2012,161200,1200,Chevrolet,gasolina,manual,4x2,particular,urbano,1,1,1,0,1,0,0,1
1998,450000,1400,Chevrolet,diesel,manual,4x4,publico,rural,1,1,0,1,0,0,1,1
2003,211438,1600,Kia,gasolina,manual,4x2,particular,rural,0,1,1,1,1,1,0,0
2000,417117,1500,Toyota,gasolina,manual,4x2,particular,urbano,0,1,0,0,0,0,1,0
2013,154311,1200,Fiat,gasolina,automatica,4x2,particular,urbano,0,0,0,0,1,1,0,0
2016,218123,2000,Ford,gasolina,manual,4x4,publico,rural,1,1,1,1,0,0,1,1
2002,318302,1600,Suzuki,diesel,automatica,4x2,particular,urbano,1,1,1,1,1,1,1,1
2001,379438,1400,Renault,gas,manual,4x2,particular,urbano,0,1,0,1,1,0,0,0
1999,414791,1800,Mazda,gasolina,manual,4x2,particular,urbano,0,1,0,1,1,1,1,0
2020,146758,1400,Renault,gasolina,manual,4x2,publico,urbano,0,0,0,1,0,0,1,0
2006,253681,2000,Volkswagen,diesel,manual,4x2,particular,rural,0,1,0,0,1,1,1,0
2014,201912,1200,Renault,diesel,manual,4x2,particular,rural,0,1,0,0,0,1,0,0
2017,54038,1800,Toyota,diesel,manual,4x4,particular,urbano,0,0,0,1,0,0,0,0
2001,312900,2400,Hyundai,gasolina,automatica,4x2,particular,urbano,0,0,1,0,1,0,1,0
2002,377204,1400,Chevrolet,gasolina,manual,4x2,particular,urbano,1,1,0,1,0,1,0,1
2009,263565,1600,Ford,diesel,manual,4x4,particular,rural,0,0,1,1,1,1,0,1
2006,250807,1400,Toyota,gas,manual,4x2,particular,urbano,0,0,0,1,0,0,1,0
2020,59446,1500,Hyundai,diesel,automatica,4x2,particular,rural,0,0,1,0,0,0,1,0
2013,160470,1200,Kia,gasolina,automatica,4x2,publico,rural,1,0,1,0,1,0,0,1
2010,450000,1200,Chevrolet,gasolina,manual,4x4,publico,rural,1,1,1,0,1,1,0,1
2012,211716,1500,Renault,gasolina,manual,4x4,particular,rural,1,1,0,1,1,0,0,1
2018,45146,1600,Ford,gasolina,automatica,4x2,particular,rural,0,0,0,1,0,0,0,0
2001,323539,1200,Kia,diesel,automatica,4x4,particular,urbano,1,0,1,0,1,0,1,1
2000,239185,1500,Renault,gas,manual,4x2,particular,urbano,1,1,1,0,1,1,1,1
2014,147534,1400,Ford,diesel,automatica,4x2,particular,urbano,1,0,0,0,1,0,0,0
2003,327808,1200,Renault,gasolina,manual,4x2,particular,urbano,0,1,0,0,1,1,0,0
2008,325983,1600,Chevrolet,gasolina,automatica,4x2,particular,urbano,0,0,0,1,1,0,0,0
2014,116046,1500,Chevrolet,gasolina,automatica,4x2,particular,urbano,0,1,1,0,1,1,0,0
2016,124586,1200,Chevrolet,gasolina,manual,4x2,particular,urbano,1,1,0,1,1,0,0,0
2019,75876,2400,Hyundai,gas,manual,4x2,particular,urbano,0,0,0,0,0,0,1,0
2014,340584,1000,Renault,gasolina,automatica,4x2,publico,urbano,1,1,1,1,0,1,0,1
2020,75672,1800,Dodge,gasolina,manual,4x4,publico,urbano,0,0,1,1,0,1,0,1
1999,412457,1800,Toyota,gasolina,manual,4x4,particular,urbano,1,1,0,1,0,0,0,1
2004,450000,1200,Chevrolet,gasolina,manual,4x2,publico,rural,1,1,1,1,1,1,1,1
1999,387091,1200,Chevrolet,gasolina,manual,4x2,particular,rural,1,0,1,1,1,0,0,0
2007,325790,1800,Volkswagen,gasolina,automatica,4x2,particular,urbano,0,0,0,0,0,0,1,0
2021,49430,1200,Renault,diesel,manual,4x4,particular,urbano,0,0,0,0,0,0,0,0
2001,435296,1600,Nissan,gasolina,manual,4x2,particular,urbano,0,0,1,1,1,0,0,0
1998,263346,1800,Volkswagen,gasolina,manual,4x4,particular,urbano,1,1,1,1,0,1,1,1
2021,60083,1500,Renault,gasolina,manual,4x4,particular,urbano,0,0,0,0,0,0,0,0
2015,176606,1400,Mazda,gasolina,automatica,4x4,particular,rural,1,0,0,0,0,0,1,0
2001,244352,1000,Renault,diesel,manual,4x2,particular,rural,0,1,1,1,1,1,0,0
2001,388339,1200,Chevrolet,diesel,manual,4x4,publico,urbano,0,1,1,1,1,1,1,1
2008,317485,1200,Suzuki,gas,manual,4x2,particular,urbano,1,0,1,0,0,0,0,1
2011,257713,1000,Kia,diesel,automatica,4x2,particular,rural,1,0,0,1,1,0,0,0
2011,164897,1500,Hyundai,diesel,manual,4x2,particular,urbano,0,0,1,1,0,1,0,1
2002,365461,1400,Honda,gasolina,automatica,4x2,particular,urbano,1,1,1,0,1,1,1,1
2022,31092,2400,Nissan,gasolina,automatica,4x4,particular,urbano,0,0,0,0,0,0,0,0
2021,36419,1600,Renault,gasolina,manual,4x2,particular,urbano,0,1,0,0,0,0,0,0
2006,327042,1800,Ford,gasolina,manual,4x4,particular,urbano,1,0,0,1,0,1,1,0
2012,366126,1400,Renault,gasolina,manual,4x2,publico,rural,1,0,0,1,1,1,1,1
2014,197967,1400,Renault,gasolina,automatica,4x2,particular,rural,0,0,1,1,0,1,0,1
2015,126856,1500,Chevrolet,gasolina,automatica,4x2,particular,rural,0,1,0,0,1,1,0,0
2014,212013,1400,Chevrolet,gasolina,manual,4x2,particular,rural,0,1,1,1,1,0,1,1
1998,391009,1400,Chevrolet,gasolina,manual,4x4,particular,urbano,0,1,1,0,1,1,0,1
2009,450000,1800,Ford,gasolina,automatica,4x2,publico,rural,1,1,1,1,1,1,1,0
2011,220825,2000,Mazda,gasolina,manual,4x2,particular,urbano,1,0,0,0,1,0,0,1
1999,427990,1000,Chevrolet,gasolina,manual,4x4,publico,urbano,1,1,1,1,1,1,0,1
2017,113597,1400,Renault,diesel,automatica,4x4,particular,urbano,0,0,0,0,0,0,1,0
2000,450000,1500,Nissan,gas,automatica,4x2,publico,rural,1,1,1,0,1,1,1,1
2004,210538,1000,Kia,gas,automatica,4x2,particular,rural,0,1,1,1,1,1,0,1
1998,419205,2000,Honda,diesel,manual,4x2,particular,urbano,1,1,1,1,1,0,1,1
2018,83691,1500,Renault,diesel,manual,4x4,particular,urbano,1,0,0,1,0,0,0,1
2012,145687,2000,Toyota,gasolina,automatica,4x2,particular,rural,0,1,1,0,0,0,0,1
2010,251364,2000,Peugeot,gasolina,manual,4x2,particular,urbano,1,1,0,1,0,1,0,1
2008,420697,1800,Hyundai,gasolina,manual,4x2,publico,rural,1,1,1,1,1,0,1,1
2012,252106,1200,Renault,gasolina,manual,4x2,publico,rural,0,1,1,1,1,1,1,1
2018,186750,2500,Mitsubishi,gasolina,manual,4x2,publico,urbano,1,0,1,0,1,1,1,1
2010,201539,1400,Chevrolet,diesel,automatica,4x2,particular,urbano,0,0,0,1,0,0,1,0
2014,204490,1600,Ford,diesel,manual,4x2,publico,urbano,0,0,0,0,0,0,0,1
2018,138120,2000,Mazda,gasolina,automatica,4x2,publico,urbano,1,0,0,1,0,0,1,1
2017,181300,1200,Chevrolet,gasolina,manual,4x2,publico,urbano,1,0,0,0,1,0,0,1
2022,28010,1200,Chevrolet,gasolina,manual,4x4,particular,urbano,1,0,0,0,0,0,0,0
2015,156978,1500,Chevrolet,diesel,automatica,4x4,particular,urbano,0,0,1,1,0,1,0,1
2014,258383,1400,Honda,gasolina,manual,4x2,publico,urbano,1,1,0,0,1,1,1,1
2015,128853,2000,Ford,gasolina,automatica,4x2,particular,rural,0,0,0,0,1,0,1,0
2002,450000,2400,Honda,gasolina,automatica,4x2,particular,urbano,1,1,0,1,0,1,1,1
2015,141560,1400,Suzuki,gasolina,automatica,4x2,particular,rural,1,1,1,0,1,1,0,1
2021,48880,1600,Chevrolet,gasolina,manual,4x2,particular,urbano,0,0,0,0,1,0,0,1
2019,95565,1600,Chevrolet,gasolina,automatica,4x2,particular,urbano,0,1,1,1,0,1,0,1
2004,268313,1500,Chevrolet,gasolina,manual,4x2,particular,rural,1,0,1,1,1,1,0,1
2002,450000,1000,Renault,gasolina,manual,4x2,publico,rural,1,0,0,1,1,1,1,1
2017,102497,1800,Hyundai,gasolina,manual,4x2,particular,rural,0,0,0,0,1,1,0,0
2005,223829,1500,Renault,gasolina,manual,4x2,particular,urbano,0,1,0,0,1,0,0,0
2019,67771,1600,Kia,gas,automatica,4x2,particular,urbano,0,0,1,0,0,0,1,0
2003,223707,1200,Renault,gas,manual,4x2,particular,rural,0,1,1,1,1,1,0,1
2002,269524,1400,Toyota,gasolina,manual,4x2,particular,urbano,0,0,1,1,1,1,1,1
2001,450000,1600,Renault,diesel,manual,4x2,particular,rural,0,1,1,1,1,0,0,1
2008,203430,1500,Mazda,gasolina,automatica,4x2,particular,rural,1,1,1,1,1,0,0,1
2010,322938,1600,Toyota,gasolina,manual,4x4,publico,urbano,1,1,0,1,1,0,1,1
2009,362207,1000,Chevrolet,diesel,manual,4x2,publico,urbano,1,1,1,1,1,1,0,1
2014,103426,2400,Dodge,gasolina,manual,4x4,particular,urbano,0,0,0,0,0,0,1,0
2009,291819,2500,Mitsubishi,gasolina,automatica,4x4,particular,urbano,0,1,0,0,0,1,0,0
2005,176117,1600,Fiat,gasolina,manual,4x4,particular,urbano,1,1,1,0,0,0,1,1
2002,386155,1200,Kia,gasolina,manual,4x2,particular,rural,0,0,1,0,1,0,0,0
2004,300370,2400,Honda,diesel,manual,4x2,particular,urbano,0,1,0,0,1,1,1,0
2014,155603,1000,Kia,gasolina,manual,4x2,particular,urbano,1,1,0,0,0,0,0,0
2019,71498,1400,Mazda,diesel,automatica,4x2,particular,urbano,1,0,0,0,0,1,0,1
2013,341954,2400,Ford,gas,manual,4x2,publico,urbano,1,1,1,1,1,1,0,1
1998,375319,1800,Dodge,gasolina,manual,4x2,particular,urbano,1,0,1,1,1,1,0,0
2022,48865,2000,Toyota,gasolina,manual,4x2,publico,rural,0,0,1,1,1,0,0,1
2009,142906,1600,Mazda,gasolina,automatica,4x2,particular,rural,0,1,0,0,1,0,0,0
2000,419196,2500,Dodge,gasolina,manual,4x2,particular,rural,1,1,1,1,1,1,1,1
2017,209724,1500,Ford,gasolina,manual,4x4,publico,rural,0,0,0,0,1,0,1,0
1998,389449,1000,Renault,gasolina,automatica,4x2,particular,rural,1,1,0,1,1,1,1,1
2023,19059,1600,Chevrolet,gasolina,manual,4x2,publico,rural,0,1,0,0,1,0,0,1
1998,450000,2400,Hyundai,diesel,manual,4x2,particular,urbano,1,1,1,0,0,1,1,1
2004,450000,1000,Kia,gasolina,automatica,4x2,particular,urbano,1,1,0,0,1,1,1,1
1998,225733,1400,Suzuki,gasolina,automatica,4x2,particular,urbano,1,1,1,1,1,0,1,1
2016,43165,1600,Chevrolet,gasolina,automatica,4x2,particular,rural,1,0,0,0,0,0,0,0
2014,146870,1600,Hyundai,diesel,automatica,4x2,particular,urbano,0,0,0,1,0,1,1,0
2015,147804,1500,Renault,diesel,automatica,4x2,particular,rural,1,1,0,1,1,0,0,1
2021,108112,1400,Renault,gasolina,manual,4x2,publico,urbano,0,1,0,0,0,0,0,1
2018,73050,1400,Hyundai,diesel,manual,4x2,particular,urbano,0,0,0,0,0,0,0,0
2003,340616,1500,Volkswagen,gas,manual,4x2,particular,urbano,0,1,1,0,1,1,1,1
2004,364932,1400,Mazda,gasolina,automatica,4x2,particular,urbano,1,1,0,0,0,0,0,1
2002,315149,1800,Nissan,gasolina,manual,4x2,particular,urbano,1,0,1,1,1,1,1,1
2017,86317,1600,Renault,gasolina,automatica,4x2,particular,urbano,1,0,0,0,1,0,0,0
2010,286576,1600,Renault,gasolina,automatica,4x2,particular,urbano,1,1,0,1,1,0,1,1
2001,354670,1800,Honda,gasolina,automatica,4x2,particular,rural,1,1,1,0,1,0,1,1
2019,52763,1400,Volkswagen,gasolina,manual,4x2,particular,urbano,0,1,0,0,0,0,1,0
2019,203171,1400,Mazda,gasolina,manual,4x2,publico,urbano,0,1,1,0,0,0,0,0
2004,266875,1200,Kia,diesel,automatica,4x4,particular,urbano,0,1,0,1,0,1,1,0
2013,149942,1800,Mazda,gasolina,manual,4x2,publico,urbano,1,1,0,0,0,1,0,1
1998,450000,1600,Chevrolet,gasolina,automatica,4x2,publico,urbano,1,0,1,1,1,1,0,1
2000,350885,1600,Renault,gasolina,manual,4x2,publico,urbano,1,1,1,1,1,1,1,1
2022,26574,2400,Nissan,gasolina,automatica,4x2,particular,urbano,0,0,0,0,0,0,0,0
2005,289860,2400,Toyota,gasolina,manual,4x2,particular,urbano,0,1,1,1,1,1,0,1
2007,218853,2000,Ford,gasolina,automatica,4x2,particular,urbano,0,0,0,1,0,0,1,0
2015,143055,1800,Mazda,gas,manual,4x2,particular,urbano,0,1,1,0,0,0,0,1
2004,274107,2400,Toyota,gas,automatica,4x2,particular,urbano,0,0,1,1,0,1,1,0
2022,63048,1400,Kia,gasolina,manual,4x2,publico,urbano,1,0,0,0,0,0,0,1
2011,323465,1600,Kia,diesel,automatica,4x2,publico,urbano,1,0,1,0,1,1,0,1
2010,302773,1500,Chevrolet,gasolina,manual,4x2,particular,urbano,0,1,1,1,1,0,1,1
2008,309050,1600,Toyota,gasolina,automatica,4x2,particular,rural,0,1,1,1,1,1,1,1
2021,51717,1800,Volkswagen,gasolina,manual,4x2,particular,urbano,0,1,0,0,0,0,0,1
1998,445253,1200,Chevrolet,diesel,automatica,4x2,particular,urbano,0,1,1,1,1,1,1,1
2008,450000,2400,Honda,gasolina,automatica,4x2,publico,rural,0,0,1,1,1,1,1,1
2021,44698,2400,Nissan,gasolina,automatica,4x2,particular,urbano,0,1,0,0,0,1,0,0
1999,450000,1500,Renault,gasolina,manual,4x2,particular,rural,1,1,1,1,1,0,0,1
2015,130751,1600,Chevrolet,diesel,manual,4x2,publico,rural,0,0,0,1,0,0,0,0
2020,49671,1500,Kia,gasolina,automatica,4x4,particular,urbano,0,1,0,1,0,0,0,1
1999,398272,2400,Peugeot,gasolina,automatica,4x2,particular,rural,1,0,1,1,1,0,1,0
2016,104760,2400,Hyundai,gasolina,manual,4x4,particular,rural,1,1,0,1,1,0,0,1
2002,447449,1400,Renault,gasolina,manual,4x2,publico,rural,0,0,0,1,1,1,1,0
2012,294397,1400,Kia,gas,manual,4x2,particular,urbano,0,1,0,1,0,0,0,1
1999,341184,1400,Chevrolet,diesel,manual,4x2,particular,rural,1,1,0,1,1,1,0,1
1999,233863,1500,Chevrolet,diesel,manual,4x2,particular,urbano,1,1,1,1,1,1,1,1
2009,176982,1400,Nissan,diesel,manual,4x2,particular,urbano,0,1,0,1,1,0,1,1
2012,213456,2000,Nissan,gasolina,automatica,4x2,particular,urbano,1,1,1,1,1,1,0,1
1998,315265,2000,Nissan,gasolina,automatica,4x2,particular,urbano,0,1,1,0,0,1,1,1
2009,224421,1600,Nissan,diesel,automatica,4x2,particular,urbano,1,0,1,1,1,1,1,1
2012,224275,1400,Renault,gasolina,manual,4x4,particular,urbano,0,0,1,0,1,0,0,1
2019,83069,1400,Toyota,gasolina,automatica,4x2,particular,urbano,0,0,1,0,0,0,0,0
2005,293793,1500,Nissan,diesel,manual,4x2,particular,rural,1,1,0,1,1,1,1,1
2009,363698,1500,Kia,gasolina,manual,4x4,publico,urbano,1,1,1,1,0,1,0,1
2020,115644,2400,Toyota,gasolina,automatica,4x2,publico,rural,0,1,0,0,1,0,0,1
1999,314087,1500,Suzuki,diesel,manual,4x2,particular,urbano,1,1,1,1,1,0,1,1
1998,450000,2400,Toyota,gasolina,manual,4x2,particular,rural,0,1,0,1,1,1,0,1
2016,121583,1200,Chevrolet,diesel,automatica,4x4,particular,rural,1,1,0,0,1,0,0,1
2017,54510,1600,Chevrolet,gasolina,manual,4x2,particular,rural,1,1,0,0,0,0,1,1
2009,384560,1000,Kia,diesel,automatica,4x4,publico,urbano,1,1,1,1,0,0,0,1
2015,93679,2000,Ford,gasolina,manual,4x4,particular,rural,1,0,0,0,1,1,1,1
2012,175434,1400,Renault,gasolina,automatica,4x4,particular,rural,0,1,1,0,0,0,0,1
2011,198235,1800,Mazda,gasolina,automatica,4x4,particular,rural,0,1,1,1,1,1,1,1
1999,450000,1600,Renault,gas,manual,4x2,publico,rural,0,1,1,1,1,1,0,1
2012,264140,2400,Toyota,gasolina,automatica,4x2,publico,urbano,0,0,0,1,0,1,1,1
2013,127138,1600,Mazda,gasolina,automatica,4x2,particular,urbano,1,1,0,1,0,0,0,1
2003,382037,3000,Peugeot,gasolina,manual,4x2,publico,urbano,1,1,0,1,1,1,1,1
1998,450000,1000,Chevrolet,gasolina,manual,4x2,publico,urbano,1,1,0,1,1,1,1,1
2013,200410,1200,Chevrolet,gasolina,manual,4x2,particular,urbano,0,1,0,0,1,0,1,1
2019,95095,2400,Mitsubishi,gasolina,automatica,4x4,particular,rural,0,0,0,1,0,0,0,0
2003,450000,1500,Chevrolet,diesel,manual,4x2,publico,urbano,0,1,1,0,1,0,1,1
2011,185836,1600,Volkswagen,gasolina,automatica,4x4,particular,urbano,1,1,1,1,0,1,1,1
2001,155069,1400,Toyota,gas,automatica,4x2,particular,urbano,1,1,1,1,1,1,1,1
1999,450000,1400,Toyota,gasolina,manual,4x2,publico,urbano,1,0,0,1,1,1,1,0
2009,208259,2000,Hyundai,gasolina,automatica,4x2,particular,urbano,1,0,1,1,0,0,1,1
2019,98705,1200,Renault,gasolina,automatica,4x2,publico,urbano,1,1,0,0,0,0,0,1
2016,142846,1800,Ford,gasolina,automatica,4x2,particular,urbano,0,0,1,0,0,0,1,1
2011,434768,1600,Hyundai,gasolina,automatica,4x2,publico,urbano,0,1,1,1,1,0,0,1
2012,226824,1800,Mazda,gasolina,manual,4x4,particular,rural,1,1,1,0,1,0,1,1
2012,200768,2000,Honda,diesel,manual,4x2,particular,urbano,0,0,1,0,1,0,1,0
2006,382919,3500,Peugeot,gasolina,automatica,4x2,particular,rural,1,1,1,0,1,1,0,1
2005,334333,1000,Renault,diesel,manual,4x2,particular,rural,1,1,1,1,1,0,0,1
2001,320635,1800,Toyota,gasolina,automatica,4x2,particular,rural,1,1,1,1,1,1,0,1
2015,91848,1600,Renault,gasolina,automatica,4x2,particular,urbano,1,1,0,0,0,1,1,0
2011,151971,1600,Kia,gasolina,manual,4x4,particular,urbano,1,0,0,1,0,0,1,0
2020,56212,1200,Renault,gasolina,automatica,4x2,particular,rural,0,0,0,0,1,0,0,0
2014,105778,1000,Chevrolet,gasolina,automatica,4x4,particular,rural,0,1,1,1,0,0,0,1
2012,121144,1800,Honda,gasolina,automatica,4x4,particular,urbano,1,0,1,0,1,1,0,1
2022,30596,1200,Kia,gasolina,manual,4x4,particular,urbano,0,0,0,0,0,0,0,0
2016,146533,1600,Nissan,gasolina,manual,4x2,particular,rural,1,0,0,1,1,1,1,0
2007,231315,1200,Suzuki,gasolina,manual,4x2,particular,rural,1,1,1,1,1,1,0,1
2019,89187,1400,Toyota,diesel,manual,4x2,particular,urbano,1,0,0,1,0,0,0,1
2015,120663,1500,Chevrolet,gas,manual,4x2,particular,urbano,1,0,0,0,0,0,1,1
2023,10458,1800,Ford,gasolina,manual,4x2,particular,rural,0,0,0,0,1,0,0,0
2004,400278,1000,Kia,gasolina,automatica,4x2,particular,rural,1,0,0,1,1,1,1,1
2005,236573,1600,Renault,gasolina,manual,4x4,particular,rural,1,1,0,1,1,0,1,1
2018,106039,1000,Chevrolet,diesel,manual,4x2,particular,urbano,0,0,1,0,0,1,0,0
2022,31079,1500,Honda,gasolina,automatica,4x2,particular,urbano,0,0,0,0,0,0,0,0
2012,404719,2000,Mitsubishi,gasolina,manual,4x2,publico,urbano,0,0,0,1,1,0,1,0
2020,50099,1200,Suzuki,gasolina,automatica,4x2,particular,urbano,0,0,0,0,0,0,0,0
2022,40120,1500,Chevrolet,diesel,manual,4x2,publico,urbano,0,0,0,0,0,0,0,1
2012,258964,2400,Mazda,gasolina,automatica,4x2,particular,urbano,0,0,1,0,1,0,0,0
2010,343234,1600,Chevrolet,gasolina,automatica,4x2,publico,urbano,0,1,1,1,1,1,1,1
2008,285304,1600,Chevrolet,gasolina,manual,4x4,particular,urbano,0,0,1,1,0,1,0,0
2003,294469,1400,Renault,gas,automatica,4x2,particular,rural,1,1,1,0,0,1,1,1
2021,53806,1200,Renault,diesel,automatica,4x2,particular,urbano,0,1,0,0,0,0,0,0
2000,256511,2400,Toyota,gasolina,automatica,4x2,particular,urbano,1,1,1,1,1,1,0,0
2013,140131,2400,Ford,gasolina,manual,4x2,publico,rural,1,1,1,1,1,1,1,1
2008,206119,2400,Mazda,gasolina,automatica,4x2,particular,urbano,1,1,0,1,0,1,1,1
2004,450000,1600,Nissan,diesel,automatica,4x2,publico,rural,1,1,0,0,1,1,0,1
2000,306570,1500,Hyundai,gasolina,automatica,4x2,particular,urbano,1,0,1,0,0,1,0,1
2008,244502,1200,Renault,gasolina,automatica,4x2,particular,urbano,1,1,0,1,1,1,1,1
2003,333154,1400,Chevrolet,gasolina,manual,4x2,particular,urbano,1,0,0,1,1,1,1,1
2005,233666,1600,Chevrolet,gasolina,automatica,4x2,particular,urbano,1,1,0,1,0,1,0,1
2000,450000,1200,Renault,gasolina,manual,4x4,publico,urbano,1,1,1,0,1,1,1,0
2020,70513,1800,Toyota,gasolina,automatica,4x4,publico,urbano,0,0,1,0,1,1,0,0
2002,450000,2400,Toyota,diesel,automatica,4x2,publico,urbano,1,0,1,1,1,1,1,1
2020,152587,2400,Mazda,gasolina,manual,4x2,publico,urbano,1,0,0,0,0,0,1,1
2021,48807,1500,Renault,gasolina,manual,4x2,particular,urbano,0,0,0,1,0,0,0,0
1998,450000,1400,Toyota,gasolina,manual,4x4,publico,urbano,1,0,1,0,1,1,1,1
2017,235526,1400,Renault,gasolina,automatica,4x2,publico,urbano,1,0,0,0,1,0,0,0
2019,74624,1800,Ford,gasolina,manual,4x2,particular,urbano,0,0,0,0,0,0,0,0
2008,397704,1200,Renault,gasolina,manual,4x2,publico,rural,1,1,1,1,0,0,0,1
2023,23994,1000,Chevrolet,gasolina,manual,4x4,publico,rural,0,0,0,1,0,1,0,0
2014,169665,2000,Volkswagen,gasolina,automatica,4x2,particular,rural,1,1,1,0,1,0,1,1
2019,84251,1500,Toyota,gasolina,automatica,4x4,particular,rural,1,0,0,0,1,0,1,0
2019,74636,1000,Kia,gasolina,automatica,4x2,particular,urbano,0,1,0,0,0,0,0,0
2015,89611,1500,Nissan,diesel,automatica,4x2,particular,rural,0,0,1,0,0,0,0,1
2008,198644,1400,Ford,gas,automatica,4x4,particular,rural,1,0,1,1,0,0,1,1
2009,245345,2000,Nissan,gasolina,manual,4x4,particular,rural,0,0,1,1,0,1,0,0
2007,155676,2400,Mazda,diesel,manual,4x2,particular,rural,1,1,1,1,1,1,1,1
2009,263998,1500,Renault,gasolina,automatica,4x2,particular,rural,1,1,0,1,0,0,0,0
2003,450000,1000,Kia,gasolina,automatica,4x2,publico,urbano,1,0,1,0,0,0,1,1
2008,450000,1200,Chevrolet,gasolina,manual,4x2,publico,rural,0,0,1,1,1,0,1,0
2006,282025,1600,Ford,gasolina,manual,4x2,particular,urbano,1,1,0,0,1,1,0,1
2011,195629,1400,Kia,gasolina,manual,4x2,particular,rural,0,0,1,0,1,0,0,0
2016,120511,1600,Renault,gasolina,automatica,4x2,particular,rural,0,1,1,0,0,0,0,0
2013,170508,1400,Chevrolet,gasolina,manual,4x2,particular,rural,1,1,1,1,0,0,1,1
2020,41344,1500,Mazda,gasolina,automatica,4x2,particular,rural,0,0,1,0,0,0,0,1
2014,245994,1000,Renault,gas,manual,4x2,publico,urbano,1,1,0,1,0,0,1,1
2007,261837,3500,Peugeot,gasolina,manual,4x2,particular,urbano,0,1,1,1,1,1,0,0
1998,450000,3000,Mitsubishi,diesel,automatica,4x2,publico,rural,1,0,0,1,1,0,1,0
2015,138650,1600,Volkswagen,gasolina,manual,4x2,publico,urbano,1,0,0,0,1,0,0,0
2006,246369,1400,Volkswagen,gasolina,automatica,4x4,particular,rural,0,0,0,0,0,0,1,0
2009,259728,2400,Volkswagen,diesel,manual,4x2,particular,rural,1,0,1,1,0,1,0,1
2007,274736,1400,Chevrolet,gasolina,automatica,4x4,particular,urbano,1,1,1,1,1,1,0,1
2012,234718,1600,Nissan,gasolina,automatica,4x4,particular,urbano,1,0,1,1,0,1,1,1
2005,313853,1800,Nissan,gasolina,manual,4x4,particular,urbano,0,0,1,1,1,1,0,0
2008,260657,1500,Nissan,gasolina,manual,4x4,particular,rural,0,1,0,1,1,0,0,0
2006,280583,1500,Kia,gasolina,automatica,4x4,particular,rural,1,1,0,0,1,0,1,1
2004,349166,2400,Hyundai,diesel,manual,4x4,particular,rural,1,1,1,1,1,1,0,1
2010,163949,2000,Toyota,gasolina,manual,4x2,particular,urbano,0,1,1,1,0,0,0,1
2007,306541,1500,Honda,gasolina,manual,4x4,particular,urbano,1,1,1,1,1,1,1,1
2011,170533,1800,Mazda,gasolina,automatica,4x4,particular,urbano,0,0,1,1,0,0,0,0
2001,256122,1000,Renault,gasolina,automatica,4x4,particular,rural,0,0,1,1,1,0,1,1
2023,21487,2000,Volkswagen,gasolina,automatica,4x2,particular,urbano,0,0,0,0,0,0,0,0
2004,228066,2000,Hyundai,gasolina,automatica,4x2,particular,urbano,0,0,1,0,1,1,1,1
2016,33262,1200,Kia,gasolina,manual,4x2,particular,rural,1,1,0,0,0,0,0,0
2001,237646,1800,Volkswagen,gasolina,automatica,4x2,particular,rural,0,0,1,1,0,1,1,0
2015,138662,1200,Chevrolet,diesel,automatica,4x2,particular,urbano,1,1,0,0,0,1,0,1
2011,415500,1600,Mazda,gasolina,automatica,4x2,publico,urbano,1,1,1,0,1,1,1,1
1999,355167,1400,Chevrolet,gasolina,manual,4x2,particular,rural,1,1,1,1,1,0,0,1
2001,450000,2400,Toyota,diesel,manual,4x2,particular,urbano,1,1,1,1,1,0,1,1
2022,30347,1500,Chevrolet,gasolina,manual,4x2,particular,urbano,0,0,0,0,0,0,0,0
1998,332862,1600,Chevrolet,gasolina,automatica,4x4,particular,urbano,1,1,0,1,1,0,1,1
2005,450000,1400,Chevrolet,gasolina,manual,4x4,publico,rural,1,1,0,1,1,1,1,1
2013,170543,1800,Honda,gasolina,automatica,4x2,particular,urbano,0,1,1,1,1,1,0,1
2021,42280,1400,Kia,gasolina,manual,4x2,particular,urbano,0,0,0,0,0,0,0,0
2011,131439,1000,Kia,gasolina,manual,4x4,particular,rural,0,1,0,1,0,0,1,1
2015,282908,1400,Hyundai,gasolina,manual,4x2,publico,rural,0,1,0,0,0,1,1,1
2001,450000,1000,Kia,gasolina,manual,4x2,publico,rural,1,1,1,0,1,1,1,1
2006,363071,1200,Chevrolet,gasolina,manual,4x2,publico,rural,1,1,0,1,1,1,0,1
1999,384770,1500,Honda,gasolina,automatica,4x2,particular,urbano,1,1,1,0,0,1,1,1
1999,374323,1800,Toyota,gas,automatica,4x2,particular,urbano,1,0,0,0,1,0,1,1
2014,57279,1500,Suzuki,gasolina,manual,4x2,particular,urbano,1,1,0,0,0,0,0,0
2007,216973,1600,Toyota,diesel,manual,4x2,particular,urbano,0,0,0,0,0,0,0,0
2000,450000,2000,Mazda,gasolina,manual,4x2,publico,rural,1,0,0,1,1,1,1,1
2016,225864,1400,Kia,gasolina,manual,4x4,publico,rural,0,1,0,1,1,0,0,0
2008,303305,1400,Renault,gasolina,manual,4x2,publico,rural,1,1,0,1,1,0,0,1
2001,225712,2400,Ford,gasolina,automatica,4x2,particular,rural,1,1,1,0,0,1,1,0
2004,221025,1400,Renault,gasolina,automatica,4x4,particular,rural,1,1,0,1,1,1,0,1
2008,291724,1200,Chevrolet,gasolina,manual,4x2,particular,urbano,1,0,1,0,0,0,0,0
2004,267649,1600,Nissan,gasolina,automatica,4x4,particular,rural,1,1,1,1,0,0,0,1
2007,280101,1600,Ford,gasolina,manual,4x2,particular,urbano,0,1,0,1,1,1,0,1
2004,450000,1600,Chevrolet,gasolina,automatica,4x4,particular,rural,1,0,1,1,1,0,0,1
2020,61466,1600,Renault,gasolina,automatica,4x2,particular,urbano,0,0,0,0,0,0,0,0
2003,307299,1400,Toyota,gas,automatica,4x4,particular,urbano,0,1,0,1,1,1,0,0
2023,32362,2400,Honda,gasolina,manual,4x2,publico,urbano,0,0,0,0,0,0,0,0
1998,450000,1600,Mazda,gasolina,automatica,4x2,publico,urbano,1,1,1,1,1,1,1,1
2003,450000,2400,Mazda,gas,automatica,4x2,particular,urbano,0,1,0,0,1,1,0,1
2016,137617,1800,Hyundai,diesel,automatica,4x2,publico,urbano,1,1,0,0,0,0,1,0
2001,433025,1400,Chevrolet,gasolina,automatica,4x4,particular,urbano,1,0,1,1,1,1,1,1
2012,95898,1000,Chevrolet,gasolina,manual,4x2,particular,rural,1,1,0,0,0,1,0,1
2007,450000,1600,Nissan,gasolina,automatica,4x2,publico,urbano,1,0,0,0,0,0,0,1
2018,138013,1200,Renault,gasolina,automatica,4x2,publico,urbano,0,1,0,0,1,0,0,1
2003,450000,1200,Chevrolet,gasolina,automatica,4x2,publico,urbano,1,1,0,0,0,1,1,1
2016,206676,1600,Chevrolet,gasolina,automatica,4x2,publico,rural,1,1,1,1,1,0,1,1
2010,191238,1400,Hyundai,gasolina,manual,4x2,particular,rural,1,1,0,0,1,1,1,1
2002,289587,1600,Chevrolet,diesel,automatica,4x2,particular,urbano,1,0,0,1,0,1,1,0
2021,55488,1400,Suzuki,gasolina,manual,4x4,particular,rural,1,0,0,0,0,0,0,0
2015,38007,1400,Volkswagen,diesel,automatica,4x4,particular,urbano,0,1,0,0,1,0,0,0
2018,92014,2500,Mitsubishi,gasolina,manual,4x2,particular,urbano,1,0,0,1,1,0,0,1
2005,165638,1800,Volkswagen,gasolina,manual,4x2,particular,urbano,1,0,1,0,1,1,1,1
2015,145325,2000,Ford,gasolina,automatica,4x2,particular,urbano,1,0,0,0,0,1,0,0
1999,311377,2400,Hyundai,gasolina,automatica,4x4,particular,urbano,1,1,1,0,1,1,1,0
2014,128520,1500,Renault,gasolina,manual,4x2,particular,urbano,1,0,0,0,0,0,0,1
2022,62753,2400,Mitsubishi,gasolina,manual,4x4,publico,urbano,0,0,0,0,0,1,0,0
2023,15797,1500,Toyota,diesel,automatica,4x2,particular,rural,0,0,0,0,0,0,0,0
2009,176856,1500,Chevrolet,diesel,manual,4x4,particular,urbano,0,0,1,1,1,1,1,0
2016,134139,1400,Hyundai,gasolina,manual,4x2,particular,urbano,0,0,0,0,0,0,1,0
2011,285720,1500,Renault,gasolina,manual,4x2,particular,rural,1,1,0,1,0,0,0,1
2012,200835,1000,Chevrolet,diesel,automatica,4x2,particular,urbano,0,1,0,1,1,0,1,1
2007,262051,1000,Suzuki,gasolina,automatica,4x2,particular,urbano,0,1,1,1,1,1,1,1
2006,380885,1000,Kia,diesel,manual,4x2,publico,urbano,0,1,1,1,1,0,1,0
2010,441321,1400,Chevrolet,diesel,manual,4x4,publico,rural,1,1,1,1,1,0,1,1
2009,245150,2500,Mitsubishi,gasolina,manual,4x2,particular,urbano,1,1,0,1,0,1,1,0
2011,341075,1500,Renault,gasolina,manual,4x2,publico,rural,0,1,1,1,1,0,1,1
2005,450000,3000,Mitsubishi,gasolina,manual,4x4,publico,urbano,1,1,1,0,1,0,1,1
2004,311520,1400,Toyota,gasolina,manual,4x4,particular,rural,1,1,0,1,1,1,1,1
2016,123185,2400,Nissan,gasolina,manual,4x2,particular,urbano,1,1,1,0,0,1,0,1
2003,434025,1500,Hyundai,diesel,manual,4x4,publico,urbano,1,1,1,1,1,1,1,1
2010,267218,1800,Mitsubishi,gasolina,manual,4x4,particular,urbano,0,1,1,1,1,1,1,1
2006,247998,1600,Mazda,gasolina,manual,4x2,particular,urbano,0,1,1,0,1,1,1,1
2005,450000,1000,Suzuki,gasolina,manual,4x2,publico,urbano,1,1,1,1,1,1,1,1
2014,184145,1500,Chevrolet,gas,manual,4x2,particular,rural,1,1,1,0,1,0,1,0
2020,55215,1600,Kia,diesel,manual,4x2,particular,urbano,0,0,0,1,0,0,0,1
2017,102112,1400,Ford,gasolina,automatica,4x2,particular,urbano,0,1,0,1,1,0,0,1
2020,98207,3500,Dodge,gasolina,automatica,4x4,publico,urbano,0,0,0,1,0,0,1,0
2023,12061,2000,Mazda,gasolina,automatica,4x2,particular,urbano,0,0,0,0,0,0,0,0
2015,171112,1600,Hyundai,gasolina,manual,4x2,particular,urbano,0,1,0,1,1,0,0,1
1999,450000,2000,Nissan,gasolina,manual,4x4,publico,rural,0,1,0,1,1,1,1,1
2006,382328,1500,Volkswagen,gasolina,manual,4x2,publico,urbano,0,1,1,1,1,1,1,0
2001,450000,1400,Hyundai,gasolina,manual,4x4,publico,rural,0,0,1,0,1,0,1,1
2016,142772,2000,Dodge,gasolina,automatica,4x2,particular,urbano,1,1,1,0,0,0,0,1
2015,112417,2400,Toyota,diesel,manual,4x2,particular,urbano,0,0,1,0,1,1,0,1
2007,352838,2400,Hyundai,gasolina,manual,4x2,particular,urbano,1,1,0,1,0,1,0,1
2008,265805,1800,Peugeot,gasolina,automatica,4x2,particular,urbano,1,0,0,1,0,0,0,0
2001,450000,1500,Hyundai,gasolina,manual,4x4,publico,urbano,1,0,1,1,0,0,0,1
2007,203872,1600,Mazda,gasolina,manual,4x4,particular,urbano,0,1,1,1,1,0,1,1
2001,338613,1400,Volkswagen,gasolina,automatica,4x2,particular,urbano,0,0,1,1,0,0,1,0
2005,450000,2400,Toyota,gasolina,manual,4x2,publico,urbano,0,1,0,1,0,1,1,1
2004,267077,1500,Ford,gasolina,automatica,4x2,particular,urbano,0,0,1,0,0,1,1,1
2008,310086,1000,Renault,gasolina,manual,4x2,particular,rural,1,0,1,0,1,1,1,1
2004,450000,2000,Volkswagen,gasolina,manual,4x2,publico,urbano,1,1,1,0,1,1,1,1
2019,79516,1000,Kia,diesel,manual,4x4,particular,rural,0,0,0,0,0,1,0,0
2010,122094,1600,Toyota,gasolina,manual,4x2,publico,rural,1,1,0,0,1,1,1,1
2008,152872,1500,Renault,gasolina,manual,4x2,particular,rural,0,1,0,1,1,0,1,1
2007,341705,2000,Mitsubishi,gasolina,manual,4x2,particular,urbano,0,1,0,0,0,1,1,1
2007,242184,1500,Hyundai,gas,manual,4x2,particular,urbano,0,0,1,0,1,1,0,1
2017,95730,2000,Mitsubishi,gasolina,automatica,4x2,particular,rural,0,0,0,1,0,0,0,0
2009,417451,1400,Renault,gasolina,manual,4x2,publico,urbano,1,1,0,0,1,0,0,1
2018,102485,1500,Chevrolet,gasolina,manual,4x2,publico,urbano,0,0,0,0,0,0,0,0
2018,90208,2400,Mazda,gasolina,manual,4x2,particular,urbano,1,0,0,0,0,0,0,0
2004,325539,1000,Renault,gasolina,manual,4x2,particular,rural,1,0,1,1,0,0,1,1
2009,319128,1000,Chevrolet,gasolina,manual,4x2,publico,urbano,0,1,0,0,0,0,1,1
1999,450000,1600,Ford,diesel,manual,4x4,publico,rural,1,1,1,1,1,1,1,1
2006,292975,1600,Ford,gasolina,manual,4x4,particular,urbano,0,1,1,1,1,0,1,1
2020,42988,1500,Chevrolet,gasolina,manual,4x2,particular,urbano,0,0,0,0,0,0,0,0
1999,400270,1500,Renault,gasolina,manual,4x2,particular,rural,1,1,1,1,1,1,1,1
2020,54832,1200,Chevrolet,gasolina,automatica,4x2,particular,rural,0,0,1,0,1,0,0,0
2020,61828,1200,Chevrolet,diesel,manual,4x2,particular,urbano,0,1,1,0,1,0,0,1
2008,285901,1400,Toyota,gas,automatica,4x2,particular,urbano,1,0,1,0,0,1,1,1
2011,152182,2400,Ford,gasolina,manual,4x4,particular,urbano,0,1,0,1,0,1,1,0
2006,428251,1800,Honda,gas,automatica,4x4,publico,urbano,1,1,1,1,1,1,1,1
2022,27487,1600,Chevrolet,gasolina,manual,4x2,particular,rural,0,0,0,1,0,0,0,0
2007,236533,1400,Volkswagen,gasolina,manual,4x2,particular,urbano,1,1,1,0,1,1,1,1
2011,113149,1600,Toyota,diesel,automatica,4x2,particular,rural,1,1,0,0,0,0,1,1
2013,136578,1200,Chevrolet,gasolina,manual,4x2,particular,urbano,1,0,0,1,1,0,1,0
2005,404057,1600,Volkswagen,gasolina,automatica,4x2,publico,urbano,1,1,0,1,1,1,1,1
2007,245297,1400,Chevrolet,gasolina,manual,4x2,publico,urbano,1,1,1,1,1,1,1,1
2021,75631,1600,Renault,gasolina,automatica,4x2,publico,rural,0,0,0,0,0,0,1,0
2001,300074,1600,Renault,gasolina,automatica,4x4,particular,rural,1,0,1,0,1,0,0,1
2014,238777,2000,Mitsubishi,gas,manual,4x4,publico,urbano,0,0,1,1,0,0,0,0
2021,63731,1200,Chevrolet,diesel,manual,4x2,particular,urbano,0,0,0,1,0,0,0,0
2005,268411,1800,Dodge,diesel,manual,4x2,particular,urbano,1,1,0,0,0,1,1,1
2014,101024,1500,Honda,diesel,automatica,4x2,particular,rural,0,0,0,1,1,0,0,0
2017,92622,1500,Suzuki,gasolina,manual,4x4,particular,urbano,0,1,0,0,0,0,0,1
2008,132306,1500,Nissan,gas,manual,4x2,particular,urbano,1,0,1,1,1,0,1,1
2005,281411,2400,Ford,diesel,manual,4x4,particular,urbano,1,1,0,1,1,0,0,1
2002,312475,1400,Hyundai,gasolina,automatica,4x4,particular,urbano,0,1,1,0,1,1,1,1
1999,450000,1600,Chevrolet,gasolina,manual,4x2,particular,urbano,1,1,1,1,1,0,1,1
2017,91776,1600,Renault,gasolina,manual,4x2,particular,urbano,0,0,0,1,0,0,0,1
2000,450000,1400,Renault,diesel,manual,4x2,publico,urbano,1,1,0,1,0,1,1,1
2017,129819,1400,Volkswagen,gasolina,manual,4x2,particular,urbano,0,0,1,0,0,0,0,0
2023,22586,2400,Mitsubishi,gasolina,manual,4x2,particular,rural,0,0,0,1,0,1,0,0
2002,330701,2400,Ford,gasolina,automatica,4x2,particular,rural,1,1,0,1,1,1,1,0
2014,85047,1600,Toyota,gasolina,manual,4x4,particular,rural,1,0,1,1,0,0,0,0
2019,60997,1800,Volkswagen,gasolina,automatica,4x2,particular,urbano,0,0,0,0,0,0,1,0
1998,450000,1400,Mazda,gasolina,manual,4x2,particular,rural,1,1,0,1,1,1,0,1
2003,450000,2400,Ford,gasolina,manual,4x4,publico,urbano,0,0,0,1,0,1,0,1
2009,160389,1400,Toyota,gasolina,automatica,4x2,particular,rural,1,1,1,1,1,1,0,1
2007,275712,1400,Renault,diesel,automatica,4x4,particular,rural,0,1,1,1,1,1,0,1
2005,450000,1800,Ford,gasolina,manual,4x2,publico,rural,1,1,1,0,1,1,1,1
2014,189702,2000,Mazda,diesel,manual,4x2,particular,rural,0,1,1,1,0,0,1,1
2020,63070,1400,Ford,gasolina,manual,4x2,particular,urbano,0,0,0,0,0,0,0,0
2010,284920,1000,Fiat,gasolina,automatica,4x2,publico,urbano,1,0,0,1,1,1,1,1
2002,401019,1000,Suzuki,diesel,automatica,4x4,particular,rural,1,1,0,0,1,0,1,1
2000,450000,1800,Mazda,gasolina,automatica,4x4,publico,rural,1,1,1,1,1,1,1,1
2015,189601,1000,Chevrolet,gasolina,manual,4x2,particular,rural,0,1,0,1,1,0,1,0
2007,252945,1800,Ford,diesel,manual,4x2,particular,urbano,0,1,1,1,0,0,1,1
2015,175385,1500,Kia,gasolina,manual,4x2,particular,urbano,0,0,1,1,1,1,0,1
2006,442297,1500,Hyundai,gasolina,manual,4x4,publico,urbano,1,0,1,1,1,0,1,1
2015,129060,3500,Dodge,gasolina,manual,4x2,particular,urbano,1,0,0,1,0,1,1,0
2001,375022,1200,Suzuki,gasolina,manual,4x2,particular,urbano,1,1,1,1,1,0,0,1
2019,69618,1200,Suzuki,diesel,manual,4x2,particular,urbano,0,0,0,0,1,0,0,0
2010,382018,1500,Mazda,gasolina,automatica,4x2,publico,urbano,0,0,1,1,0,1,1,1
2018,92827,1800,Toyota,gasolina,manual,4x4,particular,rural,0,1,1,0,1,0,1,0
2006,210292,1400,Kia,gasolina,automatica,4x4,particular,urbano,1,0,0,0,0,0,0,1
2009,145627,1400,Mazda,gasolina,automatica,4x2,particular,urbano,1,1,0,0,0,1,0,0
1998,258683,1600,Toyota,gasolina,automatica,4x2,particular,urbano,1,0,0,1,1,0,1,0
2013,191207,2000,Peugeot,gasolina,automatica,4x2,particular,urbano,1,1,0,1,0,1,0,0
1998,450000,2400,Volkswagen,gasolina,automatica,4x2,particular,urbano,0,0,1,1,0,1,0,0
2013,134900,1400,Kia,gasolina,automatica,4x2,particular,rural,0,1,0,1,1,1,0,0
2004,322778,2400,Volkswagen,gasolina,manual,4x4,particular,rural,1,1,1,1,1,0,1,1
2007,299937,2000,Hyundai,gasolina,manual,4x2,publico,urbano,0,1,0,1,0,0,1,0
2002,371026,1400,Chevrolet,gasolina,manual,4x2,particular,rural,1,1,0,0,0,0,1,1
2020,68957,2400,Dodge,gasolina,manual,4x2,particular,rural,0,0,0,0,1,0,0,0
2018,77938,1600,Hyundai,gasolina,automatica,4x2,particular,rural,0,1,0,1,0,0,0,1
2010,314436,1500,Kia,gas,manual,4x2,publico,urbano,1,1,0,0,0,1,0,0
2011,276728,1400,Nissan,gas,automatica,4x2,particular,rural,1,0,0,0,1,1,1,0
2011,152936,1200,Kia,diesel,manual,4x2,particular,rural,1,0,1,1,0,1,0,1
2004,313134,2000,Mazda,gasolina,manual,4x2,particular,urbano,1,0,1,0,1,1,1,1
2012,189370,2400,Ford,gasolina,manual,4x2,particular,rural,0,0,0,1,1,0,0,0
2021,44710,2000,Honda,gasolina,manual,4x2,particular,urbano,0,0,0,0,0,0,0,1
2014,225104,2400,Nissan,diesel,automatica,4x4,publico,urbano,1,1,1,0,0,0,1,1
2015,142086,1800,Toyota,gasolina,automatica,4x2,particular,urbano,1,0,0,0,0,0,1,1
2003,450000,1400,Ford,gasolina,automatica,4x2,publico,urbano,1,0,1,1,0,0,1,1
2011,191172,1800,Mazda,gasolina,automatica,4x2,particular,rural,0,1,0,1,1,0,0,0
2014,162890,1800,Mazda,gasolina,manual,4x2,particular,urbano,1,0,1,1,0,1,0,1
2014,243401,1500,Volkswagen,diesel,automatica,4x2,publico,rural,1,0,1,1,0,1,0,1
2006,450000,3000,Peugeot,gasolina,automatica,4x2,publico,urbano,1,1,0,0,0,0,1,1
2015,145384,1400,Chevrolet,gas,automatica,4x2,particular,urbano,0,0,0,0,1,0,0,0
2022,28181,1400,Chevrolet,diesel,automatica,4x2,particular,urbano,0,0,0,0,1,0,0,0
2011,174907,1400,Suzuki,gasolina,manual,4x4,particular,urbano,1,1,1,0,1,0,1,1
2009,194948,1200,Chevrolet,diesel,automatica,4x2,particular,urbano,0,1,0,1,1,1,0,1
2023,14785,1200,Renault,diesel,manual,4x4,publico,rural,0,0,0,0,0,0,0,0
2022,32955,2400,Volkswagen,gasolina,manual,4x4,particular,urbano,0,0,0,1,0,0,0,0
2017,117432,1600,Nissan,gasolina,manual,4x2,particular,urbano,0,1,0,0,0,0,0,0
1998,450000,1600,Renault,gasolina,automatica,4x2,publico,urbano,1,1,1,1,0,0,0,1
2016,141809,1400,Suzuki,gasolina,manual,4x2,particular,urbano,0,0,0,1,0,0,1,0
2010,237013,2000,Nissan,gasolina,manual,4x2,particular,urbano,1,0,0,1,0,1,0,1
2012,168388,1600,Mazda,gasolina,automatica,4x2,particular,rural,1,0,1,0,1,1,1,1
2008,263757,1000,Renault,gasolina,manual,4x2,particular,urbano,0,0,1,0,0,0,1,1
2015,179288,1500,Ford,gasolina,manual,4x4,particular,urbano,1,0,0,1,0,0,0,1
2002,276126,1500,Renault,gasolina,automatica,4x2,publico,urbano,1,1,1,1,1,0,1,1
1999,450000,2400,Toyota,gasolina,manual,4x2,publico,urbano,1,1,1,1,1,1,0,0
2019,64509,1600,Kia,gasolina,automatica,4x4,particular,urbano,1,0,1,0,0,0,0,1
2007,309092,1400,Renault,diesel,manual,4x2,particular,urbano,0,1,0,1,1,0,0,1
2008,372271,1800,Toyota,gasolina,automatica,4x2,particular,rural,1,0,0,1,1,0,0,1
2018,153607,1000,Renault,gasolina,automatica,4x2,publico,urbano,1,1,0,1,0,1,0,1
2006,411035,1500,Chevrolet,gasolina,manual,4x2,particular,urbano,1,0,1,0,0,1,0,1
2000,263378,1000,Kia,gasolina,automatica,4x2,particular,urbano,0,1,1,1,1,0,0,0
2001,450000,1500,Mazda,gasolina,automatica,4x2,publico,rural,0,1,0,1,0,1,1,1
2012,141364,3500,Dodge,gasolina,manual,4x2,particular,urbano,1,1,1,0,0,0,1,1
2006,366469,1500,Chevrolet,gasolina,manual,4x2,particular,urbano,1,1,0,0,1,0,0,1
1998,450000,1500,Hyundai,gasolina,automatica,4x2,particular,rural,0,1,1,1,1,1,1,1
2001,450000,1800,Ford,diesel,manual,4x2,particular,rural,0,1,0,1,0,0,1,1
2002,407420,1000,Chevrolet,gasolina,manual,4x2,particular,rural,0,1,1,1,1,1,0,0
2021,37888,1800,Mazda,gasolina,manual,4x2,particular,urbano,0,0,0,0,1,0,0,0
2019,71954,1000,Kia,diesel,automatica,4x2,particular,urbano,0,1,0,0,0,0,0,0
1998,450000,1600,Honda,gasolina,automatica,4x2,publico,urbano,1,1,0,1,1,0,1,1
2021,7753,1000,Renault,gasolina,manual,4x2,particular,rural,0,0,0,0,0,0,0,0
2000,385137,1600,Volkswagen,gasolina,automatica,4x2,particular,urbano,0,1,1,0,1,1,0,1
1998,330984,1200,Renault,gasolina,automatica,4x4,publico,urbano,1,1,1,1,1,1,1,1
2017,114365,1200,Renault,gasolina,automatica,4x2,particular,rural,1,0,0,0,0,0,1,1
2000,450000,2000,Toyota,gasolina,automatica,4x2,publico,urbano,1,1,0,1,1,1,1,1
2022,63162,2400,Nissan,diesel,manual,4x4,publico,rural,0,0,0,0,0,0,0,0
2002,408910,3000,Mitsubishi,gasolina,automatica,4x4,particular,rural,0,1,1,1,0,0,1,1
2002,450000,1400,Renault,diesel,automatica,4x2,publico,urbano,1,1,1,1,1,1,1,1
2022,27745,1000,Renault,gasolina,manual,4x2,particular,urbano,0,0,0,0,0,0,0,0
2020,88249,1200,Renault,gasolina,automatica,4x2,publico,rural,0,0,1,1,0,0,1,1
2014,97654,1500,Chevrolet,diesel,manual,4x4,particular,urbano,1,0,0,1,1,0,1,0
2017,106568,2400,Peugeot,diesel,automatica,4x2,particular,urbano,1,0,0,0,1,1,1,1
2004,307194,2500,Dodge,gasolina,manual,4x4,particular,rural,1,1,1,0,1,0,0,1
2023,27622,1600,Nissan,gasolina,manual,4x2,publico,urbano,0,0,0,0,0,0,0,0
2022,23621,2000,Toyota,gas,automatica,4x4,particular,rural,0,0,0,0,0,0,0,0
2007,450000,1600,Fiat,gasolina,manual,4x4,publico,urbano,0,1,1,1,1,0,1,1
2019,71346,1200,Renault,gasolina,automatica,4x4,particular,urbano,0,0,0,0,0,0,1,1
2018,87310,1000,Chevrolet,diesel,automatica,4x2,particular,rural,1,1,0,1,0,0,0,1
2006,399678,2000,Mazda,gasolina,automatica,4x2,publico,urbano,1,1,1,1,1,1,1,1
2020,88982,1800,Nissan,gas,automatica,4x2,particular,urbano,1,0,0,0,1,0,0,0
2001,355484,1400,Chevrolet,gasolina,manual,4x4,particular,urbano,0,1,0,1,1,1,0,0
2017,236592,2400,Toyota,gasolina,manual,4x2,publico,urbano,0,1,1,0,0,1,0,0
2015,163730,2000,Nissan,gasolina,automatica,4x4,publico,urbano,1,1,1,1,1,0,0,1
2020,40239,3000,Dodge,gas,manual,4x2,particular,urbano,0,0,0,0,0,0,0,1
2020,51703,1500,Renault,gasolina,manual,4x4,particular,rural,0,0,1,0,1,0,0,0
2017,96788,1500,Hyundai,diesel,manual,4x2,particular,rural,0,0,0,0,1,0,0,0
2004,450000,1800,Toyota,gasolina,manual,4x4,publico,rural,1,0,1,1,0,1,1,1
2004,194559,1400,Mazda,gasolina,manual,4x2,particular,rural,0,0,1,1,1,1,0,0
2016,152535,3500,Mitsubishi,gasolina,manual,4x2,publico,urbano,0,1,0,0,0,0,1,1
2004,420037,1500,Nissan,gasolina,automatica,4x2,publico,urbano,1,1,1,1,1,1,1,1
2017,80840,3000,Mitsubishi,gasolina,automatica,4x4,particular,rural,0,0,0,1,1,0,0,0
2014,157993,1000,Chevrolet,gasolina,manual,4x2,particular,rural,0,0,0,0,0,1,1,1
2015,178890,1600,Mazda,gasolina,manual,4x4,publico,urbano,0,1,0,1,0,0,1,1
2009,322177,1500,Toyota,gasolina,automatica,4x4,particular,rural,0,1,0,1,1,1,1,0
2005,336547,2000,Ford,gasolina,automatica,4x2,particular,urbano,0,0,0,0,0,0,1,1
2013,142862,2000,Peugeot,gasolina,automatica,4x2,particular,rural,1,0,0,0,1,1,1,0
2015,98465,1600,Kia,gasolina,manual,4x2,particular,urbano,0,1,1,1,0,0,0,1
2000,361106,1600,Volkswagen,gasolina,automatica,4x2,particular,rural,1,0,1,1,0,0,1,1
2020,38962,1600,Mazda,gas,automatica,4x2,particular,urbano,0,0,0,0,0,0,0,0
2019,52401,2000,Toyota,gas,automatica,4x2,particular,urbano,0,0,0,0,0,1,1,1
2011,427819,1500,Kia,gasolina,manual,4x2,publico,rural,0,1,0,0,0,0,0,1
2015,106962,1800,Nissan,gasolina,automatica,4x2,publico,rural,1,0,0,1,0,1,0,0
2015,282906,1400,Toyota,diesel,manual,4x2,publico,urbano,1,1,0,0,1,0,0,1
2019,60780,1800,Honda,gasolina,automatica,4x2,particular,rural,0,0,0,0,0,0,0,0
2012,196004,1500,Renault,gasolina,manual,4x2,particular,urbano,0,1,0,1,0,1,1,1
2001,371605,2400,Ford,gasolina,manual,4x2,particular,rural,0,1,1,1,1,1,0,1
1998,450000,2000,Volkswagen,gasolina,manual,4x2,publico,rural,1,1,1,1,1,1,1,1
2020,54595,1500,Volkswagen,diesel,manual,4x4,particular,rural,0,0,1,1,0,1,0,0
2011,206769,1600,Chevrolet,gasolina,automatica,4x2,particular,rural,1,0,0,0,0,0,0,1
1998,444022,1400,Toyota,gasolina,manual,4x2,particular,rural,0,0,0,0,1,1,0,0
2005,255191,3000,Mitsubishi,diesel,automatica,4x2,particular,rural,1,1,1,1,0,0,1,1
2011,226325,1500,Kia,gasolina,automatica,4x4,particular,urbano,0,0,1,0,1,1,0,1
2006,118439,1800,Hyundai,diesel,automatica,4x4,particular,urbano,1,1,1,1,1,0,0,1
2002,400287,1600,Chevrolet,diesel,automatica,4x2,particular,urbano,1,1,0,1,1,1,1,0
2013,150242,2500,Dodge,gasolina,manual,4x4,particular,urbano,1,1,1,1,0,1,0,1
2009,194988,1500,Toyota,diesel,manual,4x2,particular,urbano,1,1,1,0,0,0,1,1
2016,216014,1500,Hyundai,gas,manual,4x4,publico,rural,0,0,1,0,1,0,0,1
2003,450000,2500,Mitsubishi,gasolina,automatica,4x4,publico,urbano,1,1,0,0,1,1,1,1
2004,370772,1400,Chevrolet,gas,automatica,4x2,particular,rural,0,0,0,0,1,0,0,0
1999,450000,1500,Ford,gasolina,automatica,4x2,particular,urbano,1,1,1,1,1,0,1,1
2009,213735,2000,Dodge,gasolina,automatica,4x2,particular,urbano,1,1,0,1,1,0,1,1
2014,137414,1200,Renault,diesel,automatica,4x4,particular,rural,0,1,0,0,0,1,0,1
2004,286708,1800,Mazda,gasolina,automatica,4x2,particular,urbano,0,0,1,1,0,1,0,0
2011,177817,1600,Toyota,gasolina,automatica,4x4,particular,rural,0,0,0,1,0,0,0,0
2022,38009,1800,Honda,gasolina,automatica,4x2,particular,urbano,0,0,0,0,0,0,0,0
2021,44666,1600,Hyundai,diesel,manual,4x2,particular,rural,0,0,1,0,0,1,0,1
1998,448308,2000,Volkswagen,gasolina,automatica,4x2,particular,urbano,1,1,1,0,1,1,1,1
2018,82469,1000,Renault,gasolina,manual,4x4,particular,urbano,1,0,0,0,0,0,0,1
2001,376595,3000,Mitsubishi,gasolina,automatica,4x2,particular,urbano,0,1,1,0,1,1,1,1
2003,388613,2000,Nissan,gas,automatica,4x2,particular,urbano,0,1,1,0,1,0,1,0
2007,247789,1500,Suzuki,gasolina,manual,4x2,particular,rural,1,0,0,0,1,0,1,1
2022,33703,1400,Fiat,gasolina,manual,4x4,particular,urbano,0,0,0,0,0,0,0,0
2015,234701,1800,Toyota,gasolina,automatica,4x2,publico,urbano,0,1,1,1,0,1,0,1
1999,450000,1400,Suzuki,gasolina,automatica,4x2,publico,urbano,1,1,1,1,1,1,1,1
2022,20425,1600,Chevrolet,gasolina,automatica,4x2,particular,urbano,0,0,0,0,0,0,0,0
2022,63711,1500,Toyota,gasolina,automatica,4x2,publico,urbano,1,0,0,0,0,0,0,0
2022,21794,1400,Toyota,gas,manual,4x2,particular,urbano,0,0,0,0,0,1,0,0
2010,163760,1400,Renault,gasolina,automatica,4x2,particular,urbano,0,0,0,1,1,1,0,0
2014,160517,2400,Nissan,gasolina,manual,4x2,particular,urbano,1,1,0,0,1,0,0,1
1999,450000,1400,Renault,gasolina,automatica,4x2,publico,urbano,1,0,1,1,1,1,1,0
1998,359954,1000,Chevrolet,gas,manual,4x2,particular,urbano,0,1,1,1,1,1,1,1
2010,213645,1200,Renault,diesel,automatica,4x2,particular,urbano,0,1,0,0,1,1,0,0
2016,73790,1500,Chevrolet,gasolina,manual,4x2,particular,urbano,0,0,0,0,0,0,0,0
2017,121005,1600,Hyundai,gasolina,manual,4x4,publico,rural,1,1,1,0,1,0,1,1
2002,266195,1600,Hyundai,gasolina,manual,4x2,particular,urbano,1,1,1,0,1,1,0,1
2022,27916,1400,Nissan,gasolina,manual,4x2,particular,urbano,0,0,0,0,0,0,0,0
2012,235607,1600,Renault,diesel,automatica,4x2,particular,rural,1,1,1,0,1,1,0,1
2015,83411,1200,Chevrolet,gasolina,manual,4x2,particular,rural,0,1,0,0,1,1,1,0
2015,172373,2400,Hyundai,gasolina,automatica,4x2,particular,urbano,1,1,0,1,0,0,0,1
2009,196287,1400,Chevrolet,gasolina,automatica,4x4,particular,urbano,0,0,0,1,0,1,0,1
2006,378374,1400,Mazda,gas,manual,4x2,publico,urbano,1,1,1,0,0,1,1,1
2005,450000,1800,Toyota,diesel,automatica,4x2,publico,rural,1,1,1,0,0,0,0,1
2006,201586,1800,Toyota,gasolina,manual,4x2,particular,urbano,0,0,1,1,1,0,1,1
2016,150080,2400,Honda,diesel,manual,4x2,particular,rural,1,0,0,0,0,0,0,1
2007,274487,3500,Mitsubishi,diesel,automatica,4x4,particular,urbano,0,1,1,1,0,0,1,1
2010,276450,1800,Ford,gasolina,automatica,4x2,particular,urbano,1,0,0,0,0,0,0,0
2019,137534,1500,Chevrolet,diesel,automatica,4x4,publico,urbano,1,0,1,1,1,0,0,1
2007,450000,1600,Chevrolet,gasolina,manual,4x2,publico,urbano,1,1,1,0,1,1,0,0
2015,133300,1400,Hyundai,diesel,manual,4x4,particular,rural,1,0,0,1,0,1,0,1
2023,22788,2000,Volkswagen,gasolina,manual,4x2,particular,urbano,0,0,0,0,0,0,0,0
2010,241837,1400,Chevrolet,gasolina,manual,4x2,particular,rural,0,0,0,1,1,0,1,0
2020,100532,1600,Fiat,gas,automatica,4x2,publico,urbano,1,0,1,0,0,1,1,1
2013,193848,2400,Nissan,gasolina,manual,4x2,particular,urbano,0,0,0,0,0,1,0,0
2020,80634,1500,Mazda,gasolina,manual,4x2,particular,rural,0,0,0,1,1,0,0,0
2014,129485,1500,Renault,gasolina,manual,4x2,particular,urbano,1,0,0,1,0,0,0,1
2013,125824,1500,Hyundai,gas,manual,4x2,particular,rural,1,1,1,1,1,0,0,1
2023,12736,1600,Kia,diesel,automatica,4x2,particular,urbano,0,0,0,0,0,0,0,0
2005,415556,1200,Suzuki,gasolina,manual,4x2,publico,rural,1,1,0,1,1,1,1,1
2023,18858,1800,Mazda,diesel,manual,4x2,particular,urbano,0,0,0,0,0,0,0,0
2006,168205,1800,Mazda,gasolina,automatica,4x4,particular,urbano,1,0,0,1,1,1,0,0
2003,450000,1400,Toyota,gasolina,manual,4x4,publico,urbano,1,1,1,1,1,1,1,1
2022,54151,1400,Renault,gasolina,automatica,4x2,publico,urbano,0,0,1,0,0,0,0,0
2006,385957,1500,Chevrolet,gasolina,automatica,4x4,publico,urbano,1,1,0,1,0,1,1,1
1998,296601,1600,Toyota,gas,automatica,4x2,particular,rural,1,1,1,0,1,1,1,1
2022,28830,1500,Hyundai,gasolina,manual,4x2,particular,urbano,0,0,0,0,0,0,0,0
2015,161984,2400,Hyundai,gas,automatica,4x2,particular,urbano,1,1,0,0,0,1,1,1
2019,54103,1000,Renault,gasolina,automatica,4x4,particular,urbano,1,1,0,1,0,0,0,0
2013,149621,1500,Chevrolet,gas,manual,4x2,particular,urbano,1,1,1,0,1,1,0,1
2023,21148,1000,Renault,gas,automatica,4x2,publico,rural,1,0,0,0,0,0,0,1
2011,224907,1000,Chevrolet,gasolina,manual,4x2,particular,rural,1,0,1,1,0,1,1,0
2002,450000,1200,Renault,gasolina,manual,4x4,publico,rural,1,1,1,1,1,0,0,1
2012,145405,1400,Hyundai,gasolina,manual,4x2,particular,rural,1,0,0,0,1,0,1,1
2008,169006,1600,Nissan,gasolina,manual,4x2,particular,urbano,1,0,0,0,1,0,1,1
2023,11241,1500,Toyota,gas,manual,4x2,particular,urbano,0,0,0,0,0,0,0,1
2008,262687,1800,Hyundai,gasolina,automatica,4x2,particular,urbano,0,1,0,1,1,0,1,0
2009,143395,1400,Toyota,gasolina,manual,4x2,particular,rural,1,0,1,0,1,0,0,1
2014,233888,1600,Volkswagen,gasolina,automatica,4x4,publico,urbano,1,0,0,0,0,1,1,0
2013,130148,1000,Fiat,gasolina,manual,4x2,particular,urbano,0,1,1,0,1,1,0,1
2023,23646,2400,Toyota,gasolina,automatica,4x2,particular,urbano,0,0,0,0,0,0,0,0
2012,180750,2000,Toyota,gasolina,automatica,4x4,particular,urbano,1,1,0,1,1,0,0,1
1998,450000,2400,Volkswagen,gasolina,automatica,4x4,publico,urbano,1,0,0,1,1,1,1,1
2021,52534,1600,Ford,gasolina,manual,4x2,particular,rural,0,0,0,0,0,0,0,0
2019,126037,1400,Chevrolet,gas,manual,4x2,publico,urbano,0,1,1,1,0,0,0,0
2011,207362,1400,Chevrolet,gasolina,manual,4x2,particular,rural,0,1,1,1,0,1,0,1
2018,120354,1500,Volkswagen,gas,automatica,4x2,publico,urbano,0,1,1,1,1,0,1,0
2021,55077,2000,Mazda,gasolina,manual,4x2,particular,urbano,0,1,0,0,0,0,0,0
2020,84604,2000,Volkswagen,diesel,automatica,4x2,publico,urbano,0,0,0,0,0,0,0,0
2007,333338,1600,Kia,gasolina,manual,4x2,particular,rural,0,0,1,0,0,1,1,1
2020,63827,1600,Ford,gasolina,manual,4x2,particular,rural,0,0,0,0,0,0,0,0
2013,150761,1400,Chevrolet,gas,manual,4x2,particular,urbano,0,0,0,0,1,1,0,1
2013,250341,1000,Chevrolet,gasolina,automatica,4x2,publico,urbano,1,1,1,0,1,0,0,1
2017,85078,1800,Toyota,diesel,manual,4x2,particular,urbano,0,1,0,0,1,0,0,1
