nombre_propietario,cedula,telefono,correo,direccion,placa,id,codigo_interno,fecha_registro,año,kilometraje,cilindraje,marca,combustible,tipo_transmision,traccion,uso,zona,falla_frenos,falla_motor,falla_llantas,falla_direccion,falla_suspension,falla_luces,falla_espejos,resultado
,917570260,3204050683,esperanzavega667@gmail.com,"Diagonal 8 #53-3, Armenia",BWG-592,3103,CDA-28357,06/04/2020,2015.0,336.339,1800 cc,Honda,Electrico,Automatio,,público,urbano,no,false,no,false,no,0,true,1
Felipe Ramos,604941160,3123700998,felipe-ramos680@correo.com,"Carrera 65 #79-93, Pasto",LWM536,3166,CDA-51328,2024/11/11,2007.0,201k,1800,Mitsubishi,Gas,automatica,4X4,público,mixto,no,,si,false,1,false,true,1
Esperanza Vega,269141315,3005021980,,"Carrera 28 #76-81, Pasto",FSA349,1930,CDA-77315,28/10/2021,2011.0,515938,1300,Mazda,eléctrico,cvt,RWD,Escolar,URBANO,true,false,,false,,no,no,1
Natalia Reyes,720275500,,natalia_reyes728@correo.com,"Avenida 98 #60-53, Villavicencio",FCX716,1949,CDA-68874,01-11-2023,2002.0,210039,2100,Nissan,GAS,Tiptronic,RWD,Publico,Suburbano,no,true,false,true,no,0,0,1
,707691268,3208172898,roberto.nieto526@hotmail.com,"Avenida 23 #21-78, Ibagué",QLV521,2402,CDA-95115,2020-05-13,2003.0,552k,3000,Honda,Gas Natural,MANUAL,4x2,escolar,Rural,true,true,si,false,1,no,false,1
Omar Leal,672097298,3507019734,omar_leal524@gmail.com,"Calle 25 #17-50, Bucaramanga",FVY208,1351,CDA-63836,12/01/2022,2003.0,204k,2000 cc,Volkswagen,gasolina,Automática,4x4,PARTICULAR,URBANO,si,false,si,true,true,0,no,1
Jhon Morales,521548364,3151897742,jhon_morales158@live.com,"Diagonal 50 #87-31, Cúcuta",FZA767,1466,CDA-64491,20/01/2021,2020.0,117k,1000cc,Nissan,GSL,automatica,4X4,TAXI,mixto,si,no,no,no,si,0,0,0
Iván Salcedo,1083452432,3043435784,iván-salcedo750@hotmail.com,"Carrera 16 #88-90, Cartagena",TDC761,240,CDA-33685,2024-12-04,1997.0,847k,4000,Honda,eléctrico,Automática,,carga,suburbano,si,0,,false,si,no,,1
Guillermo Ávila,,3056360810,guillermoávila821@hotmail.com,"Diagonal 62 #62-28, Medellín",OQW068,204,CDA-72611,25/10/2018,2007.0,559.359 km,1600,Nissan,diesel,autom,4x2,taxi,Rural,si,false,no,1,si,false,,1
Ana Gómez,389882832,3045491008,ana.gómez320@outlook.com,"Calle 25 #40-3, Ibagué",CHQ839,3187,CDA-74858,2020-08-10,2000.0,292.5k km,1300,chevrolet,Gas,MANUAL,rwd,PARTICULAR,mixto,no,false,0,no,false,0,si,0
José Hernández,808550933,3005033572,,"Carrera 82 #31-33, Barranquilla",SQE125,3133,CDA-48801,2022/09/19,2012.0,266036,1300,Suzuki,Híbrido,semiautomatica,RWD,Carga,Urbano,false,si,true,no,si,no,no,1
Claudia Vargas,183662221,3138709401,claudia.vargas991@yahoo.com,"Transversal 68 #83-85, Ibagué",TQA 871,946,CDA-41219,2019/05/26,2005.0,193.507,2250,Renault,Gas,Automática,4x4,particular,Mixto,yes,no,false,no,1,,no,1
Gloria Mendoza,52870510,3122571948,gloria-mendoza239@yahoo.com,"Diagonal 63 #68-5, Cali",QAS812,2016,CDA-96059,27/01/2024,2011.0,306k,3600,Peugeot,gas,,4x4,TAXI,suburbano,0,,false,1,false,no,false,1
Catalina Ortiz,822795012,3016569801,catalina.ortiz635@hotmail.com,"Transversal 28 #87-8, Ibagué",INK886,858,CDA-11285,2018-05-16,2004.0,570712,1500,Hyundai,Gasolina,cvt,FWD,público,urbano,yes,no,si,true,,no,si,1
Sebastián Cruz,426662346,3183990484,sebastiáncruz224@gmail.com,"Avenida 117 #97-95, Villavicencio",MTI243,922,CDA-65905,26/04/2018,2013.0,114k,2400 cc,Kia,Gas,AUTOMATICA,fwd,PARTICULAR,urbano,false,no,no,,no,false,no,0
Marcela Fuentes,611920142,3224251662,marcelafuentes283@hotmail.com,"Avenida 98 #85-9, Bucaramanga",RGS909,2473,CDA-46963,2018/08/29,2024.0,0k,2400 cc,Mitsubishi,gas,mecánica,fwd,taxi,Urbano,false,no,0,false,false,no,false,0
Andrés Torres,1089297167,3003541821,andrés-torres483@correo.com,"Calle 5 #91-98, Manizales",HUO608,333,CDA-68540,2020-11-28,2009.0,383528,1500,Fiat,Diesel,manual,4X4,Publico,Urbano,0,0,false,false,no,0,no,1
Andrés Torres,908713699,3162919548,andrés_torres26@hotmail.com,"Circular 34 #6-18, Ibagué",CNX862,1114,CDA-13036,20-01-2024,2003.0,603069,1100cc,Fiat,Diesel,Automática,4x4,Escolar,mixto,no,1,true,false,0,true,si,1
Ana Gómez,898255827,3149769778,ana_gómez20@gmail.com,"Diagonal 60 #84-18, Pasto",ZKU970,2920,CDA-17327,06-12-2022,2015.0,187482,2200 cc,Toyota,gasolina,Automatio,rwd,particular,urbano,1,0,1,no,si,0,false,1
Darío Acosta,10426401,3112488335,darío-acosta867@outlook.com,"Avenida 54 #60-47, Ibagué",QYG102,3068,CDA-20207,2020-08-04,2008.0,402208 km,1600cc,Kia,Gasolina,,4X2,taxi,URBANO,yes,true,no,no,si,,false,1
Patricia Díaz,711470471,3117550024,patricia_díaz602@correo.com,"Transversal 97 #12-84, Villavicencio",VLD468,2407,CDA-51542,01-07-2019,2006.0,274556,3000,Chevrolet,Gas,Automática,4x4,Taxi,URBANO,no,no,0,0,1,false,1,1
Iván Salcedo,841238258,3186356612,iván.salcedo642@yahoo.com,,OEA737,2013,CDA-55046,2019/08/17,1998.0,287040,1600,Volkswagen,GAS,CVT,rwd,público,rural,true,true,false,1,,yes,no,1
Gloria Mendoza,392128366,3248844941,gloria_mendoza542@live.com,,SZN612,2872,CDA-49175,22/08/2018,1999.0,710.9k km,3500,Renault,gasolina,Manual,4x4,taxi,Suburbano,false,si,,0,no,no,no,0
Mauricio Ruiz,1045221271,3013475290,mauricio.ruiz51@yahoo.com,"Carrera 21 #1-84, Villavicencio",REF787,3150,CDA-27360,17-08-2023,2018.0,65790,2000,Volkswagen,Diesel,Manual,4x4,PARTICULAR,Rural,no,0,true,,false,no,false,1
Camilo Rojas,413325183,3202198936,camilo_rojas614@live.com,"Calle 90 #52-31, Bucaramanga",EYN245,1789,CDA-19385,2018-07-13,2020.0,,2000cc,Ford,GSL,manul,RWD,Taxi,Mixto,0,0,no,false,0,1,no,1
Marcela Fuentes,1067853466,3127452974,marcelafuentes540@live.com,"Circular 29 #90-12, Barranquilla",FWJ 411,135,CDA-28264,2019/08/14,2003.0,380190 km,1200,Dodge,Diesel,Tiptronic,4X2,Carga,urbano,no,yes,yes,1,yes,no,false,1
Yolanda Cárdenas,481583954,3112407434,yolanda.cárdenas320@gmail.com,"Calle 30 #59-60, Pasto",SZE122,2961,CDA-50374,2018/06/17,2019.0,94k,2400,Toyota,Diesel,manual,4X4,público,RURAL,0,0,yes,si,no,no,false,1
Camilo Rojas,197990005,3161535573,camilo.rojas788@yahoo.com,"Carrera 35 #63-54, Ibagué",VAL-047,1841,CDA-78278,06/05/2023,2001.0,331.696,1000,Chevrolet,GSL,AUTOMATICA,,particular,RURAL,yes,,no,yes,false,yes,si,1
Ricardo Peña,504753163,3207210914,ricardopeña708@correo.com,"Transversal 65 #40-50, Villavicencio",JVI 400,1136,CDA-71625,2024/06/15,2021.0,96691,1200cc,Peugeot,gasolina,manul,4x2,Taxi,rural,no,false,no,no,true,no,,1
Marcela Fuentes,232722206,3239097940,marcelafuentes186@live.com,"Avenida 79 #4-88, Neiva",ZDX140,53,CDA-98857,19/06/2024,2016.0,159384,2000 cc,Peugeot,gasolina,semiautomatica,FWD,PUBLICO,Mixto,si,true,false,true,no,no,no,1
Sebastián Cruz,61523092,3507860151,sebastiáncruz39@hotmail.com,,DOO702,1243,CDA-88897,2024/08/03,2004.0,4k,1000,Kia,Gasolina,Tiptronic,AWD,Taxi,Suburbano,si,,yes,no,0,true,false,1
Natalia Reyes,492575839,3017359643,natalia-reyes563@gmail.com,"Carrera 57 #40-27, Pereira",FAA775,1511,CDA-48079,05-10-2024,2000.0,236697,2300,Peugeot,DIESEL,autom,fwd,particular,RURAL,no,0,no,true,false,false,false,1
Marcela Fuentes,433317088,3208138057,marcelafuentes586@outlook.com,"Circular 96 #59-74, Ibagué",UUJ-753,1226,CDA-94765,2018-05-25,2010.0,336368,3500 cc,Ford,,mecánica,4x4,carga,Urbano,1,false,0,no,yes,0,no,1
Marcela Fuentes,518416673,3137892714,marcela_fuentes35@gmail.com,"Circular 48 #15-75, Cartagena",CSN872,81,CDA-89963,2023-04-20,2008.0,224.183,2200,Fiat,Gasolina,semiautomatica,awd,PARTICULAR,rural,1,no,si,yes,no,no,false,1
Alejandro Zapata,599358895,3028042167,alejandro_zapata95@live.com,"Carrera 62 #12-36, Pereira",ZIR945,728,CDA-38072,2022/03/04,2023.0,27.606,1100,Peugeot,diesel,MANUAL,RWD,,suburbano,no,no,no,no,0,0,no,0
Natalia Reyes,442849646,3178150662,nataliareyes637@yahoo.com,,VYL-416,808,CDA-45942,2020/06/09,2002.0,471.006 km,1400,Suzuki,GNV,CVT,4x2,escolar,urbano,true,true,no,false,yes,si,no,1
Patricia Díaz,582277752,3217475140,patricia_díaz134@gmail.com,"Avenida 69 #69-59, Cúcuta",RAE-531,1069,CDA-51675,31-03-2018,1997.0,348174,1000,Mitsubishi,eléctrico,manul,4X2,PARTICULAR,Suburbano,,1,0,true,true,no,,1
Lina Santana,479084626,3123535500,lina.santana717@outlook.com,"Calle 39 #75-14, Neiva",VAB444,1007,CDA-56094,2021-04-07,2010.0,443995,4000,Volkswagen,Gas,Automatio,awd,público,URBANO,true,1,false,no,0,true,0,1
Jhon Morales,411286937,3046969772,jhonmorales201@outlook.com,"Avenida 1 #89-92, Cali",YSC895,1211,CDA-51681,2020-08-24,1997.0,253870 km,1600,Nissan,gasolina,mecánica,awd,particular,Urbano,yes,0,yes,true,false,0,no,1
Luis Rodríguez,542670975,3026781023,luisrodríguez668@live.com,"Avenida 37 #15-73, Manizales",BPT924,2785,CDA-62490,08-09-2019,2008.0,341k,1600,Peugeot,nafta,manul,4X4,Publico,Rural,0,false,no,0,false,false,false,1
Viviana Suárez,872104263,3249856567,viviana-suárez509@hotmail.com,"Circular 83 #65-50, Bogotá",FBS148,299,CDA-16487,2021-02-04,2005.0,590k,1800cc,Mazda,Diesel,manul,RWD,Escolar,suburbano,0,yes,no,false,0,true,false,1
Lina Santana,892843250,3501858680,lina-santana379@gmail.com,"Carrera 88 #82-30, Cali",GZK614,3193,CDA-97799,23/03/2022,2023.0,42k,1200,Hyundai,Gas Natural,MANUAL,,Escolar,URBANO,false,no,0,0,0,0,,0
Gustavo Barrera,,3178197139,gustavo.barrera481@hotmail.com,"Circular 46 #25-94, Manizales",KGO447,2601,CDA-73272,2018/07/30,2007.0,185.7k km,1300,Mazda,Gas,tiptronic,AWD,Escolar,Mixto,0,si,,true,false,no,no,1
Jhon Morales,1054013668,3207835525,jhonmorales61@live.com,"Circular 53 #73-50, Bogotá",KHG665,2092,CDA-76237,2023/04/07,2005.0,310690,3050,Volkswagen,eléctrico,automatica,4X4,,RURAL,no,0,false,true,yes,1,false,1
Andrés Torres,572516708,3146345534,andrés-torres721@outlook.com,"Calle 111 #97-82, Villavicencio",FXR464,1443,CDA-52343,18/11/2023,2020.0,105k,1100 cc,Honda,eléctrico,automatica,4X2,Escolar,mixto,true,true,0,no,no,false,false,1
Catalina Ortiz,551974247,3015786050,catalina_ortiz982@correo.com,"Calle 66 #57-23, Pereira",JZG700,1672,CDA-32792,28/05/2021,2005.0,422k,2200,Ford,gasolina,Automatio,4X4,escolar,Suburbano,no,1,true,no,no,no,no,1
Felipe Ramos,1053117912,3145432149,felipe.ramos467@correo.com,"Diagonal 109 #27-79, Montería",UMG-541,1906,CDA-20210,13-10-2022,2007.0,482083,1400,Dodge,GSL,MANUAL,FWD,Escolar,urbano,0,no,true,false,no,false,no,1
María López,904050346,3147315953,maríalópez247@hotmail.com,"Circular 19 #60-8, Cúcuta",KNK230,31,CDA-80206,2020-02-20,2018.0,73k,3500,Mazda,Electrico,Automática,awd,Particular,Mixto,no,false,false,no,no,no,,0
Fabio Arévalo,555465251,3176915269,fabio_arévalo667@correo.com,"Transversal 59 #5-96, Ibagué",FPF499,3117,CDA-68266,2019/09/14,2021.0,70628,1800,Ford,Diesel,semiautomatica,fwd,Escolar,mixto,false,no,no,0,,no,false,1
Héctor Montoya,924504179,3152902200,héctormontoya439@yahoo.com,"Transversal 21 #70-56, Manizales",RRQ799,140,CDA-23606,2018/03/09,2011.0,205.0k km,2000,Hyundai,GNV,Automatio,4X4,escolar,Urbano,0,,si,si,0,false,0,1
Claudia Vargas,944362811,3166312656,claudiavargas97@outlook.com,"Transversal 30 #85-54, Montería",OWU883,2700,CDA-32861,2018/09/11,1995.0,1014k,1600,Honda,Gas,CVT,4X2,público,,0,yes,true,0,true,si,no,1
Sandra Castro,1092003374,3136620001,sandra_castro847@gmail.com,"Circular 88 #19-69, Pasto",OMS 190,845,CDA-65724,2021/04/27,2001.0,603713 km,1550,Ford,DIESEL,Tiptronic,awd,escolar,Urbano,false,no,0,si,false,0,no,0
María López,457514699,3214839889,maría.lópez835@yahoo.com,"Carrera 10 #63-92, Cúcuta",AWN950,1761,CDA-59246,2024/08/31,2007.0,380.457 km,1300,Fiat,gas,Automática,RWD,PARTICULAR,rural,no,0,,,false,no,0,1
Laura García,827026227,3023701578,laura-garcía3@correo.com,"Calle 72 #13-78, Pasto",HJC303,3056,CDA-86285,2018/07/22,2005.0,352.909,1100 cc,Mitsubishi,Gas,manul,rwd,público,suburbano,no,,true,yes,si,0,no,1
Viviana Suárez,947926285,3505526477,viviana.suárez443@correo.com,"Circular 43 #48-82, Cúcuta",ZHZ105,2710,CDA-51018,19/02/2018,1998.0,954.9k km,1400 cc,Renault,Gasolina,Manual,rwd,escolar,Urbano,true,no,yes,si,,false,0,1
Laura García,387457106,3112465277,laura-garcía487@hotmail.com,"Avenida 65 #53-78, Pasto",XNW936,3137,CDA-76237,24/07/2020,2017.0,224k,1500,Honda,,automatica,fwd,Taxi,Mixto,no,1,0,no,true,false,0,1
Gustavo Barrera,224141250,3207205592,gustavobarrera608@hotmail.com,"Circular 15 #56-66, Medellín",TDQ628,2378,CDA-74411,2024/11/21,2007.0,255928,1300cc,Toyota,Gas,Tiptronic,4x2,taxi,RURAL,no,yes,1,yes,1,,no,1
Sebastián Cruz,680091620,3132885246,sebastiáncruz807@outlook.com,"Avenida 57 #92-53, Neiva",VTH364,2969,CDA-46770,2018-06-12,1998.0,176989,1300,Nissan,GSL,tiptronic,FWD,Particular,Mixto,yes,0,yes,true,,0,yes,1
Mauricio Ruiz,916725516,3167088724,mauricio_ruiz556@correo.com,"Avenida 1 #82-42, Cúcuta",XHX 586,2409,CDA-57398,2020/04/20,2022.0,62k,1800,Toyota,Electrico,Automatio,4x4,Escolar,rural,,no,no,no,no,true,no,0
Xiomara Pacheco,412317568,3193356313,xiomara-pacheco176@correo.com,"Calle 33 #57-58, Cúcuta",MBG309,1874,CDA-89239,18/02/2019,1998.0,802k,1800,Suzuki,eléctrico,Mecanica,RWD,carga,urbano,si,false,no,,no,no,false,1
Roberto Nieto,1051857656,3138797634,roberto_nieto73@gmail.com,"Calle 101 #19-73, Ibagué",VSE-809,3070,CDA-32360,26/03/2019,2004.0,603908,1500,Dodge,Gasolina,Automatio,FWD,Escolar,Suburbano,no,yes,no,no,,false,true,1
Omar Leal,533427395,3133059740,omar.leal617@gmail.com,"Transversal 57 #90-78, Cali",WAY851,1566,CDA-44139,28-02-2023,2010.0,317.1k km,3050,Toyota,Electrico,CVT,4X2,PARTICULAR,urbano,si,true,0,false,false,no,false,0
Natalia Reyes,239576177,,natalia_reyes969@correo.com,"Avenida 52 #74-36, Cúcuta",VSW117,579,CDA-14375,18-10-2020,2022.0,27k,3000cc,Mazda,GASOLINA,manul,4x2,Escolar,Urbano,no,no,no,false,0,0,no,0
Claudia Vargas,458541857,3014792908,claudiavargas443@live.com,"Circular 29 #43-59, Neiva",FOA464,3182,CDA-14135,2023-02-11,2014.0,289.2k km,4000cc,Ford,Electrico,Automática,4x2,público,URBANO,no,no,,,si,false,0,1
Laura García,596281268,3181652932,lauragarcía199@live.com,"Circular 33 #39-70, Cúcuta",HEU 399,257,CDA-28074,17-09-2021,2020.0,138.0k km,2500,Suzuki,eléctrico,CVT,4x4,escolar,Suburbano,0,0,,no,no,false,no,0
Diana Herrera,904473566,3044803691,diana.herrera650@correo.com,"Avenida 68 #6-41, Cúcuta",ISD-699,71,CDA-21807,2021/04/01,2012.0,332k,2500,Dodge,Híbrido,mecánica,RWD,taxi,Suburbano,no,no,0,no,no,0,no,1
Adriana Parra,820530599,3008084846,adriana.parra694@outlook.com,"Carrera 81 #37-13, Villavicencio",UZL200,599,CDA-10574,17-11-2021,1998.0,338k,2200,Toyota,hibrido,automatica,FWD,Particular,suburbano,no,si,no,0,,0,1,1
Laura García,,3238955386,laura-garcía209@correo.com,"Carrera 38 #65-99, Montería",XOJ877,2924,CDA-86142,03-02-2018,1995.0,711039,1800,Mazda,gasolina,autom,4X2,carga,Urbano,yes,false,si,no,0,false,si,1
Roberto Nieto,167256461,3026398206,robertonieto885@yahoo.com,"Circular 11 #91-40, Villavicencio",DES487,2250,CDA-23725,18-12-2018,2010.0,446773,3500cc,Dodge,eléctrico,semiautomatica,awd,público,suburbano,no,no,,0,si,0,no,1
Gustavo Barrera,520425555,3114415130,gustavo_barrera898@hotmail.com,"Carrera 36 #6-5, Pasto",EDH-609,3128,CDA-48134,14-01-2020,2020.0,83k,3500cc,Volkswagen,GNV,automatica,fwd,particular,suburbano,false,no,false,yes,0,no,si,0
Patricia Díaz,1024000150,3183430482,patricia_díaz931@outlook.com,"Calle 41 #76-21, Ibagué",IZO070,1819,CDA-76195,02-11-2024,2004.0,468.330,3000,Ford,GNV,autom,4x2,escolar,Urbano,true,0,1,no,0,no,0,1
Fabio Arévalo,211657658,3167011230,fabio-arévalo449@live.com,"Circular 106 #43-23, Cartagena",LOL736,2650,CDA-50499,15-01-2024,2015.0,285903,4000,Kia,hibrido,CVT,FWD,escolar,Rural,no,true,true,1,,yes,no,1
Patricia Mejía,401985536,3052025328,patricia-mejía653@hotmail.com,"Transversal 48 #85-29, Bucaramanga",GVT 289,1422,CDA-55243,14-12-2020,2020.0,132175,3000 cc,Fiat,DIESEL,,fwd,,rural,no,no,no,0,1,si,no,0
Luis Rodríguez,447757316,3207836867,luis.rodríguez518@yahoo.com,"Circular 70 #97-99, Manizales",LGO919,280,CDA-30558,13/07/2020,2020.0,53k,1300,Kia,Electrico,MANUAL,awd,PARTICULAR,rural,false,no,0,,no,no,no,0
Claudia Vargas,183662221,3138709401,claudia.vargas991@yahoo.com,"Transversal 68 #83-85, Ibagué",TQA 871,946,CDA-41219,2019/05/26,2005.0,193.507,2250,Renault,Gas,Automática,4x4,particular,Mixto,yes,no,false,no,1,,no,1
Lina Santana,474015078,3115276971,lina.santana14@hotmail.com,"Transversal 22 #83-63, Cúcuta",IWH-763,666,CDA-30925,2022/10/13,2023.0,,2200,Suzuki,GNV,autom,fwd,Publico,Rural,0,false,false,no,no,0,false,0
Xiomara Pacheco,329845193,3055884974,xiomara-pacheco812@outlook.com,"Diagonal 72 #87-2, Cali",QKS833,1172,CDA-73776,26-07-2021,2008.0,433k,2000,Renault,Gasolina,CVT,AWD,PUBLICO,Suburbano,,no,no,1,no,yes,false,1
Marcela Fuentes,76772268,3043707516,marcela.fuentes981@outlook.com,,QWJ-233,1667,CDA-60383,2024/07/05,1996.0,490.1k km,2300,Mitsubishi,Electrico,tiptronic,4x4,Publico,RURAL,true,yes,false,no,no,false,1,1
Ricardo Peña,593993870,3049151402,ricardo-peña8@outlook.com,"Carrera 65 #93-15, Medellín",UEF515,347,CDA-71740,30/09/2019,2015.0,127254,1000,Peugeot,eléctrico,tiptronic,4X2,PUBLICO,Mixto,0,false,no,no,no,1,,0
Darío Acosta,102014365,3119270156,darío.acosta51@correo.com,"Transversal 37 #15-87, Medellín",JEA789,2907,CDA-79193,,2008.0,350056,3500,Hyundai,Gasolina,cvt,awd,público,mixto,true,,no,true,1,no,false,1
Fabio Arévalo,563348840,3132933490,fabio.arévalo862@outlook.com,,CCY-022,1796,CDA-93813,2019-09-28,1995.0,561k,3500,Nissan,Híbrido,autom,fwd,Publico,rural,1,no,true,no,si,1,no,1
Patricia Díaz,815859781,3049176697,patricia.díaz467@live.com,"Carrera 13 #17-27, Barranquilla",IRH418,812,CDA-93535,2021-11-28,2021.0,65106,2500,Toyota,Diesel,Automática,RWD,TAXI,urbano,no,0,0,no,1,0,false,1
Xiomara Pacheco,382323613,3171481657,xiomara.pacheco80@outlook.com,"Calle 82 #63-69, Medellín",ZVT628,2964,CDA-33189,01-12-2021,1997.0,461047,2200,Mitsubishi,Electrico,CVT,4X2,escolar,rural,1,true,yes,yes,si,false,false,1
Luis Rodríguez,792187072,3223480699,luisrodríguez362@gmail.com,"Avenida 114 #16-79, Bogotá",ATJ743,2094,CDA-53368,15/01/2019,2005.0,312716,1600,Suzuki,Gasolina,semiautomatica,4X2,público,urbano,no,no,true,no,si,true,no,1
Claudia Vargas,78189612,3012017263,claudia.vargas479@live.com,"Transversal 20 #96-23, Bogotá",KCM936,2814,CDA-73739,2024-04-08,1996.0,379523,2200,Hyundai,Gasolina,Mecanica,4x2,particular,Urbano,,no,false,1,1,,1,0
Fabio Arévalo,134637135,3158281401,fabio-arévalo702@yahoo.com,"Carrera 11 #92-23, Cartagena",CAN 258,2011,CDA-28030,15-08-2024,2015.0,116.5k km,2000 cc,Chevrolet,Diesel,Automatio,fwd,Escolar,mixto,no,1,no,no,0,no,0,1
José Hernández,1017113687,3506374378,josé-hernández461@gmail.com,"Carrera 53 #4-98, Cali",VRU805,480,CDA-25406,19/10/2024,2013.0,,2200,Nissan,diesel,tiptronic,4X4,Publico,Mixto,false,0,false,no,no,0,no,1
Ana Gómez,407344797,3158468683,anagómez146@live.com,"Diagonal 88 #69-77, Medellín",UJN 953,1910,CDA-57885,2022/10/26,2009.0,391.081,1300,Fiat,hibrido,manual,rwd,PUBLICO,suburbano,false,1,0,no,false,false,1,1
Alejandro Zapata,733045930,3172054702,alejandro_zapata5@hotmail.com,"Avenida 116 #66-40, Manizales",GGU090,1823,CDA-56607,2019-03-21,2004.0,466.3k km,2500,Nissan,diesel,semiautomatica,fwd,taxi,Suburbano,,1,no,1,false,no,,1
Gustavo Barrera,267307519,3175546442,gustavo.barrera208@yahoo.com,"Transversal 65 #98-67, Neiva",MOL792,290,CDA-72245,2020-10-25,1996.0,,,Peugeot,eléctrico,Tiptronic,4x4,publico,mixto,0,0,true,false,false,no,true,1
Ana Gómez,89848482,3229381416,ana_gómez218@correo.com,"Carrera 108 #74-58, Villavicencio",FTM742,843,CDA-43133,15/11/2020,2014.0,165k,1600 cc,Ford,GNV,Automatio,4x2,TAXI,Suburbano,0,,1,yes,0,no,0,1
Natalia Reyes,1063710790,3117665237,nataliareyes452@yahoo.com,"Calle 11 #86-11, Villavicencio",GEW-900,1287,CDA-42526,31-07-2023,2019.0,56142,1200,renoult,Híbrido,Automatio,,Publico,URBANO,yes,0,false,no,false,no,no,0
Xiomara Pacheco,1038769191,3054528807,xiomarapacheco297@yahoo.com,"Transversal 118 #18-42, Barranquilla",VYX465,326,CDA-72049,22/12/2024,2001.0,365k,1200,Mazda,gas,AUTOMATICA,4x2,PUBLICO,suburbano,1,si,no,0,1,si,no,1
José Hernández,1046663302,3053725608,josé-hernández966@hotmail.com,"Calle 23 #7-72, Ibagué",WLM 803,1908,CDA-54660,2022-06-25,2002.0,218.450,1600 cc,Kia,gasolina,mecánica,awd,particular,rural,false,si,si,si,no,no,si,1
Catalina Ortiz,456402174,3045158551,catalina_ortiz597@correo.com,"Avenida 37 #75-32, Cartagena",GBY-978,2116,CDA-73775,05-05-2021,2016.0,169207,1200,Dodge,Diesel,Automática,awd,Publico,rural,0,false,no,yes,1,false,no,1
Roberto Nieto,241132188,3234767003,roberto_nieto464@correo.com,"Carrera 68 #22-52, Montería",PCU337,606,CDA-47232,2024/02/04,2000.0,937823,1300,Ford,Gas Natural,automatica,4X4,público,Rural,no,yes,,no,no,si,no,1
Andrés Torres,37457389,3202764491,andrés.torres123@hotmail.com,"Circular 76 #14-95, Neiva",EJF284,94,CDA-75419,11-07-2024,2021.0,67k,1500,Toyota,gnv,AUTOMATICA,RWD,PUBLICO,Mixto,false,si,false,true,no,no,no,1
Diana Herrera,540038445,3053310690,diana-herrera132@live.com,"Avenida 100 #68-62, Neiva",ENR 010,679,CDA-60326,12/03/2019,2011.0,416228,1500cc,Toyota,hibrido,manul,FWD,Escolar,urbano,no,yes,0,false,false,0,false,1
Diana Herrera,697211588,3193559704,diana-herrera633@yahoo.com,"Diagonal 2 #30-73, Ibagué",VRP 061,1426,CDA-72223,2021-04-29,1999.0,256308 km,4000,Ford,Electrico,MANUAL,fwd,Escolar,mixto,,true,true,0,0,no,1,1
Viviana Suárez,1055035878,3141761976,viviana.suárez8@hotmail.com,"Carrera 99 #18-98, Bucaramanga",DML152,18,CDA-56421,2018/06/23,,519780,2200,Dodge,hibrido,autom,fwd,PUBLICO,Urbano,1,no,true,1,1,yes,false,1
Felipe Ramos,474221245,3014898490,felipe-ramos343@gmail.com,"Transversal 22 #92-32, Neiva",VUZ905,2894,CDA-47876,01/11/2024,2002.0,585540,1500,Peugeot,Diesel,semiautomatica,AWD,Carga,Urbano,true,no,yes,true,yes,false,,1
Ana Gómez,447617334,3134497833,ana_gómez938@gmail.com,"Carrera 9 #92-53, Pasto",XFG253,863,CDA-82303,2020/03/10,2017.0,256.2k km,3000,Ford,Gas Natural,manul,rwd,publico,urbano,,0,false,no,no,false,no,1
Patricia Díaz,286600227,3052687744,patricia-díaz808@outlook.com,"Calle 105 #27-36, Cali",GWQ409,3178,CDA-62234,2022/12/31,2001.0,293.104,1600,Ford,hibrido,mecánica,AWD,Particular,urbano,no,false,si,si,1,false,,0
María López,324268895,3056492766,maría-lópez500@hotmail.com,"Avenida 92 #53-70, Armenia",SMB641,512,CDA-93628,2022/10/30,2011.0,192061,1400,Nissan,Electrico,cvt,FWD,PARTICULAR,rural,no,0,false,no,0,no,no,0
Gustavo Barrera,854155248,3239257034,gustavo_barrera27@hotmail.com,"Transversal 89 #20-97, Barranquilla",SSN-178,2125,CDA-32158,2023/10/20,1997.0,679549,,Suzuki,diesel,Mecanica,4x4,taxi,URBANO,1,no,0,false,,1,no,1
Roberto Nieto,698958638,,roberto.nieto583@live.com,"Diagonal 70 #96-34, Bucaramanga",ISZ-777,582,CDA-48590,18-05-2018,2004.0,262624,4000,Mitsubishi,Gasolina,autom,AWD,,rural,true,,si,false,yes,1,0,1
Roberto Nieto,390133237,3171131890,robertonieto891@outlook.com,"Transversal 33 #11-22, Bogotá",NFW 466,2674,CDA-11707,2021-01-04,2011.0,272462 km,1200,Toyota,gas,manul,FWD,carga,Mixto,no,no,no,1,,1,0,1
Felipe Ramos,878951532,3056707004,feliperamos137@outlook.com,"Circular 105 #38-79, Ibagué",IFV219,184,CDA-38701,2020/07/14,2021.0,85855,,Kia,,tiptronic,rwd,público,urbano,no,no,false,false,,false,no,0
Sebastián Cruz,380658119,3108966567,sebastián.cruz841@gmail.com,,UWC400,1489,CDA-93765,2020/07/29,2006.0,146.4k km,,Peugeot,GASOLINA,tiptronic,RWD,particular,Urbano,false,true,no,,1,,no,0
,554397541,,guillermoávila290@correo.com,"Carrera 48 #87-31, Neiva",STW536,747,CDA-66689,2019-12-26,1996.0,200.760,1200,Peugeot,Electrico,AUTOMATICA,rwd,taxi,RURAL,true,no,false,,false,true,no,1
Carlos Martínez,99422183,3508907826,carlosmartínez219@gmail.com,"Avenida 24 #49-22, Armenia",ZLL936,1533,CDA-27852,2020-01-31,2008.0,438780,1000,Hyundai,Gasolina,Automatio,4x4,Publico,Mixto,no,no,yes,false,no,si,false,1
Felipe Ramos,1034318440,3184216030,feliperamos699@correo.com,"Circular 116 #11-90, Villavicencio",ASL151,1733,CDA-60775,02-04-2023,2020.0,99417,1500cc,Mazda,,manul,AWD,Taxi,mixto,si,false,,1,no,0,no,0
Natalia Reyes,151771660,3501020737,natalia-reyes733@correo.com,"Avenida 17 #89-75, Cartagena",UFL119,241,CDA-60773,18/06/2019,2012.0,137.203 km,2500cc,Mazda,hibrido,Tiptronic,fwd,Particular,URBANO,0,no,no,true,false,true,si,0
Laura García,887338712,3504779728,laura_garcía363@outlook.com,"Calle 119 #60-33, Cartagena",XTL444,1868,CDA-34054,10/06/2020,9999.0,802806 km,1300,Nissan,GNV,Tiptronic,RWD,Taxi,mixto,1,false,1,1,si,si,true,1
Patricia Díaz,649193169,3198548873,patricia_díaz350@hotmail.com,"Calle 96 #78-34, Armenia",LAK064,103,CDA-88890,25-05-2021,2016.0,179437,3000,Toyota,,Manual,4X4,público,Rural,,,,0,false,0,no,0
María López,498279172,3145016828,maría.lópez837@hotmail.com,"Carrera 54 #96-24, Bucaramanga",MZT 376,933,CDA-50352,2018-02-25,2000.0,339357,1600,Volkswagen,eléctrico,manual,awd,publico,mixto,,no,si,0,true,yes,0,1
José Hernández,73523145,3111927547,josé.hernández211@yahoo.com,"Transversal 35 #9-39, Medellín",LVD012,2372,CDA-51019,15-03-2021,2008.0,334205 km,3000,Kia,GSL,mecánica,fwd,Taxi,Rural,no,false,no,no,true,yes,,1
Lina Santana,495024767,3021531577,linasantana387@live.com,"Circular 2 #90-22, Medellín",LUO805,33,CDA-84289,2018-07-10,2016.0,199190,2400,Honda,GNV,mecánica,FWD,TAXI,mixto,0,false,,no,si,false,no,1
Laura García,164927596,3016924552,laura.garcía200@live.com,"Carrera 34 #1-92, Ibagué",,2304,CDA-89742,2021-01-19,2016.0,215012,4000,Honda,gnv,Mecanica,AWD,Escolar,Rural,1,false,no,yes,0,0,0,1
Patricia Díaz,839439400,3163044720,patricia_díaz814@correo.com,"Circular 42 #8-45, Bucaramanga",FKT941,1958,CDA-51176,21/01/2023,2011.0,630.930 km,,Mitsubishi,gnv,manul,AWD,carga,mixto,0,no,,si,false,false,false,1
Alejandro Zapata,166718734,3043944480,alejandrozapata914@outlook.com,"Diagonal 111 #74-91, Pereira",DPS202,1279,CDA-38065,2024/08/19,2018.0,158642,2200cc,Mazda,GNV,manul,FWD,Carga,Mixto,0,no,0,0,no,false,false,1
Ernesto Pineda,477620144,3245678825,ernesto_pineda646@gmail.com,"Circular 82 #98-82, Pereira",NFK729,171,CDA-62435,22-12-2023,2016.0,146k,1100,Nissan,Electrico,Manual,4x4,Taxi,Urbano,no,true,no,no,0,0,no,0
Catalina Ortiz,,3249900345,catalina_ortiz238@live.com,"Circular 100 #36-85, Montería",BDW674,315,CDA-75797,2018/01/23,2020.0,139.164,1300 cc,Peugeot,nafta,manual,AWD,Publico,mixto,false,true,no,si,0,no,no,1
Laura García,783166100,3162379009,laura_garcía457@outlook.com,"Carrera 66 #20-96, Bogotá",PAR636,3171,CDA-24816,04-10-2022,2010.0,229075,2500,Renault,gas,CVT,RWD,publico,Suburbano,no,no,1,no,0,false,,1
Jhon Morales,428836193,3138058048,,"Diagonal 98 #70-69, Bucaramanga",MCD-602,558,CDA-18273,2021/12/17,2020.0,87k,4000,Peugeot,Gas,CVT,4x4,TAXI,RURAL,0,0,no,0,no,0,,1
Sandra Castro,490958600,3231892572,sandracastro510@live.com,"Carrera 3 #72-58, Cúcuta",XMS039,185,CDA-13614,2023/07/04,2011.0,303.212 km,1300 cc,Fiat,Diesel,automatica,rwd,TAXI,Mixto,false,true,no,no,no,0,no,1
Ricardo Peña,831217812,3137257295,ricardo-peña308@hotmail.com,"Carrera 16 #89-3, Manizales",QGB-561,3181,CDA-67262,28/05/2023,2003.0,679.1k km,2500,Kia,Gas,manul,4x2,público,rural,no,yes,false,si,no,1,false,1
Iván Salcedo,423636714,3162417232,ivánsalcedo642@correo.com,"Calle 9 #9-41, Cali",PLV899,790,CDA-65269,24-10-2022,2006.0,225770,3000,Toyota,Diesel,automatica,4X2,Publico,Mixto,0,no,yes,si,si,no,0,1
Darío Acosta,1085462677,3509562069,darío.acosta930@hotmail.com,"Calle 19 #28-65, Medellín",UUX675,1193,CDA-36489,24-09-2019,2003.0,430284,2000,Kia,gasolina,automatica,awd,taxi,urbano,0,,no,no,true,no,false,1
Ricardo Peña,571999791,3007208506,ricardopeña652@correo.com,"Calle 26 #48-33, Neiva",JVV 049,694,CDA-89647,2018-11-12,2003.0,622009 km,3000cc,Suzuki,nafta,semiautomatica,4X4,taxi,Mixto,no,true,false,1,false,0,no,1
Andrés Torres,395589038,3177139004,andréstorres740@live.com,"Circular 59 #90-26, Cartagena",SPJ509,1000,CDA-96335,23-11-2022,2014.0,292943,1400,Peugeot,Diesel,AUTOMATICA,rwd,público,rural,,no,no,false,no,true,no,0
Omar Leal,764587758,3502386807,omar-leal634@live.com,"Diagonal 23 #97-64, Bogotá",XVB 993,1386,CDA-57751,2020/02/22,2015.0,245202,2200cc,Suzuki,Gas,Automática,4x2,Taxi,Rural,false,no,false,yes,no,no,no,0
Carlos Martínez,806606983,3155497120,carlos.martínez699@hotmail.com,"Calle 86 #18-24, Cartagena",UXJ-908,258,CDA-16655,31-03-2019,1996.0,551389,4000,Suzuki,GAS,tiptronic,fwd,taxi,RURAL,,1,si,1,yes,0,no,1
Carlos Martínez,301529274,3508727886,carlos_martínez474@outlook.com,"Calle 107 #67-39, Ibagué",INF678,77,CDA-46760,2021/10/21,1995.0,743932,1600,Renault,GSL,autom,AWD,Taxi,urbano,1,si,,1,true,true,0,1
Xiomara Pacheco,932680560,3196232646,xiomarapacheco594@outlook.com,"Transversal 62 #74-97, Armenia",PKF590,528,CDA-44061,12/05/2022,2023.0,25360,1100,Suzuki,,semiautomatica,fwd,público,Urbano,no,false,0,no,no,false,false,0
Gustavo Barrera,1085039632,3178443880,gustavobarrera955@correo.com,"Carrera 116 #83-17, Villavicencio",ELC318,2212,CDA-59580,16/12/2022,2024.0,0,2500,Ford,gas,Automatio,4X2,Carga,URBANO,no,0,0,false,false,0,0,1
Gustavo Barrera,170983707,3173874971,gustavo_barrera775@correo.com,"Carrera 25 #41-54, Cali",UWH 415,806,CDA-13678,11/02/2019,2003.0,285783,1400,Mitsubishi,nafta,manul,RWD,PARTICULAR,Urbano,no,si,no,no,no,1,no,1
Jhon Morales,313161012,3185964201,jhon_morales126@outlook.com,"Circular 112 #21-91, Bucaramanga",GZD 859,2874,CDA-84309,2023-10-16,2016.0,164k,1100 cc,Renault,GAS,,rwd,escolar,RURAL,no,si,true,yes,no,no,0,1
Patricia Mejía,1054095261,3128889104,patricia.mejía885@yahoo.com,"Diagonal 33 #63-32, Ibagué",IOV407,3039,CDA-55100,19/12/2018,2019.0,88897,2200,Fiat,gnv,manual,fwd,público,Suburbano,no,,0,0,1,no,no,1
Sandra Castro,962159950,3187685752,,"Avenida 106 #7-75, Pereira",EMH076,310,CDA-85356,27/02/2022,2022.0,46k,3500,Toyota,eléctrico,Manual,FWD,PUBLICO,Urbano,no,false,no,no,no,false,no,0
Guillermo Ávila,27072953,3155864489,guillermoávila728@live.com,"Transversal 84 #5-60, Cúcuta",XFF669,2953,CDA-16388,04-09-2024,2004.0,570.000,2400,Peugeot,Híbrido,Tiptronic,4x2,taxi,suburbano,no,true,,0,no,no,no,1
Patricia Mejía,748221376,3504270889,patricia.mejía881@yahoo.com,"Diagonal 7 #87-44, Barranquilla",JMT915,2811,CDA-55921,23/07/2018,2006.0,434236,2400 cc,Ford,Gas,MANUAL,rwd,Escolar,RURAL,false,1,yes,no,no,false,false,1
Ricardo Peña,1053862109,3228347591,ricardo.peña678@correo.com,"Circular 64 #5-38, Medellín",ARB-176,3169,CDA-97128,04-07-2022,2022.0,48550,1400,Volkswagen,GASOLINA,manul,FWD,público,Suburbano,no,no,,,false,0,0,0
Sandra Castro,462919441,3194402055,sandra-castro482@correo.com,"Circular 2 #72-84, Medellín",MFU172,2844,CDA-64857,23/05/2020,1996.0,454.766,1400,Mazda,Electrico,AUTOMATICA,AWD,publico,RURAL,1,si,1,no,1,no,0,1
Jhon Morales,700335196,3046685849,jhon.morales130@correo.com,"Circular 55 #82-97, Bucaramanga",TCF079,2903,CDA-94336,28-02-2018,2006.0,373072,1300,Toyota,gasolina,mecánica,4X2,TAXI,Rural,no,no,no,0,si,1,no,1
Patricia Mejía,807072474,3152794003,,"Circular 59 #34-91, Barranquilla",QTG-815,2712,CDA-33994,03-02-2018,2006.0,,,Volkswagen,hibrido,Tiptronic,RWD,particular,suburbano,true,1,0,si,si,si,no,1
Diana Herrera,135430381,3504229215,dianaherrera242@outlook.com,,NBA 285,1510,CDA-22093,2019/11/16,2019.0,180407,1800,Renault,GASOLINA,,4x4,,rural,0,0,no,no,true,no,no,1
,864316313,3131741632,ingrid_bermúdez417@gmail.com,"Transversal 44 #28-29, Manizales",ZDX 467,3005,CDA-50333,15/04/2018,2022.0,58348 km,3000 cc,Kia,,manul,AWD,publico,RURAL,no,,no,no,0,false,,0
,597556703,3053754552,mónica-aguirre46@yahoo.com,"Diagonal 21 #37-51, Bucaramanga",OYW129,2258,CDA-65710,2018/04/18,2005.0,415.041,1450,Volkswagen,GASOLINA,mecánica,AWD,,URBANO,no,true,true,si,,false,no,1
Ana Gómez,67469287,3247390274,ana-gómez397@outlook.com,"Calle 75 #87-51, Medellín",EFE360,464,CDA-84174,11-10-2019,1998.0,415035,2400cc,Chevrolet,Gas,Automática,RWD,particular,urbano,false,no,si,1,no,false,0,1
Ana Gómez,921637356,3153220298,ana_gómez566@hotmail.com,"Avenida 11 #58-86, Medellín",XWX017,193,CDA-18514,2020-08-28,2005.0,,,Nissan,Electrico,mecánica,RWD,PARTICULAR,Urbano,false,,no,1,0,yes,no,1
Mónica Aguirre,159935535,3106379353,mónica-aguirre865@correo.com,"Transversal 58 #36-43, Pasto",GGB-599,2009,CDA-75369,23/04/2024,2013.0,329387,2000,Chevrolet,eléctrico,AUTOMATICA,4x2,taxi,RURAL,false,0,0,no,0,no,false,1
Roberto Nieto,725157452,3041827509,robertonieto636@correo.com,"Transversal 119 #93-14, Montería",NNU-376,737,CDA-48661,2022-07-23,2015.0,145369,1100,Hyundai,nafta,CVT,4x4,PARTICULAR,RURAL,no,true,1,false,no,false,1,1
Claudia Vargas,1009859218,3157739613,claudia-vargas202@yahoo.com,"Circular 10 #89-60, Cúcuta",WMB612,1189,CDA-26282,2021/04/23,1995.0,844636,1300,Renault,Gasolina,Tiptronic,rwd,escolar,mixto,false,yes,true,no,no,true,no,1
Ingrid Bermúdez,257222528,3118752175,ingrid-bermúdez515@gmail.com,"Transversal 7 #20-22, Montería",NSI522,1196,CDA-47969,,2013.0,186803,2050,Renault,Gas,MANUAL,rwd,PARTICULAR,URBANO,1,si,0,no,yes,,no,1
Mauricio Ruiz,446108990,3157547783,mauricio.ruiz534@yahoo.com,"Transversal 108 #80-40, Ibagué",BEJ831,458,CDA-39840,26/12/2018,2014.0,172.4k km,1600,Hyundai,gas,mecánica,4x4,taxi,URBANO,no,yes,yes,false,,,no,1
Ingrid Bermúdez,558577334,3045546346,ingrid.bermúdez5@gmail.com,"Avenida 5 #57-48, Manizales",GWD737,545,CDA-73736,11/08/2022,2012.0,77.551 km,1500 cc,Peugeot,Gasolina,AUTOMATICA,fwd,TAXI,Suburbano,0,false,false,si,,yes,false,0
Yolanda Cárdenas,266422083,3055476938,yolandacárdenas469@outlook.com,"Avenida 98 #27-59, Cali",XOM547,2025,CDA-67561,2018/08/15,2024.0,0k,1300,Suzuki,diesel,Manual,fwd,Escolar,mixto,0,0,0,,no,false,false,0
Claudia Vargas,221727219,3223434703,claudia-vargas784@hotmail.com,"Avenida 82 #92-59, Manizales",AST939,1676,CDA-92439,06-08-2024,2023.0,22582 km,1200,Kia,diesel,automatica,awd,carga,Mixto,yes,no,,,no,0,no,0
Patricia Mejía,364405759,3138388081,patricia_mejía726@hotmail.com,"Carrera 109 #2-39, Pasto",QZL179,462,CDA-14254,03-02-2024,2020.0,101057,2450,Mazda,GSL,MANUAL,rwd,publico,Suburbano,0,no,false,yes,no,no,no,1
Felipe Ramos,113801807,3502002539,felipe-ramos827@correo.com,"Avenida 24 #57-92, Cartagena",RBV685,1653,CDA-62241,2023-09-28,1997.0,714362 km,1100,Fiat,gasolina,Automática,FWD,PUBLICO,Urbano,1,0,1,yes,,no,0,1
Guillermo Ávila,802281103,3138630156,guillermo_ávila630@correo.com,"Carrera 16 #16-35, Pasto",ZID 490,1341,CDA-83239,2023-08-21,2006.0,471.677,4000,Kia,gasolina,tiptronic,4x4,Publico,Suburbano,yes,no,no,false,true,false,no,1
Mónica Aguirre,1093340605,3247086146,mónica_aguirre173@hotmail.com,"Diagonal 69 #77-55, Cali",LYR 634,2647,CDA-49048,2018-03-11,2009.0,333317,1000,hiunday,,MANUAL,4x4,Taxi,suburbano,true,0,no,no,no,,no,1
Ricardo Peña,136370708,3195835370,ricardo-peña807@yahoo.com,"Avenida 113 #72-90, Villavicencio",SBY-129,3192,CDA-41100,08-05-2021,2008.0,485k,1500,Volkswagen,eléctrico,mecánica,4x2,Publico,Urbano,true,si,si,yes,true,,no,1
Mónica Aguirre,869426802,3224622530,mónicaaguirre118@gmail.com,"Diagonal 117 #92-72, Medellín",RLA 510,3013,CDA-44244,2020-10-28,2023.0,342722,4050,Hyundai,gnv,MANUAL,4X2,Carga,Mixto,1,0,0,false,false,no,no,1
Guillermo Ávila,425747708,3502079308,guillermo_ávila412@yahoo.com,"Carrera 81 #68-19, Pereira",BUL 386,1079,CDA-80406,2023-09-06,2013.0,398k,2500,Honda,Híbrido,Tiptronic,4x2,taxi,urbano,false,si,false,yes,0,false,false,1
Luis Rodríguez,167115912,3151911397,luis-rodríguez884@correo.com,"Transversal 57 #83-53, Villavicencio",SFH044,230,CDA-68854,2022/07/10,1995.0,872812,2000cc,Fiat,diesel,semiautomatica,4x2,carga,URBANO,,yes,1,no,si,1,,1
Catalina Ortiz,36466145,,catalinaortiz92@hotmail.com,"Calle 84 #58-22, Cali",FVO740,292,CDA-25722,05-11-2020,2010.0,178940,1600cc,Chevrolet,gas,MANUAL,4x2,Particular,URBANO,si,true,yes,true,0,,0,1
Viviana Suárez,848628706,3018221267,,"Circular 13 #62-30, Armenia",PDS-333,415,CDA-34638,28-02-2022,2008.0,439877,2000 cc,Peugeot,Gas,autom,4x2,escolar,URBANO,no,false,false,si,no,false,no,1
Iván Salcedo,516120301,3018012394,iván_salcedo404@hotmail.com,"Carrera 87 #4-30, Villavicencio",IWT647,2439,CDA-96334,2023-05-27,2005.0,412761,2500,Kia,gasolina,automatica,RWD,escolar,Suburbano,no,no,no,true,no,no,0,1
Marcela Fuentes,351593121,3022815385,marcela-fuentes864@yahoo.com,"Avenida 51 #98-98, Pereira",GQJ-323,394,CDA-20015,04-02-2019,2015.0,348623,2100,Peugeot,diesel,manul,4X4,publico,RURAL,false,no,false,no,no,0,no,0
Sebastián Cruz,801168180,3027229977,sebastián-cruz758@hotmail.com,"Calle 65 #64-70, Pereira",IOX535,3031,CDA-43512,11/05/2024,1995.0,183788,,Kia,Gas,CVT,awd,PUBLICO,URBANO,no,false,true,si,no,no,,0
José Hernández,1018375343,3025434520,josé_hernández533@hotmail.com,"Avenida 13 #95-58, Pereira",EBP 016,1201,CDA-60220,2022-01-22,2013.0,171.198,1400,Nissan,Híbrido,mecánica,awd,particular,rural,yes,no,,,,no,no,0
Mónica Aguirre,1094822453,3118403323,mónica-aguirre870@hotmail.com,"Carrera 44 #10-58, Pereira",CIK272,2574,CDA-82053,17/03/2021,2012.0,295481,1350,Suzuki,Diesel,,4x2,taxi,Mixto,true,1,si,0,no,si,false,0
Laura García,1060080762,3026576326,laura-garcía838@yahoo.com,"Avenida 12 #82-79, Neiva",AJU078,1869,CDA-72538,12-11-2020,2007.0,285.901,1400,Chevrolet,GSL,semiautomatica,fwd,PUBLICO,Mixto,1,,,0,false,0,,1
Mónica Aguirre,819225041,3108711874,mónica_aguirre560@yahoo.com,"Circular 88 #83-89, Bucaramanga",EGO292,27,CDA-74094,29-11-2021,2002.0,360086,4100,Suzuki,nafta,Automatio,4X2,escolar,Urbano,no,0,no,,si,no,0,0
Mónica Aguirre,82538847,3001532363,mónica.aguirre733@yahoo.com,"Avenida 49 #18-98, Pereira",SFJ849,1993,CDA-93400,2020-07-28,2023.0,33916,2400,Dodge,eléctrico,tiptronic,FWD,escolar,Suburbano,1,0,1,no,false,no,,1
Natalia Reyes,548639596,3168219513,natalia_reyes583@live.com,"Transversal 89 #5-23, Ibagué",JFP-031,2513,CDA-91007,2023/06/08,2003.0,611.449,1050,Toyota,GNV,CVT,4x2,escolar,RURAL,false,si,no,false,1,,,1
Sandra Castro,754595777,3004229642,sandracastro255@gmail.com,"Diagonal 19 #56-53, Neiva",FXD318,1872,CDA-28154,2024/03/14,2022.0,46776 km,1100,Renault,DIESEL,mecánica,4X4,PUBLICO,urbano,false,false,no,false,false,false,no,0
José Hernández,1072157765,3004626151,joséhernández193@outlook.com,"Carrera 105 #76-98, Cúcuta",IYS681,145,CDA-60538,16/12/2024,2005.0,512033,1200 cc,Hyundai,gasolina,tiptronic,4X2,escolar,suburbano,no,si,no,no,false,no,0,1
Lina Santana,820090548,3188161079,lina.santana449@gmail.com,"Avenida 46 #25-44, Manizales",GCA478,153,CDA-11952,2020-10-20,1997.0,537294,1000,Dodge,nafta,mecánica,RWD,taxi,mixto,,,no,no,,,no,0
Patricia Díaz,617981604,3177755292,patricia.díaz999@live.com,"Calle 22 #84-48, Cartagena",KLS 162,2383,CDA-49388,07-12-2020,2003.0,347487,2500,Hyundai,GSL,manul,fwd,PARTICULAR,mixto,1,true,no,si,0,si,no,1
Camilo Rojas,375592382,3113007491,camilo.rojas193@yahoo.com,"Transversal 84 #13-3, Villavicencio",FOW850,1554,CDA-57066,2019/11/09,2021.0,56.395,1400,Mazda,gas,semiautomatica,FWD,carga,Suburbano,no,no,false,no,false,no,false,0
Jhon Morales,48409720,3146731847,jhon_morales370@outlook.com,"Calle 77 #35-36, Bogotá",WMS381,2772,CDA-38846,08/12/2018,1996.0,543218 km,1400,Fiat,gasolina,Manual,4X2,TAXI,Urbano,no,,false,0,no,1,0,1
Camilo Rojas,806918185,3011812114,camilo.rojas472@hotmail.com,"Transversal 4 #4-61, Bucaramanga",CEL-893,1633,CDA-69543,29/11/2023,2012.0,242.1k km,1600,Mazda,Híbrido,AUTOMATICA,4x4,carga,Rural,0,1,0,si,,false,false,1
Ricardo Peña,,3223627742,ricardo.peña270@gmail.com,"Diagonal 103 #90-51, Manizales",VSX176,2154,CDA-30493,2024-08-07,1800.0,294032 km,2300,Toyota,Gas,Mecanica,rwd,escolar,Rural,no,true,no,true,false,false,0,1
Diana Herrera,74982492,3206304154,dianaherrera734@correo.com,"Transversal 88 #81-58, Montería",GUH117,496,CDA-43175,2021/01/25,2021.0,87.125,1600,Fiat,Híbrido,mecánica,rwd,PUBLICO,RURAL,no,true,,false,si,false,0,0
Fabio Arévalo,478044008,3125528979,fabio.arévalo890@hotmail.com,"Calle 37 #4-47, Armenia",LCS-360,1579,CDA-98714,2023-08-29,2000.0,467773,2000,Peugeot,Híbrido,manul,awd,Taxi,URBANO,yes,1,no,true,true,0,yes,1
Omar Leal,1090479657,3018247800,omarleal993@gmail.com,"Calle 87 #92-16, Ibagué",CVV698,322,CDA-29039,2022-03-31,2007.0,500.882,2000,Volkswagen,GNV,manul,FWD,Escolar,rural,,no,true,false,no,false,1,0
Camilo Rojas,183201859,3101609114,camilorojas923@correo.com,"Circular 77 #62-42, Bogotá",YCI998,1895,CDA-93626,2022/02/20,2022.0,48674,3000,Renault,diesel,manual,awd,carga,mixto,no,no,no,no,false,false,no,0
Claudia Vargas,1035586460,3166532337,claudia-vargas946@live.com,"Diagonal 36 #69-91, Cartagena",CRS 256,388,CDA-68164,2019-05-08,2001.0,539183,1500,Volkswagen,hibrido,CVT,FWD,PARTICULAR,Rural,no,yes,yes,no,no,true,no,1
Carlos Martínez,382925545,3059096593,carlos_martínez81@correo.com,"Avenida 17 #35-28, Neiva",AGC-898,1214,CDA-40448,14/06/2022,2017.0,221983 km,1400 cc,Volkswagen,nafta,semiautomatica,RWD,PUBLICO,,yes,,0,1,false,no,no,1
Laura García,462239813,3172370844,laura.garcía796@correo.com,"Avenida 77 #55-36, Armenia",RLI-027,2944,CDA-91444,22/09/2020,2017.0,164k,2500,Mazda,DIESEL,Tiptronic,4x2,carga,suburbano,no,0,no,,no,0,no,1
Xiomara Pacheco,1094339568,3113133620,xiomarapacheco101@hotmail.com,"Avenida 18 #58-1, Medellín",ZVD271,788,CDA-31767,2020-07-01,1998.0,443724,1800 cc,hiunday,gasolina,CVT,4X2,PARTICULAR,rural,no,yes,1,no,no,no,0,1
Catalina Ortiz,831489854,3014701218,catalina_ortiz246@live.com,"Transversal 22 #21-75, Cúcuta",ZKB 315,1095,CDA-35446,2022/02/16,2024.0,0,1600,Honda,Electrico,mecánica,rwd,Particular,Urbano,no,no,no,no,false,false,0,0
Jhon Morales,842119702,3057835795,jhon_morales720@live.com,"Calle 47 #30-2, Cali",BNA389,323,CDA-77755,2021-09-16,1995.0,547037,1600cc,Toyota,eléctrico,MANUAL,FWD,PUBLICO,,,true,0,si,0,yes,false,1
,901233744,3184682976,alejandro_zapata505@hotmail.com,"Carrera 45 #35-66, Pasto",ZIR 292,2799,CDA-78581,21/06/2020,2001.0,,1800cc,Kia,GSL,AUTOMATICA,FWD,PARTICULAR,mixto,si,yes,si,true,si,false,no,1
Claudia Vargas,332857300,3214022205,claudia-vargas856@yahoo.com,"Circular 22 #10-3, Pereira",BQN474,2685,CDA-48796,12/03/2018,2015.0,247616,3900,Kia,GNV,Mecanica,awd,publico,Rural,no,,0,,no,0,false,0
Jhon Morales,,3177399506,jhonmorales643@hotmail.com,"Carrera 4 #51-33, Cali",DDP-787,2207,CDA-73582,24/05/2019,2014.0,361.308,1300,Suzuki,DIESEL,mecánica,RWD,TAXI,urbano,0,false,1,no,true,0,0,0
Catalina Ortiz,732776386,3012780256,catalina_ortiz664@yahoo.com,"Carrera 33 #78-46, Montería",YWL-969,1955,CDA-25072,27-12-2023,2013.0,225857,2500,Kia,gas,Mecanica,4x4,público,URBANO,false,0,no,si,0,false,false,1
María López,1038846023,3127680188,maríalópez297@hotmail.com,"Diagonal 59 #69-3, Medellín",IGS754,2982,CDA-18149,22/01/2019,2012.0,414511,3500,Peugeot,gnv,automatica,FWD,carga,suburbano,0,no,0,no,0,true,yes,1
Viviana Suárez,400014583,3043724178,,"Diagonal 81 #48-34, Ibagué",UIX089,179,CDA-88447,27/11/2019,2017.0,96663,1550,Mazda,gas,tiptronic,fwd,particular,,false,,0,yes,si,false,no,1
Ana Gómez,911783286,3057308560,ana.gómez388@outlook.com,"Calle 29 #49-67, Neiva",IQA 304,1809,CDA-56702,23/05/2021,2008.0,210k,2250,Renault,Gasolina,Manual,4x4,TAXI,Urbano,no,yes,1,0,true,1,no,1
Ingrid Bermúdez,221648277,3167662764,ingrid.bermúdez562@hotmail.com,"Calle 34 #98-71, Cartagena",YXN553,239,CDA-58784,03/01/2022,2017.0,140256,3000cc,Suzuki,Gas Natural,Automática,,escolar,urbano,no,,no,,no,0,false,1
Sebastián Cruz,134010003,3129416307,,"Avenida 47 #47-24, Armenia",DIK041,1382,CDA-40336,2022-03-12,1999.0,320.109 km,1000,Mazda,Gas,manual,RWD,PARTICULAR,mixto,,true,false,0,true,si,0,1
Andrés Torres,964343740,3168723809,andréstorres767@live.com,"Carrera 6 #95-61, Bogotá",YSA572,3180,CDA-86076,12-06-2024,2001.0,663.945,1100,Volkswagen,,mecánica,FWD,Escolar,RURAL,si,1,no,true,true,yes,0,1
Guillermo Ávila,54729798,3131523545,guillermo.ávila529@yahoo.com,"Transversal 52 #91-39, Cali",YPL328,1398,CDA-64981,18-10-2019,2016.0,85021,1400cc,Nissan,gasolina,tiptronic,FWD,Particular,Suburbano,0,,no,false,false,0,,0
María López,734984587,3234217256,maríalópez503@correo.com,"Carrera 103 #53-24, Pereira",IIK 379,757,CDA-55510,23-10-2024,2020.0,275.993,2000,Peugeot,Gas,Automática,AWD,público,mixto,no,false,false,no,false,0,no,1
Darío Acosta,528542587,3504436715,darío.acosta351@gmail.com,"Calle 40 #35-95, Medellín",HHG399,1451,CDA-60658,2019-08-14,1998.0,710k,2000,Ford,eléctrico,autom,4X4,TAXI,RURAL,yes,yes,yes,1,true,,yes,1
Adriana Parra,617108164,3049350675,adriana-parra797@yahoo.com,"Carrera 46 #91-53, Bucaramanga",OXR420,52,CDA-85255,2019-09-03,2002.0,486461,4000,Chevrolet,Gasolina,tiptronic,4x4,Publico,URBANO,1,0,1,1,true,1,false,1
,221831436,3248185102,ivánsalcedo492@hotmail.com,"Calle 82 #74-3, Armenia",AVF420,2382,CDA-21811,21/11/2021,2022.0,21k,1650,Kia,gas,semiautomatica,RWD,particular,Mixto,0,,false,0,0,,no,0
Héctor Montoya,1085453606,3205396971,héctor-montoya479@hotmail.com,"Avenida 82 #25-53, Bucaramanga",YIL 006,296,CDA-28283,2021-09-21,1995.0,574k,2400,Ford,Electrico,Automatio,FWD,Taxi,RURAL,true,si,si,1,1,si,false,1
Fabio Arévalo,459526223,3126284171,,"Transversal 35 #57-51, Villavicencio",FGK646,2374,CDA-13844,2022-07-01,2024.0,0k,1800,Ford,eléctrico,,fwd,PARTICULAR,URBANO,0,0,0,0,no,no,0,0
Mónica Aguirre,572987343,3507232293,mónica-aguirre483@gmail.com,"Transversal 42 #79-29, Villavicencio",VXH419,15,CDA-22739,11/01/2024,2018.0,43427,2400,Kia,diesel,manul,fwd,PARTICULAR,urbano,false,no,no,false,0,no,false,1
Luis Rodríguez,254123329,3029614853,luis_rodríguez931@correo.com,"Carrera 26 #1-65, Cúcuta",DPU 535,332,CDA-65087,19/06/2020,2016.0,146k,1500 cc,Toyota,GNV,tiptronic,RWD,publico,Urbano,0,false,no,0,no,,no,0
Felipe Ramos,391029480,3245458768,felipe.ramos761@hotmail.com,"Calle 116 #17-67, Bucaramanga",FPP457,174,CDA-35745,2022-12-16,2003.0,578731,2200,Toyota,Diesel,manul,RWD,TAXI,urbano,0,no,1,true,1,si,no,1
Andrés Torres,56407258,3205390429,andrés_torres755@correo.com,"Carrera 6 #65-93, Armenia",TSO 195,1236,CDA-53762,2024-10-17,2021.0,111880,2500,mazda,GASOLINA,Mecanica,4X4,Escolar,urbano,no,,0,0,no,false,no,0
Patricia Díaz,665477660,3132766289,patricia_díaz788@correo.com,"Diagonal 115 #56-56, Ibagué",VSK-376,2130,CDA-18816,27-01-2024,2002.0,668.500 km,1100 cc,Dodge,Gas Natural,Automática,4X2,taxi,suburbano,false,false,no,0,no,false,0,0
María López,786787927,3242657866,maríalópez406@outlook.com,"Carrera 117 #60-16, Ibagué",PHC965,2187,CDA-28515,2021-06-15,2000.0,343.687,1400,Dodge,gas,Manual,4x2,taxi,URBANO,1,si,no,yes,true,1,false,1
Alejandro Zapata,868924465,3102704301,alejandro-zapata699@yahoo.com,"Calle 52 #83-37, Bucaramanga",LYW526,1160,CDA-68633,02-12-2020,2012.0,162k,1500,TOYOTA,DIESEL,CVT,rwd,PARTICULAR,Rural,0,no,,si,0,no,no,0
Lina Santana,402250067,3044889005,lina_santana328@live.com,"Circular 39 #79-27, Ibagué",IEK116,175,CDA-72098,04-09-2022,2009.0,243k,3500,Peugeot,GNV,autom,FWD,Particular,rural,yes,false,false,false,si,yes,no,1
Diana Herrera,328385810,3112052375,diana_herrera920@hotmail.com,"Diagonal 78 #92-64, Pasto",DNZ656,3058,CDA-50278,26-01-2024,1997.0,716388,,Mitsubishi,Gasolina,manul,RWD,público,RURAL,yes,si,false,1,1,no,yes,1
Andrés Torres,479888631,,andrés_torres940@live.com,"Carrera 44 #92-23, Neiva",WBD711,45,CDA-19506,2022-06-09,2016.0,111288 km,2400,Mazda,gasolina,CVT,fwd,Publico,rural,no,no,no,false,true,no,no,1
Andrés Torres,95919010,3126635101,andrés_torres488@gmail.com,"Transversal 10 #38-95, Bogotá",KOH-138,3096,CDA-33048,2021/06/25,2016.0,276767,,Suzuki,GAS,manual,FWD,Escolar,Mixto,,0,no,yes,no,no,false,0
Fabio Arévalo,264568876,3157021900,fabio-arévalo570@yahoo.com,"Carrera 114 #88-96, Manizales",SHT132,3047,CDA-27306,10-07-2021,2012.0,404316,1850,Volkswagen,GAS,AUTOMATICA,AWD,Carga,suburbano,yes,yes,no,,,no,0,1
Patricia Mejía,556029498,3114968713,patricia.mejía342@yahoo.com,"Carrera 84 #56-57, Montería",OUJ031,1965,CDA-61593,10/02/2020,2014.0,291k,1800,Kia,Gas,Automatio,FWD,Carga,Suburbano,1,0,yes,no,0,true,no,1
,627540615,3143287819,sandra-castro175@yahoo.com,"Carrera 30 #89-17, Montería",ACD565,655,CDA-40906,2024/07/28,2003.0,2.458,1300cc,Chevrolet,Gas,semiautomatica,4x4,Publico,Urbano,no,1,si,1,no,no,si,1
Marcela Fuentes,947080152,3189501735,marcela.fuentes424@outlook.com,"Calle 108 #32-19, Barranquilla",RST 691,417,CDA-93239,2023-02-04,2018.0,219801,2200,Kia,eléctrico,Mecanica,awd,publico,urbano,,no,,yes,yes,,no,0
Natalia Reyes,363062130,3182272225,natalia_reyes39@yahoo.com,"Transversal 111 #36-51, Armenia",GIF 402,2517,CDA-30704,2018/10/14,2006.0,461595,1200cc,Hyundai,gasolina,CVT,RWD,publico,Mixto,0,no,0,false,false,no,no,1
Guillermo Ávila,827210626,3176756652,guillermo_ávila430@live.com,"Circular 63 #24-65, Ibagué",ADT 654,1353,CDA-73288,2019/08/18,2009.0,435914,1800,Kia,Gas,CVT,,TAXI,urbano,true,no,false,true,1,,false,1
Sebastián Cruz,698400388,3052701408,sebastián.cruz547@correo.com,"Transversal 88 #80-13, Pasto",KQS976,264,CDA-38914,19/10/2021,2015.0,93512,1450,Hyundai,gas,automatica,AWD,Particular,mixto,no,false,,no,no,0,false,1
Luis Rodríguez,383709885,3185657734,luisrodríguez559@hotmail.com,"Carrera 12 #18-88, Villavicencio",DYJ561,766,CDA-12747,05-05-2019,2000.0,243417,1800,Mazda,gasolina,Mecanica,AWD,PARTICULAR,Mixto,false,true,true,1,no,true,no,1
Yolanda Cárdenas,157874958,3007340396,yolanda.cárdenas498@hotmail.com,"Diagonal 43 #92-64, Pereira",RFQ021,1682,CDA-20327,03-11-2018,2002.0,327604,1100,Honda,Gasolina,cvt,RWD,PARTICULAR,Urbano,0,no,si,true,0,yes,no,1
Jhon Morales,848575750,3015188691,jhonmorales146@live.com,"Circular 71 #45-63, Cúcuta",FVU 133,2585,CDA-43165,25-10-2020,2024.0,0k,2500 cc,Peugeot,GSL,autom,rwd,Particular,urbano,no,no,false,,no,0,false,0
Xiomara Pacheco,471536733,3014250157,xiomara_pacheco233@gmail.com,"Circular 110 #51-55, Cartagena",SQN-380,2178,CDA-50210,2022-03-06,2019.0,131.927 km,1100 cc,Ford,GSL,Manual,4X2,TAXI,Suburbano,no,si,false,no,0,no,false,0
Diana Herrera,970422081,3186978322,dianaherrera351@yahoo.com,"Circular 113 #42-15, Cartagena",FJS317,2731,CDA-31543,2023-08-04,1996.0,958483,1500,Ford,nafta,,4X2,público,RURAL,,0,no,yes,1,no,0,0
Mónica Aguirre,837992744,3003339281,mónicaaguirre892@correo.com,"Avenida 2 #56-85, Neiva",PEC313,195,CDA-49783,29-02-2024,2024.0,0,1600,Peugeot,GNV,CVT,4X2,PUBLICO,suburbano,no,false,false,no,true,false,no,0
Mauricio Ruiz,658579942,3104158410,mauricio.ruiz693@live.com,"Calle 66 #20-9, Villavicencio",IZS609,440,CDA-92055,09-08-2018,2014.0,245833,1050,TOYOTA,GASOLINA,MANUAL,rwd,Carga,suburbano,0,si,1,no,0,false,0,1
Gloria Mendoza,944239680,3232780309,gloria_mendoza388@hotmail.com,"Carrera 104 #82-65, Villavicencio",CAV547,1430,CDA-53193,16/01/2024,2006.0,247578,1450,Dodge,diesel,CVT,awd,Particular,URBANO,0,no,false,no,1,,no,1
Lina Santana,1032832788,3228836169,lina-santana624@correo.com,"Avenida 87 #90-92, Pereira",FCU 414,2458,CDA-55457,18-05-2024,2017.0,187568,2000,Peugeot,Diesel,cvt,awd,público,Suburbano,no,no,0,no,no,0,0,0
Viviana Suárez,36440793,3165069758,viviana.suárez194@hotmail.com,"Circular 32 #16-53, Bogotá",CFQ-662,2500,CDA-57619,2024/06/21,2023.0,,1800,Chevrolet,hibrido,cvt,4x2,PARTICULAR,Urbano,no,false,no,no,no,no,si,1
Esperanza Vega,868581361,3107856905,esperanza.vega386@live.com,"Carrera 94 #3-21, Bogotá",BIU912,880,CDA-48941,,2024.0,0,1600,Renault,Gas,semiautomatica,AWD,escolar,mixto,false,no,no,1,1,0,no,1
,311652188,3043839947,maría-lópez895@live.com,"Calle 109 #96-5, Medellín",VTX-975,713,CDA-24667,,1996.0,351.340 km,4000,Renault,Gasolina,Automatio,FWD,Particular,Mixto,1,,si,no,0,true,0,1
Jhon Morales,503931194,3135377975,jhon_morales369@correo.com,"Circular 26 #89-84, Cali",NBV712,2688,CDA-32224,03-01-2022,1999.0,337080,4000cc,Chevrolet,Gas,AUTOMATICA,4x2,Carga,RURAL,no,si,no,no,yes,si,1,1
Jhon Morales,993128934,3017092983,jhonmorales529@live.com,"Avenida 76 #79-5, Cúcuta",YUN176,431,CDA-13513,2024/06/23,2004.0,193506,1500,Chevrolet,Gas,manul,4x2,particular,Mixto,0,0,no,no,no,no,yes,1
Carlos Martínez,100759366,3166291817,carlos_martínez503@hotmail.com,"Transversal 36 #51-29, Montería",BUM553,64,CDA-25776,28-02-2023,2021.0,,2200,Mitsubishi,Gasolina,AUTOMATICA,RWD,público,Rural,no,false,no,si,si,false,0,0
Claudia Vargas,340822722,,claudia-vargas471@yahoo.com,"Transversal 92 #87-6, Manizales",MKB676,1553,CDA-42649,16/05/2022,2007.0,187834,900,Dodge,eléctrico,mecánica,4X4,PARTICULAR,urbano,false,no,no,true,si,no,false,1
Luis Rodríguez,57356294,3023953250,luis.rodríguez843@live.com,"Avenida 92 #85-22, Pereira",IOS286,439,CDA-95905,23-09-2019,2020.0,,2200,Peugeot,eléctrico,automatica,rwd,Escolar,URBANO,no,,false,false,0,false,no,0
Mónica Aguirre,764994444,3014229395,mónicaaguirre391@correo.com,"Circular 89 #83-99, Medellín",IMX-972,2742,CDA-43074,2018/05/14,2001.0,392950,1300cc,Mazda,,manual,4x2,PARTICULAR,rural,,0,no,1,0,si,false,1
Ricardo Peña,804521840,3018023453,ricardo_peña50@correo.com,"Transversal 97 #5-46, Barranquilla",DPG039,3089,CDA-10316,2019/11/11,2011.0,134k,2500,Fiat,Gas Natural,tiptronic,FWD,Carga,Urbano,0,yes,si,false,yes,no,false,1
Ricardo Peña,930357695,3508714571,ricardo-peña613@live.com,"Transversal 62 #78-32, Villavicencio",UQT-625,730,CDA-66304,2020/05/11,2008.0,306.603,2000,Toyota,gasolina,manul,FWD,publico,rural,false,yes,si,si,no,si,0,1
Natalia Reyes,90901442,3215700882,natalia.reyes808@outlook.com,"Calle 97 #35-97, Cúcuta",BYA425,1911,CDA-19708,03/09/2020,2000.0,911852,4000,Suzuki,gnv,mecánica,rwd,Publico,suburbano,no,true,1,si,no,no,,1
Marcela Fuentes,899051291,3041890066,marcelafuentes837@yahoo.com,"Calle 70 #37-77, Bucaramanga",ATK316,2729,CDA-83617,10-12-2020,2005.0,369195,1300,Chevrolet,Gas,CVT,4x4,Publico,RURAL,no,1,,si,si,false,no,1
Darío Acosta,839491550,3029712007,darío-acosta708@live.com,"Transversal 120 #53-14, Barranquilla",ITP-628,1711,CDA-39538,27-01-2023,9999.0,304844,1400 cc,Hyundai,Híbrido,Tiptronic,4x2,escolar,rural,false,no,,no,1,no,no,0
Diana Herrera,558840748,3024686637,diana.herrera403@live.com,"Circular 36 #2-28, Cali",DCZ 237,882,CDA-47604,2019-06-30,2021.0,63055,,Peugeot,gnv,manual,awd,escolar,RURAL,0,1,no,no,no,false,no,1
Andrés Torres,898255462,3168301508,andrés-torres703@yahoo.com,"Circular 120 #60-54, Bucaramanga",CHZ 352,612,CDA-85050,11/02/2018,2019.0,122915,1450,Nissan,GASOLINA,semiautomatica,awd,Taxi,URBANO,no,,false,0,no,false,0,1
Claudia Vargas,293232369,3226815175,claudia_vargas498@gmail.com,"Transversal 17 #1-74, Cali",WMA590,255,CDA-54849,2018/08/05,2010.0,190.466,3500,Nissan,diesel,autom,AWD,,rural,si,si,no,no,no,no,,1
Natalia Reyes,538587707,3107932106,natalia-reyes139@correo.com,"Calle 89 #35-63, Villavicencio",JZL318,2241,CDA-38897,11-03-2020,2020.0,61906,1500 cc,Fiat,Gas,semiautomatica,4X2,PARTICULAR,Urbano,no,false,true,no,false,0,0,0
Patricia Mejía,555759395,3151168639,patricia-mejía442@correo.com,"Transversal 89 #24-68, Cali",DNS 234,2855,CDA-51294,12-05-2020,2012.0,409.616,2200,Mitsubishi,Gasolina,CVT,4x4,PUBLICO,RURAL,false,1,yes,0,no,,0,1
María López,905656211,3051598129,maría_lópez436@outlook.com,"Carrera 78 #28-87, Pereira",EED 125,507,CDA-17032,09-07-2021,2021.0,37.0k km,1400,Renault,DIESEL,Automatio,4X4,Particular,URBANO,0,false,no,no,0,0,false,0
Darío Acosta,984142270,3196130186,daríoacosta338@hotmail.com,"Carrera 40 #86-49, Pasto",MBX496,2602,CDA-74864,2018/10/17,1995.0,1.368 km,1900,Volkswagen,gnv,Automatio,awd,taxi,Suburbano,no,1,false,true,yes,1,,1
Gustavo Barrera,821513457,3052697659,gustavobarrera987@live.com,"Avenida 28 #55-12, Manizales",HGX331,2030,CDA-81087,31-08-2022,2003.0,268540,2500,Toyota,diesel,tiptronic,FWD,particular,URBANO,si,,false,,true,false,yes,1
Jhon Morales,408155660,3191592258,jhon_morales894@correo.com,"Diagonal 106 #69-57, Montería",GQJ222,2112,CDA-57882,30-07-2023,2021.0,42.802 km,1600,Nissan,DIESEL,tiptronic,fwd,particular,rural,si,no,0,0,,true,no,0
Viviana Suárez,75559896,3141720723,viviana_suárez719@yahoo.com,"Transversal 66 #67-51, Manizales",HBO495,486,CDA-97559,2024-10-20,2000.0,206396 km,2400,Suzuki,Gas,mecánica,rwd,PARTICULAR,urbano,true,false,true,,false,si,no,1
Diana Herrera,1028775970,3201671383,diana.herrera726@hotmail.com,"Diagonal 116 #44-90, Bogotá",QLN174,3016,CDA-20515,2020/05/10,2012.0,393454,3050,Mitsubishi,Híbrido,tiptronic,awd,PUBLICO,suburbano,0,no,false,no,false,0,,1
Natalia Reyes,899462944,3123795624,natalia_reyes316@gmail.com,"Calle 93 #42-55, Pereira",LXY393,810,CDA-91785,2018-11-29,1998.0,475.551 km,2200,Renault,Gas,manul,AWD,TAXI,Suburbano,true,si,false,yes,yes,,false,1
Yolanda Cárdenas,349904212,3214143808,yolanda-cárdenas571@gmail.com,"Calle 83 #6-92, Montería",HLD 394,1205,CDA-38433,09-01-2023,2013.0,279.0k km,1200,Fiat,Gas,mecánica,4X2,escolar,rural,,no,false,1,true,0,no,0
Lina Santana,1032123130,3153908529,lina_santana452@hotmail.com,"Calle 95 #31-3, Montería",TYR417,1512,CDA-52222,2019/08/31,1997.0,635783 km,1200,Volkswagen,diesel,tiptronic,4X2,taxi,Suburbano,false,1,yes,true,yes,,0,1
María López,237188344,3199142771,maría_lópez89@gmail.com,"Avenida 1 #64-67, Barranquilla",KES545,1460,CDA-37498,2019/05/24,2019.0,150.244,2400,Dodge,Híbrido,Automática,4x2,taxi,RURAL,si,si,0,si,true,false,0,1
Luis Rodríguez,17436977,3191943518,luisrodríguez115@outlook.com,"Calle 71 #89-66, Medellín",MVD257,300,CDA-73061,10/05/2019,2018.0,106999,4000,Peugeot,Gas Natural,,rwd,,Mixto,0,false,false,0,,false,0,0
Ana Gómez,869940485,3195948547,anagómez234@live.com,"Transversal 44 #77-37, Bogotá",OIT446,451,CDA-17629,2020-06-08,2005.0,279.640 km,2400,Toyota,GAS,cvt,4x4,Particular,Mixto,0,false,false,no,false,1,false,1
Roberto Nieto,829988613,3105323762,roberto_nieto474@outlook.com,"Calle 78 #52-44, Villavicencio",JWV954,1875,CDA-42465,2018/01/28,2003.0,731.373,4000,Kia,GSL,autom,4x2,escolar,Rural,no,yes,true,si,si,no,0,1
Esperanza Vega,743031746,3222939495,esperanzavega985@live.com,"Calle 68 #64-32, Cali",COD-436,1729,CDA-24552,2024/09/29,2010.0,388565,4000 cc,Chevrolet,gas,AUTOMATICA,rwd,Escolar,Suburbano,1,false,no,no,false,1,,1
Gustavo Barrera,282144723,3109353921,gustavo.barrera276@live.com,"Avenida 57 #52-7, Montería",DRL081,2901,CDA-23939,03-09-2019,2013.0,271k,1600cc,Mazda,Gas Natural,AUTOMATICA,RWD,TAXI,Urbano,si,0,1,false,0,no,,1
Sebastián Cruz,790599638,3106384438,sebastián-cruz829@yahoo.com,"Circular 80 #74-44, Medellín",CHK 024,868,CDA-80853,2024/04/06,2000.0,396121,1200,Toyota,hibrido,manual,FWD,Particular,Suburbano,true,no,si,1,true,no,no,1
Gustavo Barrera,391517956,3164301784,gustavo-barrera50@live.com,"Transversal 43 #33-14, Barranquilla",MFV 699,1663,CDA-85736,2019-05-29,1998.0,,1000,Fiat,eléctrico,Manual,FWD,Particular,mixto,true,,no,,,no,yes,1
Patricia Díaz,1061303013,3232195114,patricia.díaz944@gmail.com,"Transversal 21 #25-98, Manizales",UTJ763,121,CDA-65579,2020/09/19,2020.0,123730,2400,Fiat,Electrico,mecánica,fwd,Taxi,Urbano,false,si,no,no,,no,true,1
Sandra Castro,615433067,3234343740,sandra-castro813@correo.com,"Circular 72 #94-92, Pasto",KPA-063,795,CDA-33596,13-03-2021,1998.0,263.516 km,1300 cc,Toyota,GAS,manul,4X4,particular,,no,false,no,false,1,false,si,0
Catalina Ortiz,814730309,3128811280,catalina-ortiz985@outlook.com,"Carrera 12 #74-70, Neiva",PLN960,1469,CDA-40577,27/03/2020,2017.0,67329,2400,Dodge,gasolina,manual,4X2,particular,Urbano,no,no,0,no,,false,0,0
Xiomara Pacheco,796127001,3135608288,xiomara-pacheco333@hotmail.com,"Calle 103 #58-14, Pasto",HQO-104,1042,CDA-50774,10-12-2020,2021.0,64675,1100 cc,Nissan,Gas,Tiptronic,4x4,publico,Mixto,false,0,no,no,no,no,0,1
Carlos Martínez,403433484,3204370385,carlos.martínez126@live.com,"Transversal 64 #69-75, Armenia",DCW 250,1035,CDA-52140,15/02/2023,2006.0,384.769,1300,Volkswagen,gasolina,tiptronic,4X4,PUBLICO,Urbano,0,no,true,no,si,no,no,1
Ana Gómez,84072745,3131563757,anagómez836@live.com,"Circular 103 #14-62, Cúcuta",HRI-278,1578,,19/03/2023,1996.0,944k,1100,Renault,GSL,Tiptronic,4X2,carga,Rural,no,,false,true,false,no,0,0
Roberto Nieto,539567974,3504633878,roberto-nieto235@live.com,"Carrera 85 #91-9, Cúcuta",QKP725,764,CDA-11301,2022/05/17,2024.0,0k,4000,Peugeot,Híbrido,manul,4X4,Publico,RURAL,no,0,0,,0,,no,0
Roberto Nieto,684850175,3193891388,robertonieto205@gmail.com,"Calle 31 #35-26, Barranquilla",OEA103,1344,CDA-50951,26/04/2018,1998.0,882.2k km,,Honda,gasolina,CVT,4x4,público,Rural,0,1,yes,si,yes,yes,false,1
Camilo Rojas,510650939,3204812773,camilo-rojas32@hotmail.com,"Avenida 30 #79-54, Pereira",XAS848,1442,CDA-15453,2018/10/30,2018.0,202806,1300cc,Mazda,gnv,autom,4X4,público,URBANO,0,no,no,,,no,no,1
Yolanda Cárdenas,937632268,3216340253,yolanda_cárdenas651@yahoo.com,"Circular 58 #35-32, Villavicencio",ILP066,110,CDA-11255,2022/08/20,2012.0,301.8k km,2400 cc,Dodge,gas,tiptronic,awd,Taxi,Urbano,no,,false,false,true,,false,1
Marcela Fuentes,569378353,3209166744,marcela_fuentes168@outlook.com,"Transversal 112 #6-69, Neiva",ZKY082,1273,CDA-20453,2024-10-28,2016.0,134461,1100,Toyota,gnv,Manual,4X2,escolar,RURAL,,yes,false,1,1,0,false,1
Mónica Aguirre,388368580,3142864648,mónica_aguirre945@outlook.com,"Transversal 91 #14-37, Cali",FNR895,1771,CDA-79223,27/06/2022,1995.0,734483,1200,Volkswagen,GASOLINA,Automática,RWD,taxi,Suburbano,true,,true,1,si,0,no,1
Luis Rodríguez,514300898,3176512781,luis-rodríguez15@correo.com,"Avenida 83 #32-62, Bogotá",YTE221,215,CDA-57373,28-03-2021,2002.0,497980,1050,Fiat,,AUTOMATICA,4X2,Escolar,suburbano,yes,1,false,no,,false,no,0
Ana Gómez,1020067243,3131066254,ana-gómez251@outlook.com,"Carrera 99 #69-68, Cali",TDY286,2399,CDA-90342,19-07-2020,2000.0,637k,1300,Nissan,Electrico,tiptronic,4x2,Escolar,Mixto,no,,yes,false,true,1,no,1
Ana Gómez,235786089,3024518298,ana.gómez504@live.com,"Transversal 116 #63-70, Montería",XKI838,434,CDA-40362,28-08-2021,2008.0,486105,3500,Honda,hibrido,Mecanica,rwd,PUBLICO,suburbano,yes,,false,yes,yes,,false,1
Mauricio Ruiz,877318537,3206782783,mauricio_ruiz42@live.com,"Diagonal 84 #74-34, Pereira",YVZ-271,2289,CDA-26574,15/03/2019,2017.0,143630,1300,Fiat,nafta,cvt,4x4,Publico,RURAL,no,si,yes,no,0,0,no,1
Claudia Vargas,614349446,3016823651,claudia.vargas337@gmail.com,"Carrera 79 #33-20, Cartagena",XZS966,611,CDA-88187,2024/12/29,2002.0,657970,4000,Honda,gasolina,MANUAL,FWD,Taxi,urbano,no,0,no,no,0,0,0,1
,578880174,3147515604,andrés-torres85@yahoo.com,"Diagonal 70 #26-20, Bucaramanga",NBC 101,1617,CDA-50132,2019-07-20,2020.0,109.0k km,1600,Chevrolet,Gas,Mecanica,4x4,Publico,Mixto,no,no,0,false,no,no,0,0
José Hernández,644193288,,josé_hernández858@yahoo.com,"Transversal 37 #12-34, Neiva",SLF696,913,CDA-90684,01-09-2019,2018.0,161222,1100 cc,Chevrolet,gasolina,CVT,FWD,PUBLICO,suburbano,true,0,no,false,no,true,no,1
Iván Salcedo,959713325,3107305896,ivánsalcedo631@correo.com,"Transversal 116 #72-23, Armenia",THK156,2781,CDA-15820,2021/05/15,2024.0,0,4000,Chevrolet,GAS,Automática,RWD,Carga,RURAL,0,no,no,1,false,,no,1
Darío Acosta,,3127800957,daríoacosta794@gmail.com,"Circular 43 #95-27, Pereira",FJA275,2257,CDA-75336,17/04/2024,2014.0,316516,3000,Ford,gas,cvt,AWD,Publico,Mixto,0,si,false,,yes,true,no,1
Patricia Díaz,447099354,3118094406,patriciadíaz24@live.com,"Circular 70 #78-52, Cartagena",QSJ 862,355,CDA-88563,22-04-2024,1996.0,696.006,1000,Mitsubishi,Electrico,MANUAL,4X4,TAXI,rural,yes,,no,no,si,0,false,1
Héctor Montoya,160992707,3156064107,héctor_montoya970@yahoo.com,"Avenida 71 #88-78, Medellín",LJA 151,1615,CDA-71231,2018-11-29,1800.0,165524,3500,Hyundai,diesel,semiautomatica,awd,Carga,suburbano,no,,no,no,si,,false,0
Natalia Reyes,428081162,3019286433,natalia.reyes732@live.com,"Circular 120 #69-77, Villavicencio",ARS529,906,CDA-11726,2020/02/15,2018.0,184080,1300,Hyundai,GAS,cvt,FWD,taxi,rural,,,no,false,0,no,no,0
Adriana Parra,589857555,3139906746,adriana-parra529@live.com,"Transversal 76 #81-91, Medellín",JUX962,2835,CDA-54029,2020-02-29,2011.0,301.270,4000,Fiat,DIESEL,AUTOMATICA,4x4,público,Mixto,true,true,,0,0,true,yes,1
Camilo Rojas,951070578,3107946088,camilorojas360@live.com,"Diagonal 101 #74-84, Montería",EBV239,46,CDA-59212,2018-11-04,2000.0,470.4k km,2500,Toyota,Gas,Mecanica,awd,escolar,Urbano,0,si,yes,no,1,false,no,1
Mónica Aguirre,712886061,3199354182,mónica.aguirre455@outlook.com,"Carrera 100 #73-44, Neiva",DVH-771,2662,CDA-56593,2022/08/14,1995.0,530322 km,3000,Chevrolet,gasolina,Tiptronic,RWD,PUBLICO,suburbano,,si,yes,no,0,0,no,1
Andrés Torres,247117594,3055755437,andréstorres788@gmail.com,"Transversal 9 #76-59, Pereira",FFW892,219,CDA-27496,,2001.0,491k,2000,Kia,GSL,AUTOMATICA,AWD,Taxi,URBANO,yes,false,si,si,no,,,1
Mauricio Ruiz,295213813,3154199451,mauricioruiz578@yahoo.com,"Diagonal 98 #56-37, Ibagué",UNL325,3085,CDA-12047,03-06-2024,2023.0,23.606,1600,Peugeot,gnv,mecánica,awd,Carga,Urbano,0,0,no,0,false,no,false,0
Andrés Torres,825365847,3122074711,andrés.torres551@hotmail.com,"Circular 112 #10-15, Medellín",AZU826,1234,CDA-93304,2018/11/18,2012.0,532173,3000cc,Volkswagen,diesel,MANUAL,RWD,carga,URBANO,1,no,false,no,0,no,0,1
Jhon Morales,353926058,3214670588,jhon.morales189@correo.com,"Calle 68 #58-67, Cartagena",,1643,CDA-80153,2022/03/16,2014.0,146416,1300,Toyota,DIESEL,Automática,,PARTICULAR,Mixto,no,,false,no,1,,0,1
Catalina Ortiz,538438791,3232348372,catalina-ortiz552@yahoo.com,"Circular 18 #6-72, Medellín",GWY635,1764,CDA-10474,2022-02-27,2005.0,246719,2500,Ford,eléctrico,,awd,escolar,Urbano,no,true,no,1,true,0,0,1
Darío Acosta,446059974,3508136279,darío_acosta556@live.com,"Calle 104 #69-84, Medellín",WQE-553,2182,CDA-47873,2020/12/16,2021.0,40.174 km,1600,Chevrolet,GASOLINA,autom,RWD,Particular,Suburbano,,0,false,no,false,no,false,0
Claudia Vargas,838387708,3234958654,claudia.vargas287@correo.com,"Circular 18 #21-32, Montería",OPV975,3142,CDA-33040,2021/05/01,2016.0,72366,1600,Dodge,hibrido,AUTOMATICA,FWD,Taxi,suburbano,false,0,no,si,false,true,no,0
Omar Leal,1043456879,3059042012,omarleal698@hotmail.com,"Carrera 5 #12-94, Ibagué",ZSE125,252,CDA-78349,2024-05-15,2021.0,95651,2000,Mazda,gasolina,Automática,rwd,taxi,RURAL,0,,false,no,false,no,no,0
Guillermo Ávila,173180551,3151359959,guillermo.ávila231@correo.com,"Carrera 20 #46-99, Cúcuta",SCA110,1065,CDA-50367,2024-02-02,2005.0,254.011 km,2450,Mitsubishi,Diesel,autom,fwd,particular,URBANO,si,no,no,,false,true,0,0
Esperanza Vega,650036697,3156032173,esperanza-vega491@hotmail.com,"Transversal 105 #59-20, Armenia",NBO091,1612,CDA-79994,2020-07-14,1998.0,345177,2500,Honda,Gasolina,semiautomatica,4X4,Publico,URBANO,yes,si,no,,true,1,no,1
María López,888774554,3169239126,maría-lópez909@outlook.com,"Calle 52 #58-85, Cali",CMK253,2303,CDA-51544,2023/03/13,1999.0,553005,4000,Kia,GSL,manual,FWD,Taxi,Urbano,yes,1,true,no,no,no,yes,1
Ana Gómez,717212412,3142451438,anagómez454@gmail.com,"Avenida 16 #1-66, Bogotá",WNQ073,1954,CDA-32766,2024-07-03,1998.0,522515,,Hyundai,Gas,manual,4x4,PUBLICO,rural,yes,true,true,si,yes,,,1
Xiomara Pacheco,104618868,3022169835,xiomarapacheco330@gmail.com,"Diagonal 94 #39-44, Armenia",BUM-804,1447,CDA-39730,10/11/2021,2009.0,189318,3950,Peugeot,GNV,Mecanica,awd,PARTICULAR,suburbano,0,no,no,si,si,si,no,1
Mónica Aguirre,400815868,3189511303,,"Diagonal 96 #94-32, Neiva",UWQ-499,1207,CDA-16100,2023-06-01,2000.0,473k,4000,Kia,Gasolina,automatica,RWD,escolar,URBANO,yes,false,true,no,0,no,no,0
Patricia Díaz,490509956,3175834458,patriciadíaz40@gmail.com,"Avenida 1 #73-49, Armenia",EGY174,1508,CDA-44407,2024-10-07,2004.0,643295 km,4000 cc,Volkswagen,hibrido,Tiptronic,4x2,,Suburbano,true,no,yes,false,no,0,no,1
Patricia Díaz,882791417,3194718752,patricia_díaz81@live.com,"Carrera 11 #59-6, Barranquilla",XGG 029,3111,CDA-24244,2018/12/01,1996.0,456.025 km,1500,Mazda,eléctrico,mecánica,4x4,Taxi,Suburbano,1,no,si,no,true,si,yes,1
Ingrid Bermúdez,248007376,3019863259,ingrid.bermúdez479@gmail.com,"Circular 57 #51-9, Barranquilla",HOC-522,1018,CDA-51242,2019/10/27,2011.0,277.821 km,1500cc,Kia,GNV,mecánica,4X2,Carga,rural,true,no,0,false,false,no,0,1
Mónica Aguirre,393184604,3233341457,mónica-aguirre685@correo.com,"Carrera 44 #64-16, Cali",XZZ-120,502,CDA-76315,2021-11-30,2012.0,471847,1500cc,Nissan,,Manual,awd,TAXI,RURAL,,0,si,si,0,1,no,1
Darío Acosta,957506371,3186208560,darío_acosta520@correo.com,"Diagonal 111 #31-20, Armenia",BJE-509,2286,CDA-68463,2024/12/31,2024.0,0,2000,Mazda,GASOLINA,cvt,4X2,Taxi,Mixto,1,0,0,no,no,0,no,1
Patricia Mejía,422727887,3206224899,patricia_mejía479@yahoo.com,"Avenida 108 #25-28, Barranquilla",TKE 899,2379,CDA-82412,13-07-2018,2023.0,268041,2500cc,Toyota,hibrido,Tiptronic,rwd,Taxi,RURAL,false,no,false,no,0,,0,1
Adriana Parra,1013325137,3026007822,adriana.parra159@hotmail.com,"Avenida 22 #11-62, Ibagué",JOY106,1536,CDA-47568,2019-06-03,2004.0,156476,3500,Nissan,GASOLINA,manul,rwd,particular,rural,0,si,false,si,0,false,false,1
Fabio Arévalo,434502954,3024949712,fabio-arévalo118@gmail.com,"Calle 93 #4-14, Cúcuta",OAU-631,1739,CDA-30224,28-04-2023,2011.0,417.654,1300,Ford,gasolina,manul,fwd,Escolar,Urbano,no,0,true,no,false,false,1,1
Andrés Torres,957064787,3198953858,andrés_torres792@hotmail.com,"Circular 26 #84-82, Neiva",PNQ943,487,CDA-80658,2023/08/07,1996.0,564219,1500,Mazda,diesel,,4x2,taxi,RURAL,no,si,0,true,no,no,,1
Ernesto Pineda,1092191810,3176281712,ernesto.pineda532@yahoo.com,"Avenida 38 #83-4, Medellín",EFA149,1610,CDA-24418,11-06-2021,2001.0,531469,1400,Kia,gasolina,CVT,RWD,Escolar,rural,0,no,1,1,yes,no,no,1
Claudia Vargas,103309105,3223094235,claudiavargas81@live.com,"Circular 80 #47-74, Barranquilla",BFH021,1,CDA-57819,26/12/2021,2018.0,172.352,1100 cc,Chevrolet,hibrido,cvt,rwd,público,Rural,0,1,0,no,0,no,false,1
Marcela Fuentes,329356475,3044415600,marcela_fuentes631@gmail.com,"Avenida 69 #9-73, Barranquilla",KHE293,597,CDA-50138,14-07-2021,2005.0,436542 km,1500,Renault,GSL,Automatio,4X4,publico,suburbano,no,no,false,no,,no,no,0
Luis Rodríguez,975537720,3195587957,luis-rodríguez517@correo.com,"Calle 71 #83-94, Medellín",AIT246,1750,CDA-97254,12-10-2019,2023.0,32507,3950,Renault,DIESEL,automatica,AWD,,Suburbano,no,false,no,si,false,false,0,0
Omar Leal,353655122,3236315633,omar.leal187@gmail.com,"Calle 23 #42-1, Cúcuta",SGR111,3168,CDA-58853,2022/05/18,2004.0,314.224 km,1050,Nissan,gas,autom,4X4,,urbano,true,0,yes,no,false,false,true,0
Natalia Reyes,17003134,3248297488,nataliareyes341@correo.com,"Circular 75 #27-33, Manizales",NAD292,433,CDA-65303,2021/12/02,1996.0,643424,1600,Volkswagen,GSL,automatica,4x2,Carga,rural,yes,no,yes,true,yes,no,si,1
Laura García,901553968,3173429470,laura.garcía707@hotmail.com,"Avenida 33 #92-48, Cartagena",BIR149,2612,CDA-46826,25/08/2019,2004.0,197608,2500,Chevrolet,Gas,MANUAL,4x4,particular,Urbano,si,0,si,si,0,yes,1,1
José Hernández,228995939,3216308460,,"Circular 57 #18-31, Bucaramanga",ZAK928,2793,CDA-73702,2019-06-10,2002.0,481855,1150,Suzuki,GAS,mecánica,awd,TAXI,urbano,no,si,yes,,,no,false,1
Marcela Fuentes,87125825,3507072816,marcela_fuentes571@outlook.com,"Avenida 41 #19-52, Bucaramanga",AES068,1290,CDA-67038,21-04-2024,2012.0,106239,1800cc,Kia,hibrido,Manual,4x2,escolar,suburbano,si,,yes,,false,true,no,1
Patricia Mejía,728617542,3118125225,patricia.mejía375@live.com,"Calle 14 #79-93, Montería",RQN-203,1905,CDA-32412,12-07-2023,2020.0,96k,3050,Kia,GAS,MANUAL,,publico,suburbano,0,false,0,false,false,no,0,0
Patricia Díaz,625184472,3106639011,patricia_díaz608@outlook.com,"Calle 11 #11-95, Bogotá",LXY761,212,CDA-14284,11-02-2022,1998.0,871435,1400,Dodge,GSL,Manual,4X4,escolar,Suburbano,true,yes,false,yes,yes,true,yes,1
Marcela Fuentes,742905965,3011520634,marcela.fuentes52@live.com,"Circular 58 #32-15, Manizales",AWI832,1581,CDA-12459,07-03-2018,1998.0,413466,2000,Volkswagen,GASOLINA,semiautomatica,RWD,Particular,mixto,1,no,true,yes,no,0,0,0
Fabio Arévalo,971699171,3142493623,fabio-arévalo395@yahoo.com,"Calle 33 #43-5, Bogotá",JSM079,271,CDA-70870,27-03-2019,2018.0,214857,1300,Honda,eléctrico,,4X2,Carga,suburbano,1,0,no,no,0,yes,false,1
Ernesto Pineda,59482168,3194972015,ernestopineda892@live.com,"Carrera 46 #1-41, Armenia",ABO 637,2349,CDA-36654,2022-05-12,2003.0,634k,1200,Chevrolet,gasolina,,rwd,publico,Rural,si,1,true,true,yes,yes,no,1
José Hernández,716242196,3187673420,josé_hernández995@yahoo.com,"Carrera 100 #65-53, Pasto",IDN122,2081,CDA-43035,2018-12-08,1995.0,725k,1000,Hyundai,GSL,manual,fwd,PUBLICO,RURAL,no,si,1,,si,0,si,1
Marcela Fuentes,93061464,3101134134,marcelafuentes585@outlook.com,"Diagonal 13 #54-43, Cartagena",WIZ852,3036,CDA-73952,2022-10-28,2020.0,113406 km,3500,Toyota,DIESEL,mecánica,RWD,escolar,Rural,no,no,0,,,no,no,0
Mauricio Ruiz,1031689677,3001623330,mauricioruiz927@hotmail.com,"Diagonal 65 #7-59, Cali",SUA564,3021,CDA-90359,2021-11-09,1999.0,850049,1300cc,Kia,Gas,semiautomatica,RWD,Publico,Suburbano,false,1,no,no,no,1,no,1
Andrés Torres,240501962,3183485821,,"Transversal 50 #2-75, Bucaramanga",QRL 931,150,CDA-11195,05/01/2022,1995.0,789594,1100,Nissan,diesel,tiptronic,4x4,carga,Suburbano,si,false,0,no,no,no,0,0
Marcela Fuentes,190743894,3227582793,marcela_fuentes821@gmail.com,"Carrera 69 #26-93, Montería",MIJ690,3151,CDA-50455,2019-06-08,2021.0,93944,4000,Fiat,GSL,cvt,rwd,publico,Urbano,si,0,,0,false,false,false,1
Alejandro Zapata,294560028,3019796201,alejandrozapata29@hotmail.com,"Circular 27 #97-70, Neiva",LPH071,2148,CDA-17260,2019/10/26,2022.0,37k,1000,Dodge,DIESEL,manual,4x4,taxi,Urbano,0,si,false,no,no,0,0,0
Camilo Rojas,679136379,3124891833,camilorojas433@outlook.com,"Diagonal 17 #48-44, Bucaramanga",DCT-949,2726,CDA-77391,30-08-2024,1998.0,650.720,3500,Peugeot,GSL,cvt,4x4,TAXI,RURAL,1,1,si,si,si,,no,1
Xiomara Pacheco,863562147,,xiomara_pacheco40@yahoo.com,"Circular 100 #68-83, Cali",ZGC590,2251,CDA-72165,2020/06/28,2023.0,24043,1000 cc,Kia,GAS,manul,4x4,TAXI,suburbano,false,no,0,no,no,0,no,0
Guillermo Ávila,894090694,3194180586,guillermo_ávila553@outlook.com,"Carrera 12 #73-87, Cúcuta",BRD-453,1448,CDA-23053,2022-07-16,2014.0,176386,2000,Volkswagen,GASOLINA,AUTOMATICA,4x2,Particular,Urbano,no,no,1,no,0,no,no,1
Marcela Fuentes,919117979,3117548535,marcelafuentes317@yahoo.com,"Transversal 41 #35-80, Montería",LCK507,1481,CDA-49515,08/08/2019,1999.0,760446 km,1200,Mitsubishi,Gasolina,Mecanica,4x2,Taxi,mixto,si,false,no,true,0,si,si,1
Sebastián Cruz,124937365,3129220815,sebastián_cruz652@correo.com,"Circular 27 #66-72, Cali",XXX316,2097,CDA-69170,2018-10-10,1999.0,750.715,4000,Ford,eléctrico,manual,AWD,taxi,mixto,no,true,no,false,true,no,1,1
Gustavo Barrera,539246874,3025495824,gustavo-barrera758@outlook.com,"Calle 12 #1-40, Cartagena",HDE454,34,CDA-22198,2021/08/21,1800.0,187k,4000,Mazda,Electrico,cvt,AWD,carga,Mixto,0,0,1,no,false,no,no,1
Alejandro Zapata,83498295,3171805615,alejandro-zapata15@hotmail.com,"Carrera 21 #51-42, Bogotá",MIQ854,180,CDA-81549,18-02-2021,2023.0,45k,2900,Nissan,eléctrico,AUTOMATICA,awd,público,URBANO,0,no,no,0,0,false,false,0
Alejandro Zapata,989267060,3196000874,alejandro_zapata317@hotmail.com,"Diagonal 39 #66-1, Cartagena",GKL-284,1365,CDA-50545,2024/03/09,2009.0,509614,1200,Mazda,gas,tiptronic,4x4,taxi,Mixto,1,no,si,si,false,si,no,1
Andrés Torres,153729102,3017874313,andréstorres836@yahoo.com,"Calle 100 #87-85, Bogotá",COL476,953,CDA-10917,2024/03/30,2005.0,177993,1100,Peugeot,nafta,CVT,awd,PARTICULAR,Suburbano,false,1,false,0,0,0,si,0
Gustavo Barrera,157549951,3136375076,gustavo-barrera826@correo.com,"Transversal 120 #42-25, Ibagué",CKX 800,1843,CDA-58078,18-10-2022,2016.0,167076,2000,Toyota,Gas Natural,manul,4x2,Taxi,mixto,false,false,false,no,yes,no,false,0
Patricia Díaz,628070140,3152194156,,"Diagonal 71 #22-95, Cali",PEF948,1919,CDA-52380,04/02/2020,2005.0,270623,1400,Hyundai,Gasolina,Automatio,4x4,PARTICULAR,URBANO,0,0,false,no,no,0,no,0
Marcela Fuentes,720625857,3189270719,marcela-fuentes431@outlook.com,"Carrera 110 #36-92, Pasto",XUZ036,966,CDA-61020,2024/04/06,1995.0,1038225,3450,Dodge,gas,tiptronic,RWD,Taxi,RURAL,si,1,no,0,no,0,yes,1
Claudia Vargas,674405703,3005999083,claudia.vargas223@correo.com,"Carrera 3 #28-97, Cali",NSH637,529,CDA-40050,2022-08-20,2007.0,458114,950,Nissan,DIESEL,autom,FWD,Publico,urbano,no,0,false,no,1,yes,no,1
Ingrid Bermúdez,987737551,3236260144,ingrid_bermúdez360@outlook.com,"Diagonal 94 #65-12, Armenia",BXU165,3130,CDA-45948,2022-05-12,2000.0,525931,2400,Hyundai,gasolina,MANUAL,4X2,público,suburbano,yes,0,yes,1,false,0,0,1
Felipe Ramos,442799587,3181643565,felipe_ramos376@yahoo.com,"Circular 115 #35-25, Pasto",AYZ883,1840,CDA-69117,,2015.0,126571,4000,Mazda,diesel,semiautomatica,FWD,particular,Mixto,0,no,no,no,si,false,no,0
Laura García,347889292,3006422544,laura-garcía645@outlook.com,"Transversal 55 #67-68, Pereira",GZN565,450,CDA-89585,23/10/2023,2006.0,307k,1300,Toyota,nafta,Tiptronic,awd,Escolar,mixto,,false,0,no,no,false,no,1
,642560640,3154009142,alejandro_zapata868@correo.com,,CJK486,777,CDA-91961,2023/05/20,2017.0,136825 km,1400,Dodge,Híbrido,AUTOMATICA,FWD,público,urbano,0,si,false,true,yes,si,no,1
Ingrid Bermúdez,190947227,3102630689,ingrid.bermúdez353@gmail.com,"Calle 91 #68-59, Barranquilla",HNE016,2381,CDA-86614,2019/02/21,2001.0,408751,1000,Suzuki,gnv,CVT,FWD,Taxi,Mixto,yes,0,0,true,0,true,no,1
Camilo Rojas,404999904,3243845700,camilo-rojas884@hotmail.com,"Circular 105 #73-96, Cartagena",QWJ546,479,CDA-22372,27/08/2020,2019.0,240458,2400,Ford,diesel,cvt,rwd,PUBLICO,Rural,yes,false,0,,0,no,no,1
Natalia Reyes,129144993,3242021618,natalia.reyes192@gmail.com,"Circular 84 #70-85, Armenia",UTM 442,2253,CDA-75143,28-10-2018,2005.0,160924,2550,Honda,Electrico,MANUAL,4x4,particular,suburbano,si,si,no,no,false,1,no,1
Laura García,942918895,3029007659,lauragarcía884@correo.com,"Avenida 52 #74-88, Montería",CFD070,2856,CDA-41793,09/06/2024,2024.0,0 km,2400,Mitsubishi,GSL,Automatio,fwd,publico,,1,si,no,no,no,0,0,0
Ingrid Bermúdez,749684428,3009651709,ingrid_bermúdez145@live.com,"Calle 88 #85-4, Cartagena",WWT872,2928,CDA-21442,2018-04-13,2015.0,239493,2550,Fiat,gas,mecánica,,público,URBANO,false,0,no,false,false,yes,no,1
Ana Gómez,129710019,3108460953,ana_gómez415@outlook.com,"Diagonal 81 #57-60, Neiva",OIA446,1851,CDA-86178,25/01/2022,2014.0,120919,,Kia,Gas Natural,manul,AWD,PARTICULAR,Mixto,0,si,no,si,no,0,no,1
Viviana Suárez,402032918,3057372890,viviana.suárez567@outlook.com,"Calle 109 #51-28, Bucaramanga",YRK644,1045,CDA-59357,21/03/2024,2016.0,113.785 km,3500,Hyundai,GNV,semiautomatica,,,rural,no,no,false,true,no,no,no,0
Darío Acosta,343089006,3508829247,daríoacosta412@correo.com,"Transversal 28 #63-87, Bucaramanga",LTV521,2715,CDA-25790,2019/01/02,2010.0,388603,2900,Ford,eléctrico,Automática,awd,Escolar,Mixto,no,0,si,false,no,false,no,1
Diana Herrera,1079376454,3211598865,diana.herrera115@hotmail.com,"Diagonal 24 #11-98, Pasto",GPL 150,189,CDA-34768,2021-07-26,2023.0,18649,1500,Fiat,GSL,cvt,AWD,Publico,mixto,yes,0,no,,false,no,false,1
Esperanza Vega,979248553,3167757721,esperanza-vega193@live.com,"Avenida 17 #67-60, Cartagena",SOB 036,1941,CDA-33028,2018/01/08,2011.0,355.034,4000,Nissan,Electrico,manul,fwd,Escolar,urbano,no,true,no,false,false,no,,1
Sandra Castro,173768931,3052936402,sandracastro168@correo.com,"Circular 115 #36-22, Medellín",RJR409,1371,CDA-79917,08/02/2020,2004.0,474.058,1600cc,Hyundai,GSL,autom,rwd,público,suburbano,no,0,0,,no,true,no,1
Mónica Aguirre,241451167,3026943105,mónicaaguirre857@gmail.com,"Carrera 40 #84-33, Villavicencio",SXG 641,1661,CDA-51711,10-11-2022,2023.0,259017,1800,Honda,DIESEL,semiautomatica,4x2,PARTICULAR,Urbano,no,no,no,false,false,0,no,0
Héctor Montoya,1090917414,3199295610,héctor_montoya298@correo.com,"Transversal 92 #70-40, Cúcuta",WUU763,2819,CDA-17350,2019-08-12,2016.0,265647,1400,Honda,Electrico,manul,4x4,PARTICULAR,mixto,no,1,no,false,0,no,no,0
Camilo Rojas,117046449,3505443213,camilo_rojas715@gmail.com,"Carrera 102 #13-86, Barranquilla",APH736,1399,CDA-59851,2018-09-29,2019.0,170015,2500,Toyota,GSL,Tiptronic,4X2,publico,mixto,no,no,si,true,0,true,false,0
Mauricio Ruiz,82212818,3216588657,mauricio.ruiz82@gmail.com,"Circular 58 #47-11, Armenia",OOR150,2684,CDA-47681,2021/10/24,1997.0,823203,3500,Renault,Gas,mecánica,4X2,carga,urbano,0,true,false,,false,true,si,1
Esperanza Vega,934776922,3211980425,esperanzavega469@gmail.com,"Transversal 95 #56-77, Manizales",BJA-137,1072,CDA-14421,27-03-2019,2002.0,628k,1500,Toyota,DIESEL,tiptronic,4X4,PUBLICO,Mixto,true,si,no,si,false,yes,no,1
Catalina Ortiz,126407899,3214667103,catalina.ortiz629@hotmail.com,"Transversal 112 #8-26, Cúcuta",IDY106,3134,CDA-86936,18/09/2018,2013.0,238999,2500,Renault,Híbrido,manul,AWD,PARTICULAR,suburbano,si,yes,no,false,no,no,no,0
Héctor Montoya,688676540,3169834199,héctor.montoya383@hotmail.com,"Avenida 10 #27-32, Ibagué",LGS973,325,CDA-71281,2021/07/31,1995.0,506191,2300,Ford,GASOLINA,cvt,FWD,Publico,Mixto,1,si,no,,0,1,1,1
Fabio Arévalo,154803279,3005452069,fabio_arévalo421@hotmail.com,"Circular 78 #73-87, Cali",MWC951,2015,CDA-96677,08/03/2021,2009.0,468k,4000,Honda,eléctrico,MANUAL,4X4,Publico,Suburbano,false,false,0,no,0,true,no,0
Jhon Morales,554387210,3181058068,jhon_morales532@outlook.com,"Diagonal 35 #33-7, Cartagena",BWZ 676,2721,CDA-15877,2021-03-03,2024.0,0,2200,Chevrolet,diesel,Manual,AWD,publico,mixto,si,false,0,,no,false,no,1
Yolanda Cárdenas,607895218,3203426733,yolanda.cárdenas440@yahoo.com,"Carrera 90 #38-36, Bogotá",KVM789,247,CDA-43907,2024-06-05,2014.0,214379,3500,Chevrolet,Gasolina,tiptronic,rwd,carga,urbano,si,no,no,yes,no,,0,1
Sebastián Cruz,84500384,3108542373,sebastiáncruz308@gmail.com,"Circular 68 #20-24, Cali",YZE609,1375,CDA-21953,01/05/2022,2017.0,252236,3500,Dodge,GASOLINA,Tiptronic,4x4,Escolar,suburbano,false,si,no,false,false,0,no,1
Diana Herrera,639903230,3191926615,dianaherrera335@gmail.com,"Diagonal 82 #78-22, Manizales",ATA571,799,CDA-99522,,2002.0,554.672 km,1000,Kia,Gas,AUTOMATICA,awd,TAXI,mixto,,0,false,0,false,,no,0
Gloria Mendoza,508227293,3181593608,gloria_mendoza14@correo.com,"Carrera 88 #5-83, Pasto",AYS-487,2648,CDA-17329,11/04/2023,2019.0,72.3k km,1200,Volkswagen,Gas Natural,Automática,rwd,taxi,Rural,no,1,yes,1,yes,no,true,1
Guillermo Ávila,387336335,3106225349,guillermoávila827@gmail.com,"Calle 95 #15-9, Cartagena",MRJ112,719,CDA-54158,23-10-2022,2017.0,155.9k km,1800,Nissan,gnv,Automática,rwd,TAXI,Suburbano,no,true,0,,false,false,false,1
Iván Salcedo,694488878,3109731416,iván-salcedo649@correo.com,"Diagonal 24 #29-75, Bogotá",DWD496,2127,CDA-87795,2022-08-01,1995.0,280903,3500,Dodge,,Tiptronic,4x4,Particular,mixto,1,yes,yes,0,no,no,no,1
Darío Acosta,888861352,3249007953,,"Circular 113 #13-2, Villavicencio",VTT842,2846,CDA-36053,2020-08-07,2001.0,385.715 km,1050,Mazda,Gas,Automatio,FWD,escolar,Mixto,true,0,false,true,no,no,no,1
Yolanda Cárdenas,685098836,3143778181,yolanda_cárdenas499@outlook.com,"Carrera 37 #34-78, Montería",GHC551,158,CDA-80756,2020-03-10,2019.0,142.768,1300,Hyundai,GSL,Automatio,4X2,Taxi,URBANO,0,true,false,false,true,yes,no,0
Patricia Díaz,693230020,3141044636,patricia_díaz465@live.com,"Diagonal 20 #21-74, Pereira",VQN 503,539,CDA-15735,04/09/2018,2019.0,97.641,2200,Volkswagen,gas,Automática,fwd,Particular,Rural,false,false,no,si,no,1,no,0
Esperanza Vega,413256773,3169394778,esperanzavega19@gmail.com,"Carrera 39 #5-18, Armenia",UFX152,2970,CDA-80829,12/04/2020,2008.0,432k,2000,Mazda,DIESEL,AUTOMATICA,,PUBLICO,Rural,si,false,1,yes,no,1,0,1
Iván Salcedo,538527761,3227868690,iván.salcedo550@gmail.com,"Transversal 102 #68-5, Montería",NFP908,622,CDA-74092,03/03/2018,2009.0,428040,1400,Hyundai,Gas,cvt,4X2,taxi,RURAL,,1,false,no,no,si,0,1
Claudia Vargas,644674928,3042119705,claudia.vargas862@hotmail.com,"Diagonal 58 #6-90, Bogotá",TPO-220,941,CDA-75308,05/12/2022,1996.0,258.7k km,1200,Toyota,DIESEL,cvt,rwd,Particular,mixto,1,false,no,yes,si,false,true,0
Héctor Montoya,335123530,3047159537,héctor_montoya878@yahoo.com,"Diagonal 59 #19-64, Medellín",VSZ-154,2230,CDA-44576,20/08/2019,1999.0,488.345 km,3050,Suzuki,GASOLINA,cvt,4x2,PARTICULAR,suburbano,si,1,true,,0,yes,0,1
Ana Gómez,103456986,3015579368,ana.gómez149@correo.com,"Transversal 84 #52-10, Villavicencio",FPZ-272,1934,CDA-38540,2024/08/04,2012.0,290464,2200,Dodge,DIESEL,manual,awd,carga,Suburbano,0,yes,1,0,0,no,0,1
Guillermo Ávila,173180551,3151359959,guillermo.ávila231@correo.com,"Carrera 20 #46-99, Cúcuta",SCA110,1065,CDA-50367,2024-02-02,2005.0,254.011 km,2450,Mitsubishi,Diesel,autom,fwd,particular,URBANO,si,no,no,,false,true,0,0
Ingrid Bermúdez,683282614,3227461354,ingridbermúdez988@yahoo.com,,DVQ384,692,CDA-44143,2019/02/26,2003.0,707.594,2600,Mitsubishi,nafta,cvt,AWD,Taxi,Urbano,0,true,no,no,1,no,1,1
José Hernández,654906588,3054152231,josé.hernández362@yahoo.com,"Calle 68 #68-48, Cartagena",IXJ600,2779,CDA-13738,2018-08-01,2000.0,588882,2400,Mazda,nafta,Tiptronic,fwd,Escolar,suburbano,0,,,0,false,no,false,0
Natalia Reyes,366136186,3119959364,nataliareyes72@live.com,"Carrera 9 #53-13, Manizales",AVJ368,2611,CDA-20279,2019-08-04,2016.0,239.091 km,3000,Dodge,GASOLINA,Mecanica,4X2,TAXI,Suburbano,no,false,no,,no,no,,0
Sandra Castro,527215138,3234882892,sandra.castro284@outlook.com,"Circular 104 #41-84, Pasto",SPW683,595,CDA-42109,2024-12-30,2022.0,65k,1000 cc,Kia,DIESEL,manual,4x2,público,RURAL,true,,no,no,no,0,0,1
Catalina Ortiz,478456575,3501013960,catalina.ortiz202@yahoo.com,"Avenida 47 #14-2, Pasto",QNY 529,2128,CDA-54099,31/03/2020,2005.0,633k,2200 cc,Chevrolet,Gas,manul,awd,taxi,rural,0,false,true,false,no,false,0,1
José Hernández,258775599,3244975284,josé_hernández117@yahoo.com,"Circular 78 #44-14, Montería",ZCS-652,2032,CDA-54987,06/02/2021,2004.0,353968,1550,Kia,gasolina,Mecanica,4X4,público,Rural,si,no,no,true,false,true,no,1
Adriana Parra,474913488,3052613316,adrianaparra205@outlook.com,"Circular 71 #72-53, Villavicencio",QKP 072,2385,CDA-65712,2024/10/21,2010.0,353443,2200,Mitsubishi,GAS,MANUAL,rwd,taxi,mixto,yes,si,true,0,yes,true,,1
Adriana Parra,812237454,,adriana.parra267@yahoo.com,"Avenida 36 #20-65, Pereira",COP113,1407,CDA-67759,2022/05/18,2003.0,301k,3500,Kia,Gasolina,Manual,rwd,público,suburbano,no,si,,0,1,false,false,1
Alejandro Zapata,475089097,3225997770,alejandrozapata869@live.com,"Carrera 49 #30-62, Pasto",EZT009,2882,CDA-19278,2023-07-28,2003.0,310289,1100,Mitsubishi,GNV,cvt,awd,PARTICULAR,Mixto,,0,1,1,,no,0,1
Andrés Torres,507047711,3502943542,andrés.torres318@yahoo.com,"Transversal 47 #54-1, Ibagué",UUX428,412,CDA-12854,11-12-2020,2013.0,182217,1250,Fiat,Híbrido,AUTOMATICA,RWD,Carga,suburbano,no,no,no,no,no,0,0,1
Gloria Mendoza,561470790,3204972187,gloria-mendoza458@correo.com,"Carrera 21 #54-95, Manizales",QVS432,2459,CDA-85358,06/04/2020,2020.0,68994,4000,Ford,GASOLINA,Tiptronic,4x2,particular,urbano,0,no,no,false,no,no,false,0
Carlos Martínez,1055913343,3247291774,carlos.martínez655@yahoo.com,"Avenida 57 #37-15, Cartagena",TIU411,176,CDA-21535,04-09-2021,2007.0,318279 km,1200cc,Peugeot,Electrico,autom,awd,Particular,Mixto,0,true,false,no,no,si,no,0
Patricia Mejía,48101333,3502544631,patricia.mejía861@yahoo.com,"Carrera 32 #65-70, Bucaramanga",OII941,950,CDA-60360,06-09-2024,2002.0,590151,1600,Renault,Gasolina,mecánica,4x2,Taxi,URBANO,no,true,0,no,no,1,1,1
Sebastián Cruz,59483883,3177309659,sebastiáncruz390@hotmail.com,"Circular 41 #12-93, Villavicencio",WWP-355,3012,CDA-96050,22-07-2023,1996.0,587050,1300 cc,Peugeot,DIESEL,autom,4x4,PARTICULAR,URBANO,true,no,no,no,yes,1,0,1
Lina Santana,220786129,3009577406,,"Circular 46 #66-89, Cartagena",HRM-668,555,CDA-61652,11-06-2019,2010.0,385.448,1500,Dodge,gasolina,MANUAL,4X4,Escolar,mixto,no,,0,true,no,false,false,1
Gloria Mendoza,647231194,3008271452,gloria-mendoza972@hotmail.com,"Calle 9 #99-11, Barranquilla",XKT 059,1337,CDA-35252,2023-09-14,2005.0,232554 km,1400cc,Dodge,Gasolina,,,Particular,RURAL,,yes,no,si,si,si,1,1
Mónica Aguirre,1087327106,3199735965,mónica.aguirre760@hotmail.com,"Avenida 73 #68-74, Cúcuta",LIZ154,3040,CDA-26181,2021-06-12,2017.0,256.228,2500cc,Mazda,GSL,Tiptronic,RWD,público,mixto,yes,0,no,false,false,no,no,0
Guillermo Ávila,688784939,3055461617,guillermo-ávila194@outlook.com,"Circular 115 #90-94, Villavicencio",RBX 249,2911,CDA-73527,11-12-2021,1997.0,566594 km,1500,Mazda,,AUTOMATICA,4x2,publico,urbano,no,no,no,,1,no,,1
Iván Salcedo,866131852,3111661698,iván-salcedo658@hotmail.com,"Carrera 59 #40-20, Montería",RSM423,2299,CDA-25390,25-12-2019,2008.0,478054 km,2200 cc,Dodge,Gasolina,mecánica,awd,carga,mixto,0,1,no,false,,false,si,1
Lina Santana,264154412,3165113753,linasantana672@live.com,"Transversal 91 #71-16, Pereira",NJF 238,2347,CDA-16189,17-03-2019,2013.0,220310,1300,Chevrolet,diesel,Mecanica,4x2,PARTICULAR,RURAL,no,no,false,no,0,no,no,1
Yolanda Cárdenas,485078358,3101114562,yolanda_cárdenas481@outlook.com,"Diagonal 2 #49-87, Villavicencio",GDD709,2184,CDA-72233,2018-07-17,2006.0,635334 km,1300cc,Peugeot,GSL,Manual,4x4,publico,Urbano,si,yes,0,,no,no,no,1
Darío Acosta,735524648,3111237358,darío.acosta545@hotmail.com,"Carrera 38 #43-25, Cali",PMO 512,2021,CDA-33653,2023-02-11,2021.0,76348,1600 cc,Suzuki,Gas Natural,Automatio,4x4,carga,Rural,0,0,false,no,no,false,false,0
Patricia Díaz,875555016,3182910698,patricia_díaz729@hotmail.com,"Calle 31 #19-18, Neiva",TKB513,2172,CDA-68883,09-02-2020,2006.0,439746,1100,Hyundai,Gasolina,,fwd,TAXI,urbano,yes,1,si,true,,1,no,1
Sandra Castro,606379776,3221397868,sandra-castro888@outlook.com,"Calle 86 #47-29, Manizales",EPB227,2283,CDA-72391,24-11-2018,0.0,0k,3500 cc,Kia,Diesel,cvt,,,urbano,0,no,no,no,no,false,no,0
Darío Acosta,972566707,3014000825,darío.acosta327@gmail.com,"Circular 98 #26-52, Manizales",MTU-781,2698,CDA-30402,2020-06-05,1999.0,378.958 km,1600cc,Dodge,Gasolina,tiptronic,4x4,escolar,URBANO,,no,,si,false,1,no,1
Mónica Aguirre,539726432,3019447206,mónica-aguirre438@hotmail.com,"Avenida 108 #2-69, Medellín",QYI075,2285,CDA-97367,2019-06-05,2001.0,494.890,1100,Nissan,Diesel,CVT,rwd,taxi,Mixto,1,,false,,no,false,,1
Catalina Ortiz,539613115,3178646401,catalina.ortiz30@yahoo.com,"Avenida 120 #41-63, Ibagué",MSD181,1455,CDA-80147,18/05/2018,2000.0,701.791,1100,Hyundai,Gasolina,Tiptronic,FWD,Escolar,RURAL,1,true,true,si,no,true,false,1
Gloria Mendoza,953630908,3046227878,gloriamendoza914@gmail.com,"Transversal 49 #16-14, Bucaramanga",AFJ-063,443,CDA-54786,2021/01/09,2003.0,199377,1600,Ford,diesel,automatica,4X2,Taxi,RURAL,yes,false,1,1,si,0,false,1
Patricia Díaz,74834075,3008677980,patricia_díaz975@live.com,"Circular 60 #81-36, Medellín",OKP 158,316,CDA-71898,2019-06-27,2022.0,50315,1300 cc,Dodge,DIESEL,Tiptronic,AWD,Escolar,Suburbano,0,no,no,0,0,no,no,0
Patricia Díaz,484047563,3162890611,,"Carrera 19 #63-45, Armenia",EWW 706,1743,CDA-19086,15-07-2021,2011.0,331.830,1800,Honda,Gas,Mecanica,RWD,taxi,Suburbano,false,false,false,0,1,,false,0
Viviana Suárez,259883707,3043590304,viviana.suárez278@live.com,"Transversal 43 #60-67, Montería",KLV610,1668,CDA-67121,08/09/2023,2001.0,487.926,2500,Mitsubishi,,automatica,FWD,público,suburbano,0,0,si,no,si,,,1
Esperanza Vega,510641816,3233077839,esperanza-vega501@yahoo.com,"Diagonal 7 #2-33, Cartagena",FHI-135,2668,CDA-11723,2022-09-16,2010.0,220585,1800,Toyota,hibrido,MANUAL,RWD,Taxi,Mixto,no,no,,yes,no,no,no,1
Esperanza Vega,1019629803,3179487298,esperanza-vega776@outlook.com,"Circular 21 #65-45, Bogotá",UIW222,1927,CDA-72169,18/12/2019,2012.0,72274 km,1200,Honda,DIESEL,autom,4X2,carga,Mixto,false,no,no,false,false,0,no,1
Roberto Nieto,839141191,3123662318,robertonieto776@yahoo.com,"Diagonal 17 #60-57, Cartagena",OSK373,804,CDA-93678,2021-03-19,2000.0,516790,2500 cc,Peugeot,diesel,semiautomatica,AWD,PUBLICO,RURAL,0,true,si,no,false,no,no,1
María López,803954893,3192117296,maría-lópez932@live.com,"Circular 54 #87-38, Manizales",USH 181,2309,CDA-54043,08/01/2021,2011.0,377114,1300,Fiat,,AUTOMATICA,4x2,taxi,suburbano,no,no,0,yes,no,,0,1
Andrés Torres,875830455,,andrés_torres349@yahoo.com,"Circular 62 #69-35, Cúcuta",PLL758,2263,CDA-77297,01-01-2019,1995.0,596k,1800,Honda,gasolina,CVT,FWD,PARTICULAR,RURAL,yes,0,no,no,1,yes,si,1
Patricia Mejía,717850277,3115523048,patricia_mejía96@live.com,"Diagonal 54 #11-64, Cartagena",NAA311,1917,CDA-87800,2023/09/18,2002.0,420015,1600,Hyundai,Gas,manual,,taxi,Suburbano,1,yes,false,1,no,no,no,1
Claudia Vargas,743185373,3122582691,claudia.vargas476@correo.com,"Carrera 58 #14-40, Armenia",VYH463,1792,CDA-82183,14-07-2021,2018.0,93105,2400 cc,Suzuki,Diesel,automatica,4X2,Particular,Mixto,0,0,no,1,no,no,no,0
Sebastián Cruz,1059285174,3188884865,sebastián.cruz218@hotmail.com,"Circular 68 #39-72, Medellín",WAC367,1245,CDA-98704,07/12/2018,2024.0,0,4000,Hyundai,gasolina,autom,FWD,TAXI,URBANO,1,0,0,no,false,no,false,1
María López,501882766,3125269510,maría-lópez806@correo.com,"Circular 88 #62-19, Pasto",RSH-771,2477,CDA-72007,2022/06/19,2020.0,93074,3000,Toyota,Diesel,semiautomatica,4X4,público,suburbano,0,true,no,,no,no,,1
Esperanza Vega,565229327,3016124793,esperanza-vega451@outlook.com,"Circular 39 #50-4, Medellín",IAM-762,297,CDA-29516,2021/12/03,2000.0,761927,1150,Suzuki,Híbrido,Mecanica,4x2,Publico,Urbano,,si,si,no,,true,0,1
Claudia Vargas,1090866874,3215594782,claudia-vargas714@gmail.com,"Diagonal 10 #20-51, Barranquilla",ARR-251,568,CDA-71585,10/10/2020,2008.0,224658,4000 cc,Hyundai,Gasolina,manul,AWD,público,rural,true,yes,yes,no,false,false,true,1
Sandra Castro,14279742,3148522052,sandra_castro468@correo.com,"Transversal 21 #75-30, Armenia",UYQ-341,839,CDA-15318,06/06/2024,2017.0,226676,1300 cc,Mazda,eléctrico,Tiptronic,FWD,Publico,Suburbano,false,si,,0,yes,0,no,1
Sebastián Cruz,1000488992,3025576947,,"Calle 93 #43-70, Bogotá",YQF420,1011,CDA-82076,25-03-2023,2024.0,0 km,2400 cc,Volkswagen,nafta,cvt,rwd,carga,Suburbano,no,0,0,no,no,no,false,0
Gustavo Barrera,575095651,3124951959,gustavobarrera83@outlook.com,"Transversal 56 #97-19, Cúcuta",AIV100,2535,CDA-58692,2023/04/04,2003.0,459.264,1800 cc,Suzuki,gasolina,Mecanica,fwd,Publico,Urbano,false,0,0,true,true,false,,0
Carlos Martínez,275037912,3117677265,carlos.martínez507@hotmail.com,"Carrera 16 #26-49, Ibagué",SNK906,267,CDA-73522,09/11/2021,2003.0,469k,4050,Renault,gasolina,tiptronic,fwd,Particular,Urbano,yes,0,0,,no,si,no,1
María López,567584723,3043599689,maría.lópez828@outlook.com,"Carrera 29 #32-73, Cartagena",ZAS-354,1463,CDA-64856,22/09/2021,2008.0,374.917,1500,Volkswagen,GSL,manul,AWD,Publico,Urbano,true,false,true,false,no,no,si,1
Gloria Mendoza,327000255,3173633660,gloria_mendoza111@yahoo.com,"Carrera 91 #78-59, Bucaramanga",DYD853,197,CDA-82106,14-11-2022,2015.0,99k,1000 cc,Mazda,eléctrico,manual,4x4,Particular,RURAL,false,no,0,si,no,0,false,1
Diana Herrera,350271622,3162337621,diana-herrera710@gmail.com,"Circular 74 #61-94, Cartagena",YLU482,403,CDA-92531,2021/05/31,2015.0,225k,1600,Suzuki,GNV,Automatio,rwd,carga,Rural,0,false,0,yes,0,no,false,0
Yolanda Cárdenas,786550495,3058175488,yolanda-cárdenas604@live.com,"Circular 90 #81-53, Medellín",CFJ 223,1227,CDA-62704,27-01-2020,2024.0,286145,1000cc,Fiat,GASOLINA,semiautomatica,rwd,publico,Mixto,no,no,0,no,0,no,0,1
Guillermo Ávila,157813851,3104957356,guillermo.ávila780@hotmail.com,"Circular 100 #17-83, Pasto",CLG-701,1314,CDA-43361,2021-04-21,2007.0,275125,3500,Suzuki,Electrico,CVT,RWD,particular,Mixto,1,no,0,0,no,si,0,1
Mauricio Ruiz,156828467,3126490027,mauricio-ruiz409@yahoo.com,"Transversal 98 #80-5, Neiva",SKI963,2048,CDA-69881,2022-02-16,2007.0,423814,4000cc,Kia,gasolina,manul,RWD,publico,suburbano,yes,no,true,si,yes,no,no,1
Ricardo Peña,175243093,3132879460,ricardopeña155@hotmail.com,"Circular 3 #38-54, Villavicencio",DJL 620,89,CDA-78107,14-08-2022,2002.0,462.589,2400 cc,Kia,Gasolina,mecánica,AWD,taxi,urbano,no,false,yes,true,0,false,0,1
Ingrid Bermúdez,475914099,3045721184,ingrid.bermúdez93@outlook.com,"Diagonal 20 #98-53, Ibagué",ZHR016,279,CDA-17472,2022/11/05,2015.0,229711,2500,TOYOTA,DIESEL,Automática,4X4,taxi,,no,no,0,no,si,no,0,1
Esperanza Vega,281593096,3025837984,esperanza_vega950@correo.com,,RTO-318,2865,CDA-68059,2023/03/15,2015.0,236k,2500 cc,Dodge,eléctrico,semiautomatica,rwd,taxi,Mixto,no,true,false,0,1,false,,1
Ingrid Bermúdez,864348319,3058445948,ingrid-bermúdez346@yahoo.com,"Calle 37 #60-13, Cali",KCX-227,508,CDA-44898,28/07/2018,2006.0,200016 km,1100,Hyundai,GSL,manual,RWD,Particular,suburbano,no,,si,0,si,si,yes,1
Luis Rodríguez,98682873,3503876305,luis-rodríguez893@live.com,"Circular 63 #75-88, Bucaramanga",ZAA949,1056,CDA-88273,06-11-2022,2008.0,319.4k km,1250,Ford,DIESEL,Tiptronic,rwd,TAXI,RURAL,0,false,0,si,0,no,no,0
Gloria Mendoza,153394308,3024064821,gloria-mendoza831@live.com,"Circular 64 #36-55, Pasto",PDM338,1583,CDA-34748,18-03-2022,2015.0,,1300 cc,Chevrolet,Diesel,mecánica,RWD,PARTICULAR,Rural,1,false,no,yes,1,0,,1
Luis Rodríguez,816225146,3016531133,luis-rodríguez479@gmail.com,"Transversal 82 #31-49, Barranquilla",TNU430,1048,CDA-38384,27/10/2022,1997.0,1.883,1500,Mitsubishi,gasolina,Mecanica,4X2,particular,Suburbano,false,false,0,true,yes,1,false,1
María López,119939278,3182196690,maría.lópez396@correo.com,"Diagonal 7 #20-19, Pasto",AEE-025,860,CDA-85851,2020-07-16,2023.0,29.746,4000,Dodge,GASOLINA,MANUAL,rwd,escolar,RURAL,false,0,no,no,no,0,0,0
Iván Salcedo,722417928,3246171633,ivánsalcedo143@yahoo.com,"Calle 19 #93-14, Armenia",PQA 165,2600,CDA-54948,2022-08-25,2018.0,127864,1600,Nissan,DIESEL,CVT,AWD,taxi,suburbano,true,0,no,no,0,false,false,1
Mauricio Ruiz,231960613,3135960115,mauricio.ruiz895@hotmail.com,"Transversal 105 #59-41, Armenia",LXC104,1074,CDA-33892,11/01/2019,2004.0,307551,2200,Nissan,gas,MANUAL,,Escolar,Mixto,0,yes,no,no,si,,no,1
María López,12887598,,maría-lópez688@live.com,,NIT 565,3071,CDA-60062,01-07-2022,2020.0,61.920,3000,Peugeot,Gas Natural,manul,rwd,Carga,mixto,0,no,no,no,no,no,no,0
,447446940,3142475474,andrés-torres206@yahoo.com,"Avenida 46 #81-57, Pereira",XTS728,1603,CDA-76813,2021/01/01,9999.0,217.676 km,1800,Dodge,gasolina,autom,RWD,PARTICULAR,mixto,0,0,,false,1,false,no,1
Felipe Ramos,829243342,3016893182,feliperamos81@outlook.com,"Calle 30 #77-69, Montería",UFI471,248,CDA-58809,2022/04/02,,381k,1400cc,Fiat,gnv,manual,FWD,TAXI,URBANO,no,no,false,false,true,1,no,1
Esperanza Vega,79519234,3216806613,esperanza-vega246@outlook.com,"Diagonal 102 #31-3, Villavicencio",JRM514,409,CDA-98250,28/02/2019,1997.0,699k,3500,Dodge,GSL,Automatio,4x2,público,Mixto,yes,true,0,1,false,true,0,1
Roberto Nieto,206393533,3141924238,robertonieto748@live.com,"Avenida 116 #46-95, Barranquilla",BNM-971,2564,CDA-27264,2024/01/28,1998.0,,1800,Ford,Gas,Automática,rwd,TAXI,urbano,no,,true,yes,,true,false,1
Catalina Ortiz,697808457,3182456153,catalina.ortiz393@live.com,"Diagonal 3 #6-45, Bucaramanga",KJM058,1030,CDA-44804,03/11/2018,2020.0,69316,1200,Dodge,GSL,CVT,FWD,TAXI,suburbano,0,,,0,false,no,yes,1
Alejandro Zapata,375289125,3217706944,alejandrozapata49@hotmail.com,"Calle 35 #2-78, Montería",FKR-620,369,CDA-65569,2019-01-30,2019.0,77k,1200,Renault,DIESEL,automatica,FWD,Particular,RURAL,true,0,false,si,,no,0,0
Camilo Rojas,811437321,3157133857,camilo-rojas617@live.com,"Calle 6 #5-18, Pasto",MLP536,26,CDA-49221,2023/09/09,2014.0,258319,1500,Nissan,Gas,Manual,AWD,carga,mixto,true,false,,,false,,false,0
Andrés Torres,1084767470,3003200705,andrés_torres82@correo.com,"Circular 81 #6-63, Cali",CBP310,2976,CDA-41512,2024/09/04,2013.0,170.234 km,,Kia,diesel,manual,AWD,particular,RURAL,no,0,no,no,no,no,,0
Héctor Montoya,878202828,3151696737,héctor_montoya335@gmail.com,"Circular 97 #69-3, Armenia",ARJ403,1107,CDA-17955,2023-03-06,1997.0,799.086 km,2200,Toyota,Híbrido,MANUAL,4X4,TAXI,mixto,si,si,yes,1,false,0,1,1
Mónica Aguirre,151450035,3187328114,mónica-aguirre682@outlook.com,"Calle 53 #21-10, Villavicencio",VEJ703,2087,CDA-30138,04/12/2023,2016.0,169511,2400,Hyundai,eléctrico,mecánica,awd,público,mixto,no,no,no,no,no,no,no,0
Ingrid Bermúdez,304065257,3506372490,ingrid.bermúdez70@outlook.com,"Transversal 98 #97-82, Ibagué",KCQ-408,2354,CDA-55304,2024/05/26,2006.0,265595,1000,Toyota,GNV,semiautomatica,4x4,Publico,Urbano,0,1,,1,yes,si,no,1
Patricia Mejía,320843164,3133502745,patriciamejía196@correo.com,"Diagonal 31 #60-10, Bucaramanga",FBV156,411,CDA-86960,2020-12-15,2015.0,163820,1000,Fiat,DIESEL,MANUAL,fwd,PARTICULAR,Suburbano,,1,no,false,no,false,false,0
Ana Gómez,,3242702335,ana_gómez481@hotmail.com,"Circular 71 #23-78, Manizales",JAK-407,2489,CDA-32294,2018/10/15,2018.0,90k,2400,Chevrolet,DIESEL,Automática,RWD,PARTICULAR,mixto,0,0,false,no,false,no,,0
Yolanda Cárdenas,932051953,3132282993,yolanda_cárdenas156@live.com,"Transversal 101 #71-5, Manizales",TRU 375,1425,CDA-60236,07-09-2024,2023.0,17163,3400,Peugeot,GAS,automatica,AWD,carga,Suburbano,no,0,no,,0,0,,0
Adriana Parra,362985782,3102102058,adrianaparra320@live.com,"Diagonal 19 #67-82, Ibagué",JDQ151,2105,CDA-54074,2023-01-15,2004.0,321k,1300,Ford,hibrido,manual,awd,PUBLICO,mixto,false,0,no,1,no,no,yes,1
Roberto Nieto,,3177998971,roberto-nieto453@live.com,"Carrera 91 #8-70, Medellín",RYJ-494,1423,CDA-16343,05-10-2023,2010.0,311679,1800,Mazda,Electrico,manual,RWD,Escolar,Mixto,no,1,true,0,1,no,1,1
Luis Rodríguez,537533660,3166305073,luis-rodríguez288@correo.com,"Circular 86 #63-44, Pasto",TXI305,2370,CDA-76741,08/11/2022,2014.0,342685 km,4000,Hyundai,nafta,manul,rwd,Carga,rural,,false,1,si,yes,no,no,1
José Hernández,533790193,3022357591,josé_hernández446@outlook.com,"Diagonal 51 #73-66, Cali",DBI 861,1625,CDA-14633,13/07/2021,2022.0,78099,,Ford,Gas Natural,AUTOMATICA,4x4,escolar,urbano,0,1,no,false,false,,false,1
Jhon Morales,1045368290,3114468155,jhon_morales21@correo.com,"Circular 98 #38-5, Ibagué",RXD128,2639,CDA-19519,24-09-2018,2024.0,0.0k km,1200,Honda,GASOLINA,automatica,fwd,carga,rural,1,si,no,no,no,false,false,1
Andrés Torres,575767018,3207100377,andrés.torres510@yahoo.com,"Diagonal 28 #46-77, Armenia",YLK520,2592,CDA-33960,28/12/2020,2009.0,194132,3000,Toyota,Electrico,CVT,FWD,PARTICULAR,rural,no,yes,no,1,yes,false,0,1
Mónica Aguirre,488707343,3244728015,mónica_aguirre599@hotmail.com,"Circular 67 #83-20, Montería",JPK278,1054,CDA-31800,2022-12-27,1998.0,700k,1100,Renault,gasolina,tiptronic,4X4,,Suburbano,1,false,true,yes,0,false,false,1
Mauricio Ruiz,404068966,3198536680,mauricio_ruiz585@gmail.com,"Carrera 71 #19-70, Cúcuta",RED 947,1831,CDA-65033,2019-12-02,2013.0,333427,4000,Dodge,Híbrido,Automatio,4X2,TAXI,Suburbano,yes,no,0,0,false,false,no,1
Camilo Rojas,720960158,3121383224,camilo-rojas987@outlook.com,"Carrera 65 #69-69, Pereira",OSL 881,2470,CDA-59806,11-09-2022,1998.0,609183,4000,Mitsubishi,nafta,Automatio,fwd,PUBLICO,Suburbano,si,no,0,1,no,si,false,1
Andrés Torres,595314863,3016698338,andrés-torres86@yahoo.com,"Diagonal 119 #99-96, Ibagué",YNN731,2491,CDA-96146,2019-12-28,2007.0,423235 km,3500,Dodge,eléctrico,Mecanica,awd,público,URBANO,no,false,false,no,0,0,no,1
José Hernández,477696701,3128284023,josé-hernández814@yahoo.com,"Diagonal 102 #32-2, Bogotá",RRE724,68,CDA-91937,27/12/2021,2010.0,273222,1300,Volkswagen,GSL,tiptronic,4x2,PARTICULAR,Rural,si,no,yes,si,false,1,0,1
Adriana Parra,373528584,3129895181,,"Carrera 47 #72-35, Pasto",MVW-340,1495,CDA-63369,10/07/2023,2013.0,402.224,1500,Mazda,GNV,automatica,fwd,Carga,Urbano,no,no,1,no,no,1,0,0
Gustavo Barrera,795110264,3203272908,gustavo-barrera806@yahoo.com,"Diagonal 21 #38-30, Cali",RDI229,3092,CDA-48700,02-03-2020,2023.0,18418,1100,Chevrolet,DIESEL,tiptronic,4x4,PARTICULAR,URBANO,0,false,no,false,false,no,false,1
Marcela Fuentes,729749850,3227170672,marcela.fuentes121@live.com,"Avenida 83 #82-89, Ibagué",KOJ598,1862,CDA-10646,2024/03/12,2024.0,0,3500,Peugeot,GNV,manual,AWD,PARTICULAR,Mixto,si,no,no,no,false,,no,0
Ernesto Pineda,890551274,3004192631,ernesto-pineda706@yahoo.com,"Carrera 25 #80-96, Neiva",MZV 257,3029,CDA-66306,25/09/2019,2015.0,190k,,Ford,DIESEL,semiautomatica,4X2,carga,Mixto,si,no,no,,,0,no,1
Luis Rodríguez,91835664,3108199368,luisrodríguez457@correo.com,"Diagonal 90 #93-17, Pasto",MWY980,1878,CDA-90462,2020/08/20,2010.0,328k,1400cc,Honda,eléctrico,manual,4x2,publico,Urbano,no,0,no,no,yes,false,no,1
Catalina Ortiz,906742081,3116534221,catalina-ortiz512@live.com,"Circular 44 #33-98, Armenia",STL731,32,CDA-81058,2018-08-29,2001.0,894.517,1000cc,Dodge,nafta,mecánica,,escolar,urbano,no,0,true,yes,no,si,no,1
Viviana Suárez,363302267,3191623503,viviana.suárez180@yahoo.com,"Calle 53 #58-58, Montería",WRB-825,1704,CDA-96932,2018/04/24,2010.0,279k,1100,Toyota,Electrico,Automática,fwd,particular,,0,true,no,si,,no,0,1
Darío Acosta,276039915,3155561327,darío.acosta838@outlook.com,"Avenida 5 #39-71, Bucaramanga",HKQ303,2448,CDA-68689,2024/02/25,2016.0,325315 km,1350,Honda,DIESEL,MANUAL,FWD,Particular,suburbano,no,true,false,0,0,0,no,1
Viviana Suárez,160706715,,vivianasuárez180@yahoo.com,"Diagonal 29 #27-64, Barranquilla",EHO-007,872,CDA-13210,2019-12-26,2008.0,304204,1800,Mazda,GSL,mecánica,fwd,Taxi,mixto,0,0,yes,no,no,false,false,1
Andrés Torres,508753167,3012610070,andrés.torres447@gmail.com,"Calle 25 #12-71, Montería",QKM122,2388,CDA-35584,2024-12-13,1998.0,469774,2500 cc,Chevrolet,GSL,Automática,4x2,Carga,URBANO,no,no,0,1,no,false,yes,0
Mónica Aguirre,262420101,3014638950,mónicaaguirre196@correo.com,"Transversal 4 #5-58, Pasto",YPV-054,870,CDA-11423,2022/09/02,1995.0,1162219,4000,Mazda,GASOLINA,Automática,rwd,TAXI,Mixto,1,false,si,false,no,si,no,1
Fabio Arévalo,371778546,3216520992,fabio_arévalo757@yahoo.com,"Circular 111 #28-67, Barranquilla",BRI751,3125,CDA-62452,2020/05/22,2024.0,0k,,Toyota,diesel,cvt,fwd,escolar,mixto,0,true,no,no,0,false,0,1
Ana Gómez,57718965,3188310037,anagómez814@outlook.com,"Carrera 74 #46-77, Cali",CLT162,791,CDA-44293,2018-09-27,2019.0,266912,3000,Honda,GAS,Mecanica,AWD,público,Mixto,false,no,si,no,no,no,0,1
Andrés Torres,780391718,3202825908,andrés.torres862@yahoo.com,"Carrera 115 #69-26, Bucaramanga",QSX868,59,CDA-37886,09-03-2024,2018.0,164906,3000,Mazda,Híbrido,Automatio,rwd,TAXI,mixto,true,false,false,true,no,,no,1
Mauricio Ruiz,965674777,3117552825,mauricio-ruiz548@yahoo.com,"Calle 75 #42-87, Villavicencio",ZPG760,444,CDA-14344,13/10/2018,2023.0,24331,4000cc,Hyundai,Gas,AUTOMATICA,4X4,Carga,rural,false,0,,0,no,no,no,0
Omar Leal,783692820,3206739292,omar_leal87@correo.com,"Transversal 110 #8-58, Villavicencio",SYH372,3053,CDA-21369,19-01-2022,2011.0,296k,900,Chevrolet,gas,AUTOMATICA,FWD,Publico,RURAL,no,no,no,yes,0,false,no,1
Lina Santana,459463952,3216526244,lina.santana474@live.com,"Transversal 55 #47-65, Armenia",NFR367,424,CDA-50557,12-06-2020,2020.0,129147,1300,Fiat,diesel,tiptronic,FWD,escolar,rural,false,0,yes,no,false,no,0,1
Lina Santana,445048334,3057307167,lina-santana486@outlook.com,"Calle 119 #45-2, Montería",NJW159,1408,CDA-64549,24/01/2024,1997.0,979020,1200,Suzuki,Gas Natural,manual,awd,PUBLICO,mixto,true,1,no,false,si,no,no,1
Roberto Nieto,107904796,3225451032,roberto.nieto978@gmail.com,"Diagonal 77 #28-5, Medellín",XCK957,344,CDA-13265,30/06/2021,1995.0,614739,3400,Honda,diesel,manual,4X2,publico,Suburbano,yes,1,no,1,si,no,no,1
Catalina Ortiz,697808457,3182456153,catalina.ortiz393@live.com,"Diagonal 3 #6-45, Bucaramanga",KJM058,1030,CDA-44804,03/11/2018,2020.0,69316,1200,Dodge,GSL,CVT,FWD,TAXI,suburbano,0,,,0,false,no,yes,1
Carlos Martínez,173452239,3206967233,carlosmartínez837@outlook.com,"Circular 87 #38-41, Medellín",LKC 021,2403,CDA-59533,19/05/2021,1997.0,564297,2200 cc,Peugeot,Gas,Manual,4X2,público,Urbano,no,1,no,0,0,no,true,1
Natalia Reyes,436194206,3233341247,natalia_reyes808@gmail.com,"Avenida 102 #99-19, Montería",KLR213,167,CDA-67219,29/09/2020,2023.0,18699,1800,Honda,GAS,Automática,FWD,particular,URBANO,0,no,no,false,0,0,no,0
Camilo Rojas,757983933,3172204993,camilo_rojas290@correo.com,"Circular 110 #71-51, Medellín",TPU874,125,CDA-73234,17/08/2019,2018.0,176408,1000,Toyota,Híbrido,mecánica,FWD,Escolar,Urbano,yes,false,false,no,si,false,no,0
Iván Salcedo,188116223,3237877393,ivánsalcedo157@gmail.com,"Transversal 10 #53-1, Villavicencio",PXY478,756,CDA-18196,2022/05/18,2007.0,207857,3500,Fiat,DIESEL,Automática,rwd,particular,mixto,false,si,no,1,no,true,false,1
Lina Santana,967178074,3217535338,lina-santana151@hotmail.com,"Calle 82 #67-27, Montería",UHG-110,2462,CDA-25941,2018-10-08,2015.0,165078,1800,Honda,gnv,manul,awd,PARTICULAR,suburbano,false,0,,no,1,si,no,0
Yolanda Cárdenas,117493720,3244021732,yolandacárdenas284@gmail.com,"Avenida 86 #53-62, Ibagué",IQK150,2709,CDA-43505,31-05-2020,9999.0,322k,2950,Suzuki,Gas Natural,Mecanica,4X4,particular,rural,false,false,true,yes,si,true,no,1
Catalina Ortiz,412868957,3011099453,catalina.ortiz524@yahoo.com,"Avenida 114 #26-59, Ibagué",XYM742,2065,CDA-98388,2021-02-25,2017.0,,3000,Mitsubishi,nafta,,4X4,Escolar,Urbano,0,1,0,0,false,no,0,0
Alejandro Zapata,425817524,3197096989,alejandro_zapata703@outlook.com,"Carrera 41 #69-14, Armenia",SWH527,2918,CDA-85321,06-03-2022,2009.0,450223,1500,Volkswagen,gas,Tiptronic,RWD,publico,rural,no,true,1,no,true,false,true,1
Marcela Fuentes,449874893,3158300078,marcelafuentes454@live.com,"Carrera 37 #63-19, Bucaramanga",GSM184,643,CDA-63356,19/05/2021,2015.0,207k,1300 cc,Honda,,Mecanica,awd,TAXI,RURAL,false,1,0,no,no,,false,0
Viviana Suárez,778401343,3043267678,viviana_suárez519@gmail.com,,HII863,677,CDA-20265,19/02/2019,2006.0,300k,2400,Volkswagen,Gasolina,Automática,4X2,Publico,Urbano,si,true,true,,,,no,1
Lina Santana,466634049,3007092569,linasantana240@correo.com,"Carrera 68 #99-90, Montería",APW807,1539,CDA-67080,2023-02-14,2021.0,29.206,2200,Honda,Electrico,mecánica,4X4,particular,rural,no,0,no,no,no,no,no,0
Luis Rodríguez,463801562,3011027117,luis-rodríguez920@outlook.com,"Carrera 87 #23-95, Cartagena",FZH-065,2132,CDA-42776,23/03/2024,2002.0,0.6k km,1000,Fiat,Híbrido,Mecanica,4x2,taxi,Rural,si,true,no,false,si,true,1,1
Ricardo Peña,775787897,3103049177,ricardo_peña470@outlook.com,"Calle 60 #49-57, Pasto",PQO-683,2043,CDA-36765,23/12/2019,2006.0,227.548,2200,Ford,GASOLINA,autom,awd,Particular,suburbano,false,,1,0,0,no,true,0
Mauricio Ruiz,668430492,3186677939,mauricioruiz690@correo.com,"Calle 109 #41-25, Bucaramanga",MWC-905,603,CDA-35198,2024/02/29,1998.0,819.573,1850,Toyota,diesel,autom,rwd,publico,Mixto,0,yes,1,true,,1,yes,0
José Hernández,612704423,3117654464,,"Diagonal 63 #31-23, Pasto",DCG-185,1109,CDA-53301,08/01/2018,2019.0,60965,2400cc,Nissan,GASOLINA,manual,FWD,Particular,Mixto,false,0,si,1,true,0,false,1
Catalina Ortiz,349783276,3028859233,catalina-ortiz770@gmail.com,"Diagonal 105 #36-60, Cartagena",ZDI-154,177,CDA-66675,03-07-2022,1800.0,,1600,Toyota,GASOLINA,tiptronic,4X4,Taxi,Rural,false,no,yes,0,1,false,false,1
Marcela Fuentes,793433065,3504944924,marcela_fuentes995@gmail.com,"Transversal 42 #18-52, Pasto",XMT764,2164,CDA-55291,2023-11-16,2018.0,201.306,1500,Toyota,,cvt,fwd,público,Mixto,0,false,no,false,si,false,false,0
Andrés Torres,1048947906,3216875531,andrés.torres138@correo.com,"Carrera 85 #96-76, Armenia",HSC-326,1058,CDA-30173,2022-12-18,2006.0,608318,1400,Peugeot,Gas Natural,Automatio,RWD,escolar,RURAL,si,yes,yes,no,0,true,0,1
José Hernández,685104538,3249835136,joséhernández469@gmail.com,"Carrera 11 #48-33, Bucaramanga",THT 969,1438,CDA-81442,11/04/2021,2007.0,629936,1500,Nissan,GAS,MANUAL,4X2,PUBLICO,Rural,1,1,0,no,0,1,,1
Roberto Nieto,837447842,3244108654,roberto.nieto48@gmail.com,"Carrera 106 #95-49, Bogotá",ZFQ644,2469,CDA-73122,02/05/2021,2020.0,120499,1200 cc,Nissan,Híbrido,MANUAL,FWD,carga,URBANO,true,no,no,false,true,no,no,1
Natalia Reyes,895211375,3048748174,natalia_reyes650@hotmail.com,"Circular 118 #39-53, Armenia",ZZA 651,289,,16/09/2022,2007.0,460826,1100,Fiat,Electrico,automatica,4X4,carga,Mixto,1,yes,no,no,no,no,no,1
Natalia Reyes,721980035,3167096349,natalia_reyes805@gmail.com,"Carrera 113 #69-79, Bucaramanga",GKD056,2248,CDA-15052,2019/11/14,2015.0,,4000 cc,Chevrolet,nafta,semiautomatica,4X2,público,RURAL,yes,1,no,0,no,false,0,1
Adriana Parra,797510359,,adriana_parra31@outlook.com,"Calle 9 #58-61, Bucaramanga",LDN821,2024,CDA-61209,11/04/2018,2001.0,349228,3500,Renault,gasolina,Manual,awd,Carga,RURAL,1,yes,,yes,false,1,si,1
Guillermo Ávila,457931473,3198357595,guillermo-ávila790@outlook.com,"Calle 12 #23-65, Neiva",NEF 973,178,CDA-37568,08-09-2023,2023.0,35.901,1000,Dodge,Gasolina,CVT,AWD,escolar,suburbano,0,0,0,no,no,no,yes,1
,867056350,3172937127,nataliareyes486@yahoo.com,"Calle 13 #71-50, Manizales",IAP831,3122,CDA-38352,03-07-2021,2023.0,311399,2000,Mitsubishi,GNV,autom,fwd,Publico,rural,no,0,0,no,,no,0,1
Fabio Arévalo,253140436,3167197331,fabio_arévalo957@gmail.com,"Carrera 42 #87-94, Ibagué",WLK566,1428,CDA-43603,18-07-2023,2009.0,250.889 km,2400,Mazda,nafta,cvt,4x4,TAXI,Mixto,yes,no,true,no,1,1,,1
Roberto Nieto,604684287,3121924232,roberto-nieto604@hotmail.com,"Transversal 14 #92-61, Cúcuta",JET490,1188,CDA-50740,2019/12/03,2018.0,139891,4000 cc,Nissan,Electrico,automatica,4x2,TAXI,rural,no,0,1,si,no,no,no,1
Sebastián Cruz,382900217,,sebastiáncruz200@hotmail.com,"Calle 87 #8-92, Cali",FMB495,1316,CDA-11205,2020/09/24,1995.0,439675,3000 cc,Nissan,nafta,cvt,awd,público,Rural,1,1,no,yes,1,false,,1
Adriana Parra,109940176,3054647625,adriana_parra684@outlook.com,"Avenida 39 #51-49, Cali",FFH-604,371,CDA-32821,23-02-2019,2005.0,478492,1500,Kia,GSL,Manual,FWD,publico,urbano,yes,no,no,no,no,no,no,1
Fabio Arévalo,1040588906,3229145126,fabioarévalo913@gmail.com,"Carrera 104 #6-21, Bucaramanga",INB774,1256,CDA-45267,2020-11-29,2021.0,320696,2000,Mazda,GAS,cvt,FWD,particular,Mixto,0,no,false,no,no,no,0,0
Andrés Torres,410146257,3244478010,andrés_torres930@yahoo.com,"Avenida 86 #50-39, Manizales",RUI066,1953,CDA-29247,2023/07/27,2000.0,436968,2500,Hyundai,GSL,Mecanica,fwd,taxi,Mixto,si,no,false,si,si,,false,1
Claudia Vargas,185270157,3181651651,claudia-vargas232@outlook.com,"Circular 113 #47-84, Pereira",JBK702,1721,CDA-38536,01/01/2020,2018.0,173k,1200,Dodge,Gasolina,Mecanica,rwd,taxi,RURAL,false,no,no,true,,false,no,0
Marcela Fuentes,1041156214,3149115305,marcela-fuentes902@hotmail.com,"Carrera 78 #89-37, Pereira",CKU-022,875,CDA-12044,2021-01-03,2015.0,133658,2500cc,renoult,GSL,tiptronic,FWD,particular,mixto,yes,no,0,0,false,0,no,1
Esperanza Vega,303733097,3133639701,esperanzavega890@gmail.com,"Transversal 98 #43-84, Pereira",NMM082,1223,CDA-91996,28/05/2018,1996.0,499.855,1100,Suzuki,Híbrido,Automática,4x4,particular,Mixto,true,si,yes,true,false,yes,false,1
Omar Leal,322075513,3155666890,omarleal882@yahoo.com,"Avenida 65 #51-98, Cartagena",SMA 781,2511,CDA-71583,06-08-2020,1999.0,715.349,1300,Fiat,Gasolina,Manual,4X2,Escolar,RURAL,si,0,false,true,,,no,1
Sandra Castro,640701009,3058372551,sandra_castro134@hotmail.com,"Circular 25 #54-14, Ibagué",OZH 329,1719,CDA-35304,30-09-2020,2000.0,727701,1100 cc,Honda,GASOLINA,MANUAL,AWD,público,Mixto,si,false,false,si,0,,yes,1
Esperanza Vega,226190870,3007941491,esperanza.vega216@correo.com,"Avenida 82 #58-21, Cali",XRQ813,142,CDA-88642,11-10-2019,2015.0,313.232,,Honda,hibrido,CVT,4X4,Carga,RURAL,si,no,false,1,0,0,no,1
Natalia Reyes,347047961,3016965079,nataliareyes269@hotmail.com,"Carrera 47 #89-54, Pereira",JHQ-543,1602,CDA-41746,2020/02/02,2018.0,211869,3500,Dodge,Híbrido,mecánica,awd,Taxi,rural,1,0,no,false,no,0,no,1
Sandra Castro,1028429620,3128678738,sandracastro639@gmail.com,"Circular 29 #41-32, Neiva",FGP797,1695,CDA-60948,01-10-2021,2010.0,363269,,Mazda,Gas,automatica,4x2,Escolar,Rural,0,si,true,0,no,0,false,1
Felipe Ramos,121267223,3195299981,felipe.ramos208@live.com,,JXD266,1591,CDA-97246,2018/08/29,2012.0,203507,3000,Hyundai,Gas,Automatio,4X2,público,Mixto,true,1,0,true,false,no,0,1
Andrés Torres,443702065,3201829219,andrés_torres984@yahoo.com,"Carrera 102 #38-46, Pereira",IVY894,472,CDA-38139,2023/06/05,2008.0,74261,2200,renoult,DIESEL,manual,4X2,PARTICULAR,Rural,0,no,si,true,no,no,no,1
Fabio Arévalo,723778659,3004161351,fabioarévalo813@hotmail.com,"Diagonal 93 #31-27, Pereira",PIX-808,1162,CDA-55758,2023/07/18,2001.0,970.187 km,1250,Renault,gasolina,AUTOMATICA,4x2,escolar,URBANO,1,no,false,,no,no,no,1
Mauricio Ruiz,1023451416,3177384786,mauricio.ruiz879@correo.com,"Avenida 51 #1-75, Villavicencio",HKC 008,735,CDA-38989,2018/08/04,1998.0,850685,3500,Mitsubishi,hibrido,Manual,awd,TAXI,urbano,false,yes,0,1,yes,1,yes,1
Iván Salcedo,1076207564,,iván.salcedo342@yahoo.com,"Circular 13 #31-81, Pasto",SHE986,600,CDA-72976,02-02-2021,2017.0,194808,2000,Dodge,GNV,semiautomatica,4x4,Taxi,URBANO,0,no,no,0,0,no,false,0
Yolanda Cárdenas,743352110,3201925865,yolanda_cárdenas925@gmail.com,"Transversal 3 #97-2, Ibagué",FCR838,2939,CDA-86004,2022/09/16,2014.0,127k,1800 cc,Chevrolet,Diesel,Mecanica,FWD,carga,Suburbano,yes,1,true,no,no,0,true,1
Claudia Vargas,223430041,3135636810,claudia_vargas499@yahoo.com,"Calle 71 #20-68, Villavicencio",ZNV041,1611,CDA-83914,2021-11-13,2021.0,68434,3000,Honda,,Automatio,4X4,Carga,Mixto,0,no,no,false,0,0,no,0
Darío Acosta,1032605260,3226716959,darío_acosta716@hotmail.com,"Avenida 101 #81-74, Neiva",PGV440,196,CDA-29445,2018/11/30,1999.0,697247 km,2500,Hyundai,gasolina,AUTOMATICA,awd,Publico,Suburbano,true,true,1,false,no,0,,1
Natalia Reyes,641105042,3158832372,natalia.reyes42@gmail.com,"Transversal 86 #8-5, Cartagena",NIK-976,533,CDA-62675,2020-08-08,2008.0,392.1k km,2200,Hyundai,Gasolina,automatica,4X4,taxi,Suburbano,true,0,,1,no,no,0,1
Xiomara Pacheco,510027902,3122818210,xiomara_pacheco607@correo.com,"Transversal 63 #27-64, Cartagena",CZB993,2831,CDA-20666,2021-05-21,2008.0,195k,1300,Ford,Gasolina,automatica,4x4,Publico,mixto,no,1,no,0,false,1,no,1
Viviana Suárez,185045610,3195425086,viviana-suárez885@yahoo.com,"Transversal 108 #81-44, Pasto",UWQ005,1986,CDA-98597,22/10/2020,2020.0,115392 km,1000,Fiat,eléctrico,MANUAL,FWD,publico,RURAL,si,false,false,si,false,true,,1
Omar Leal,169592418,3207645185,omar-leal406@live.com,"Circular 6 #31-17, Bucaramanga",FBL-657,1028,CDA-20456,2019/03/08,1999.0,3.6k km,3500 cc,chevrolet,GNV,manul,4x2,PUBLICO,Urbano,no,1,0,si,false,si,no,1
Gloria Mendoza,85656723,3137615726,gloriamendoza619@outlook.com,"Avenida 61 #20-96, Medellín",TET346,556,CDA-16608,27/11/2021,2002.0,482040,1500 cc,Kia,Gasolina,cvt,awd,publico,mixto,true,no,false,0,true,0,no,1
Natalia Reyes,582006694,3501296776,natalia-reyes486@gmail.com,"Avenida 88 #82-62, Pasto",XAQ013,2497,CDA-38721,,2017.0,160354,1000cc,Kia,gas,cvt,4X2,público,suburbano,si,false,0,false,0,no,no,1
Patricia Díaz,389860156,3243520316,patricia_díaz26@hotmail.com,"Diagonal 105 #77-41, Montería",OKB 191,2280,CDA-97627,20/06/2021,2002.0,626.327 km,2600,Toyota,Híbrido,Manual,fwd,Publico,Urbano,no,0,1,1,0,,false,1
Carlos Martínez,596116616,3158757828,carlosmartínez776@outlook.com,"Transversal 11 #38-76, Cúcuta",BKZ 101,1182,CDA-74432,08-02-2024,2001.0,815120,,Mazda,diesel,Tiptronic,4X4,público,urbano,1,true,true,si,1,1,no,1
Guillermo Ávila,207131624,3056894371,guillermo_ávila304@hotmail.com,"Calle 29 #29-82, Armenia",PLE 332,2597,CDA-55977,07/01/2020,2016.0,163597,3400,Kia,gas,automatica,4x2,taxi,Mixto,yes,true,0,0,no,false,,0
Esperanza Vega,305878143,3201387616,esperanza.vega950@correo.com,"Transversal 102 #40-80, Barranquilla",QTW650,565,CDA-61608,2020/06/10,2024.0,0,1500,Mitsubishi,Híbrido,automatica,4X2,Carga,rural,0,0,no,true,,false,,1
Natalia Reyes,876012197,3224398864,natalia-reyes106@correo.com,"Carrera 34 #73-14, Cali",PTI-752,163,CDA-97621,07/05/2020,9999.0,202.136,3000 cc,Dodge,eléctrico,,4x2,escolar,URBANO,no,1,0,0,0,no,si,1
Gustavo Barrera,441992108,3153867664,gustavo_barrera930@yahoo.com,"Calle 114 #83-84, Cali",XLK954,1808,CDA-49700,2023-08-18,2006.0,287.0k km,4000,Peugeot,Electrico,cvt,RWD,carga,rural,no,0,1,false,1,false,true,1
Darío Acosta,298508328,3244302337,darío.acosta46@yahoo.com,"Diagonal 24 #72-43, Armenia",YCA698,1053,CDA-15487,15/04/2018,2016.0,229641,2400,Suzuki,Híbrido,Tiptronic,AWD,PUBLICO,mixto,0,,0,no,si,no,false,0
Sandra Castro,100183817,3246400239,sandracastro576@outlook.com,"Diagonal 103 #92-86, Barranquilla",XOA667,760,CDA-92992,14-08-2023,2016.0,242018,2200,Volkswagen,GAS,CVT,4x4,Carga,urbano,yes,no,no,no,0,false,false,0
Patricia Mejía,580146923,3157459935,patricia_mejía692@outlook.com,"Circular 105 #86-48, Armenia",NOA838,475,CDA-72780,05-12-2020,2023.0,22402,4000,Renault,Híbrido,Tiptronic,AWD,particular,Suburbano,no,no,yes,false,,no,false,0
Felipe Ramos,836458033,3157245985,felipe.ramos323@gmail.com,"Calle 95 #45-86, Pereira",AZE903,548,CDA-47918,22-02-2020,2015.0,126.8k km,2500,Mitsubishi,nafta,cvt,FWD,PARTICULAR,rural,false,no,no,0,no,false,no,0
Alejandro Zapata,932084320,3058124975,alejandrozapata840@hotmail.com,"Diagonal 36 #17-85, Manizales",FYQ159,1002,CDA-94210,2022-08-07,1998.0,498182,2400,Mazda,gas,automatica,4x4,particular,urbano,no,1,0,no,true,true,true,1
Roberto Nieto,453226052,3208552842,roberto_nieto250@yahoo.com,"Carrera 71 #88-69, Barranquilla",CIZ975,569,CDA-80851,08/10/2019,2017.0,76783,3500,Honda,GASOLINA,CVT,4X2,Taxi,rural,si,0,no,no,1,no,no,1
Gustavo Barrera,1034880490,3167337770,gustavo_barrera65@outlook.com,"Calle 112 #58-50, Cali",VFL736,2654,CDA-21474,04/06/2022,2012.0,392752 km,,Ford,DIESEL,semiautomatica,awd,PUBLICO,Rural,no,false,false,1,0,0,no,1
Gloria Mendoza,798417140,3241039789,gloria_mendoza669@live.com,"Transversal 105 #55-32, Bogotá",FWB621,2461,CDA-75441,2020-09-11,1996.0,715950,1500 cc,Fiat,GSL,manul,awd,Publico,urbano,no,true,false,0,false,si,no,1
Natalia Reyes,642370091,3017975980,natalia-reyes172@live.com,"Avenida 50 #80-65, Ibagué",GXR585,2145,CDA-43350,21-05-2024,2023.0,13995,1500,Peugeot,Gas Natural,autom,4x2,particular,URBANO,0,,no,,no,no,no,1
Mauricio Ruiz,1072134196,3207814414,mauricio_ruiz295@gmail.com,"Diagonal 16 #74-22, Bogotá",UZT-710,1367,CDA-74726,2022/11/08,2013.0,272747,2200 cc,Renault,diesel,mecánica,fwd,Taxi,urbano,yes,no,false,no,no,0,no,1
Carlos Martínez,299650783,3126097864,,"Transversal 59 #76-85, Pereira",LGQ463,1424,CDA-60140,2024/08/10,2014.0,187k,1300,Dodge,gas,Tiptronic,4x2,escolar,Urbano,true,yes,no,false,no,false,no,1
Yolanda Cárdenas,194261182,3219308847,yolanda_cárdenas21@correo.com,"Carrera 116 #10-73, Pasto",KKU117,671,CDA-81505,2024/06/22,2011.0,446k,2500,Volkswagen,GSL,Mecanica,RWD,publico,suburbano,no,false,si,0,no,0,no,1
Natalia Reyes,904622829,3178570754,natalia-reyes724@hotmail.com,"Transversal 5 #79-2, Manizales",EYE559,2950,CDA-86530,24/09/2021,2006.0,229.886 km,1500,Hyundai,Gas,cvt,fwd,PUBLICO,URBANO,false,1,no,,no,no,false,1
Catalina Ortiz,661795782,3155849904,catalinaortiz825@outlook.com,"Calle 118 #22-56, Villavicencio",IBR787,1324,CDA-71857,2022/10/19,2012.0,,1100,Dodge,GASOLINA,Mecanica,AWD,carga,RURAL,false,0,0,1,,false,no,1
Sandra Castro,425022332,3181251897,sandracastro228@correo.com,"Carrera 97 #27-9, Cali",ZWM342,74,CDA-59856,2022-06-03,2021.0,66.122 km,1050,Kia,Electrico,cvt,4x2,PARTICULAR,Urbano,no,false,no,false,no,1,no,0
Marcela Fuentes,361142815,3132516524,marcelafuentes51@hotmail.com,"Carrera 110 #29-83, Barranquilla",GKA 770,49,CDA-88792,05-07-2020,1996.0,4651,2500 cc,Fiat,gnv,AUTOMATICA,AWD,taxi,URBANO,1,no,yes,,true,1,yes,1
Camilo Rojas,526303548,3214079562,camilo.rojas97@correo.com,,YIP-187,1589,CDA-24414,12/10/2024,2011.0,244k,2200 cc,Nissan,Electrico,Automática,fwd,TAXI,rural,no,no,0,yes,1,0,,1
Adriana Parra,181019699,3244448301,adriana.parra153@outlook.com,"Transversal 102 #93-11, Ibagué",EMU536,1374,CDA-95319,27-08-2019,2002.0,283762,3000,Ford,,MANUAL,4x2,escolar,URBANO,0,no,false,0,true,1,no,1
María López,1011542186,3508936168,maríalópez713@hotmail.com,"Circular 76 #56-83, Montería",BJW676,680,CDA-68618,18/02/2020,1996.0,580215,1800,Mazda,eléctrico,manual,awd,PARTICULAR,rural,,yes,1,yes,0,si,no,1
Laura García,485162919,3044834678,laura.garcía695@hotmail.com,"Carrera 84 #86-46, Cúcuta",OOB778,2938,CDA-61774,21-03-2023,2007.0,395.732 km,4000cc,Honda,gas,mecánica,RWD,,Urbano,1,no,yes,si,,no,no,1
Sandra Castro,843371425,3244814031,sandra_castro398@live.com,"Diagonal 36 #55-95, Montería",CKM 114,1728,CDA-20140,2020-09-22,2024.0,0 km,1400,Dodge,gasolina,manul,4X2,Escolar,URBANO,no,false,no,no,no,no,,0
Fabio Arévalo,34769248,3161400278,fabio_arévalo77@correo.com,"Calle 77 #5-83, Bucaramanga",UOS079,1727,CDA-81612,2021-10-14,2020.0,83921,3500,Hyundai,Gas,Automática,4X2,Escolar,RURAL,false,si,,si,yes,false,0,0
María López,254957215,3209741037,maría-lópez14@live.com,"Carrera 59 #75-74, Cartagena",GFO541,991,,2018-09-07,1995.0,770.323,1500,Fiat,Gas Natural,manul,4X4,taxi,RURAL,false,no,true,1,,no,,1
Gustavo Barrera,473128000,3167571048,gustavo_barrera412@gmail.com,,CID819,1890,CDA-75916,2019/03/30,2010.0,348482,1300,Fiat,Diesel,CVT,4X2,PUBLICO,Rural,false,false,0,no,no,yes,no,0
Diana Herrera,618067213,3248510254,diana_herrera870@hotmail.com,"Circular 53 #20-33, Pasto",HIJ 877,2867,CDA-13619,11/10/2022,2019.0,93.553,2200 cc,Chevrolet,Electrico,Manual,4x2,escolar,rural,yes,no,0,no,false,no,false,0
,724499209,3194904902,josé-hernández822@outlook.com,"Avenida 77 #48-12, Cartagena",GEC-607,573,CDA-59331,2019-02-05,2018.0,164711,1200,Ford,Gasolina,tiptronic,4X2,público,URBANO,yes,si,yes,false,false,,false,1
Viviana Suárez,634982391,3134124885,vivianasuárez142@yahoo.com,"Avenida 93 #20-62, Cúcuta",BIL652,632,CDA-21844,2020-10-03,2012.0,437659 km,,Mazda,DIESEL,Manual,FWD,escolar,Suburbano,0,0,no,no,yes,1,no,1
Jhon Morales,869519854,3139871014,jhon.morales718@correo.com,"Calle 30 #93-56, Pasto",QDC270,1776,CDA-92108,18-01-2020,2008.0,241k,2200,Renault,Gasolina,Automática,4x4,Carga,Suburbano,no,false,false,0,si,no,no,1
Darío Acosta,123985852,3135212743,darío_acosta17@outlook.com,"Avenida 16 #18-42, Cúcuta",HID-028,1588,CDA-10116,11-06-2020,2010.0,311k,1200,Honda,gasolina,manul,4x2,Carga,urbano,si,false,no,si,no,false,,1
Claudia Vargas,288332678,3001744993,claudia_vargas444@outlook.com,"Carrera 80 #43-57, Pereira",ERZ559,1980,CDA-53146,2018-01-08,2024.0,0,1050,Suzuki,gasolina,cvt,awd,público,RURAL,no,no,,no,no,no,no,0
Viviana Suárez,594997354,3241796054,viviana.suárez666@correo.com,"Diagonal 8 #48-19, Bucaramanga",QHV144,2100,CDA-95567,2022-02-06,2015.0,280207,4000 cc,Peugeot,Electrico,MANUAL,4X4,TAXI,RURAL,si,0,no,,yes,0,no,1
Xiomara Pacheco,456247230,3028833631,xiomarapacheco247@yahoo.com,"Calle 36 #37-72, Neiva",MHY756,762,CDA-12388,2023/11/16,2011.0,336895,1200,Suzuki,GAS,Tiptronic,rwd,taxi,Urbano,false,false,false,0,false,false,false,1
Andrés Torres,918204421,3132495196,andréstorres465@correo.com,"Avenida 42 #85-26, Medellín",NXN555,2311,CDA-17288,03/07/2019,2014.0,225949 km,1000,Ford,gas,Automatio,4X2,,suburbano,no,0,no,yes,0,no,no,0
Ingrid Bermúdez,674272729,3115037961,ingrid-bermúdez38@gmail.com,"Calle 19 #14-58, Cali",BUR574,213,CDA-98033,04-08-2024,2003.0,675k,1000,Renault,GSL,AUTOMATICA,RWD,TAXI,rural,1,no,0,true,,no,false,1
Guillermo Ávila,288949235,3134219055,guillermo.ávila195@gmail.com,"Avenida 116 #30-97, Ibagué",QUV784,819,CDA-55446,23-10-2023,2016.0,204937,1200,Chevrolet,nafta,,4x2,PUBLICO,rural,no,true,yes,no,0,0,false,1
Darío Acosta,487518494,3175005172,darío_acosta228@gmail.com,"Calle 117 #78-41, Manizales",TGH-543,1996,CDA-96261,2023/06/03,2023.0,19.815 km,2200,Kia,GASOLINA,tiptronic,AWD,PARTICULAR,URBANO,,yes,si,0,no,no,,1
Claudia Vargas,822243709,3242238445,claudia.vargas714@hotmail.com,"Avenida 31 #23-70, Montería",IVE715,2023,CDA-21412,2018-06-27,2024.0,0 km,1200,Fiat,Diesel,manual,RWD,Carga,URBANO,0,,no,0,false,false,no,0
Ernesto Pineda,764997341,3239188876,ernestopineda94@yahoo.com,"Circular 81 #49-79, Bogotá",DFL 724,2984,CDA-90301,2018-03-21,2019.0,135827,4000,Ford,Híbrido,mecánica,4x4,taxi,suburbano,0,false,false,si,false,no,no,0
Laura García,451780797,3193630951,lauragarcía941@correo.com,"Calle 59 #84-74, Bucaramanga",JCB196,1981,CDA-90027,2018/06/02,2001.0,407389,2000cc,Nissan,hibrido,manul,FWD,escolar,rural,0,,1,no,true,true,0,1
Catalina Ortiz,114621959,3109624135,catalinaortiz904@yahoo.com,"Calle 38 #75-17, Bucaramanga",IMF052,2973,CDA-17443,07/06/2023,2008.0,235802,1100,Hyundai,GSL,mecánica,4x2,carga,RURAL,no,0,no,true,no,false,true,0
Ingrid Bermúdez,977553911,3207742352,ingrid.bermúdez598@hotmail.com,"Circular 69 #9-99, Pereira",ZAV-493,2376,CDA-33796,,2002.0,789002 km,3000cc,Toyota,hibrido,cvt,,Publico,Mixto,0,no,false,true,,1,0,1
Iván Salcedo,952937079,3046366655,iván-salcedo860@yahoo.com,"Calle 24 #56-37, Pasto",VCN219,1576,CDA-35506,2023/12/02,2019.0,123.663 km,1000 cc,Toyota,DIESEL,CVT,fwd,TAXI,mixto,true,no,no,no,false,no,no,0
Héctor Montoya,932659574,3016439686,héctor_montoya436@outlook.com,"Transversal 81 #67-62, Pereira",QXA 208,2563,CDA-92911,2018-07-19,2014.0,108.355,1000,Mitsubishi,gas,semiautomatica,awd,,URBANO,no,0,1,false,true,,no,1
Jhon Morales,1020503476,3214618982,jhon-morales121@outlook.com,"Carrera 105 #41-20, Villavicencio",FHG-175,613,CDA-85511,2021/08/27,2011.0,,1300,mazda,Diesel,autom,4x2,PARTICULAR,Rural,true,0,0,false,0,0,false,0
Mónica Aguirre,266940568,3041500593,mónica.aguirre245@correo.com,"Carrera 65 #48-97, Barranquilla",SMR681,2322,CDA-40942,22/01/2018,2017.0,276405,1500,Toyota,Gas Natural,automatica,awd,,Rural,0,,,0,0,false,no,1
Ingrid Bermúdez,276559478,3128914861,ingrid-bermúdez321@yahoo.com,"Diagonal 97 #77-39, Cartagena",OZJ231,2765,CDA-59815,10/02/2020,2006.0,484177,3500,Renault,Gas,Manual,AWD,TAXI,RURAL,true,yes,0,true,,yes,no,1
Xiomara Pacheco,1047074134,3004899931,xiomara-pacheco929@gmail.com,"Circular 5 #28-76, Bogotá",COB988,1103,CDA-10481,2024/02/06,2010.0,569279 km,1100,Peugeot,Híbrido,manual,FWD,escolar,Mixto,1,,si,,no,no,yes,1
Alejandro Zapata,1054101440,3198968954,alejandro_zapata806@hotmail.com,"Avenida 47 #12-7, Medellín",ZHJ213,2656,CDA-55177,10/12/2022,1996.0,527670,1150,Mazda,hibrido,mecánica,AWD,Particular,Mixto,0,0,0,1,si,true,no,1
Sebastián Cruz,611616841,3013898378,sebastián-cruz702@live.com,"Transversal 67 #12-88, Medellín",AYB696,765,CDA-60237,12-05-2018,2004.0,672390,1500,Dodge,,tiptronic,awd,publico,suburbano,0,1,no,no,no,yes,false,1
Laura García,694375269,3107395219,laura_garcía166@hotmail.com,,FBS 004,2165,CDA-81036,18/05/2019,2015.0,331686,2400,Dodge,GAS,Tiptronic,fwd,escolar,Mixto,no,0,no,false,false,no,1,0
Luis Rodríguez,242284171,3205620485,luis_rodríguez200@live.com,"Calle 76 #73-39, Pereira",MTU-787,1883,CDA-90827,16/09/2019,2015.0,85k,2000,Volkswagen,GNV,Tiptronic,awd,Particular,Suburbano,false,,no,no,no,,no,0
Patricia Díaz,1029639762,3128638851,patricia.díaz456@yahoo.com,"Transversal 62 #45-28, Armenia",YBL159,706,CDA-74167,09/05/2020,2002.0,649991,2000,Renault,Gas,CVT,rwd,TAXI,urbano,false,si,no,0,si,true,0,1
Patricia Díaz,120053322,3501498913,patriciadíaz492@correo.com,"Circular 14 #25-56, Bogotá",UTW599,1019,CDA-89810,2020/08/16,2014.0,135k,1600,Dodge,,semiautomatica,RWD,PARTICULAR,Rural,yes,false,,1,yes,1,0,1
Marcela Fuentes,68527899,3153825856,marcelafuentes672@gmail.com,"Carrera 95 #2-36, Barranquilla",CTB 543,1092,CDA-93447,,2024.0,0k,1800,Ford,GASOLINA,semiautomatica,RWD,carga,Mixto,0,false,no,no,no,false,no,0
Diana Herrera,,3103871941,diana-herrera964@outlook.com,"Diagonal 18 #6-22, Bogotá",QMY084,2596,CDA-75356,16/11/2020,2009.0,73334,1100,Peugeot,gasolina,cvt,,particular,mixto,1,true,yes,yes,true,false,false,1
Darío Acosta,571447975,3167685297,darío_acosta778@gmail.com,"Avenida 18 #42-90, Montería",GNG576,2716,CDA-25085,2019-04-13,2006.0,166496,2450,Volkswagen,gas,automatica,4X2,público,RURAL,false,si,false,0,1,false,no,1
Sandra Castro,222051597,3186439471,sandra.castro54@hotmail.com,"Transversal 76 #31-64, Cúcuta",KCB444,109,CDA-12440,2024-07-28,2003.0,565.564,1400,Chevrolet,Gasolina,mecánica,4x4,Carga,Rural,true,1,1,true,no,1,no,1
Ricardo Peña,435598709,3015646734,ricardopeña720@correo.com,"Circular 59 #52-79, Pereira",DZT410,1730,CDA-93939,13/11/2022,2021.0,116359,2000 cc,Volkswagen,hibrido,CVT,AWD,Carga,Suburbano,0,no,false,false,0,no,0,0
Marcela Fuentes,1022148595,3139367466,marcelafuentes610@yahoo.com,"Calle 89 #71-75, Villavicencio",GKO-302,2823,CDA-80249,09-06-2020,2024.0,0k,1600,Kia,Gas,AUTOMATICA,4x4,particular,Rural,si,0,0,yes,0,false,0,0
Patricia Díaz,943680228,3175984891,patricia-díaz304@gmail.com,"Circular 84 #20-8, Cúcuta",IGO-446,319,CDA-44212,2024/12/16,2007.0,197432,3500cc,Toyota,nafta,CVT,4x4,Particular,Urbano,,no,0,si,0,si,false,1
Roberto Nieto,661614935,,roberto.nieto849@gmail.com,"Carrera 12 #22-34, Bogotá",MSM376,998,CDA-47964,24/09/2020,2022.0,59612,1800cc,Volkswagen,gnv,,4x2,PUBLICO,urbano,,1,no,no,false,0,false,0
Carlos Martínez,513707994,3217275503,carlosmartínez113@hotmail.com,"Circular 6 #10-56, Cartagena",YZZ111,1197,CDA-40822,2022/11/27,2003.0,521907,2000 cc,Toyota,gasolina,cvt,FWD,Escolar,RURAL,true,si,true,1,si,1,0,1
Catalina Ortiz,29599938,3055890043,catalina_ortiz863@hotmail.com,"Carrera 6 #96-99, Cartagena",DWN 162,1191,CDA-73807,03-10-2023,2024.0,0,3000,Mitsubishi,eléctrico,mecánica,AWD,TAXI,suburbano,no,no,no,false,false,no,no,0
Andrés Torres,1088470372,3047157421,andrés-torres778@outlook.com,"Calle 94 #19-88, Pereira",GSO558,963,CDA-75730,25/12/2020,2008.0,423.6k km,1200 cc,Peugeot,Gas,MANUAL,rwd,Taxi,Rural,false,no,false,,1,no,no,0
Fabio Arévalo,86547577,3166146608,fabio_arévalo66@hotmail.com,"Avenida 63 #31-62, Villavicencio",ONA088,1057,CDA-77961,2018/07/31,2013.0,272.9k km,2500,Ford,Híbrido,mecánica,4x4,Taxi,suburbano,false,no,no,0,no,,false,0
Viviana Suárez,779554749,3004527553,viviana.suárez137@yahoo.com,"Carrera 112 #86-3, Ibagué",XGW078,2293,CDA-13011,18/06/2019,2017.0,179479,2200 cc,Kia,GNV,manul,4x2,taxi,urbano,false,si,0,no,,false,false,1
Guillermo Ávila,809070449,3128548782,guillermoávila71@outlook.com,"Diagonal 36 #89-58, Armenia",LPI 438,2539,CDA-65074,2024-11-08,2001.0,360113,1500,Chevrolet,gasolina,Manual,4X2,Publico,Urbano,1,no,true,false,no,no,1,1
Claudia Vargas,284726829,3213362371,claudia.vargas970@live.com,"Calle 11 #47-40, Montería",GRV886,1090,CDA-58619,02-12-2019,2011.0,305.9k km,2000,Renault,GASOLINA,Mecanica,AWD,escolar,Mixto,,1,no,no,false,false,0,1
Marcela Fuentes,598088304,3101972845,marcelafuentes988@correo.com,"Carrera 87 #10-41, Medellín",KJN833,2478,CDA-46815,21/04/2022,1998.0,560031,1600cc,Fiat,gnv,Tiptronic,4x4,PARTICULAR,RURAL,1,,si,0,0,no,no,1
Camilo Rojas,1023195000,3028411131,camilorojas245@yahoo.com,"Carrera 43 #19-93, Cúcuta",GBU203,1832,CDA-61300,12/05/2019,2013.0,294240,1600,Nissan,GNV,cvt,4x4,Carga,RURAL,si,0,yes,false,,no,no,1
Mónica Aguirre,193759298,3249990878,mónica.aguirre113@outlook.com,"Circular 38 #88-33, Bucaramanga",KYC420,1037,CDA-72247,2020-07-09,2014.0,94840 km,2400,Chevrolet,Gas Natural,manul,4X2,PARTICULAR,Rural,false,no,0,true,false,si,no,0
Sandra Castro,1099361334,3024640340,sandracastro360@outlook.com,"Avenida 118 #4-80, Cartagena",SWC832,1043,CDA-67631,2020-12-28,2013.0,218394,2100,Suzuki,GAS,AUTOMATICA,FWD,PARTICULAR,Mixto,,false,1,si,no,no,yes,1
Yolanda Cárdenas,254756976,3131443453,yolandacárdenas945@hotmail.com,"Carrera 19 #1-39, Manizales",XET739,2942,CDA-13609,2021/07/28,2014.0,129007,2200,Dodge,GAS,tiptronic,FWD,particular,Urbano,no,0,no,1,no,true,0,1
María López,638973781,3137019415,maríalópez395@live.com,"Avenida 94 #69-57, Pereira",KHX512,583,CDA-65319,2020-02-28,2018.0,178k,1050,Renault,gasolina,cvt,awd,publico,mixto,1,,0,1,0,false,false,1
Mónica Aguirre,521736294,3028790518,,"Calle 63 #81-68, Medellín",LGS395,786,CDA-91526,2019/11/09,2006.0,595905,1100,Hyundai,GSL,mecánica,RWD,escolar,RURAL,no,false,false,0,no,0,,0
Marcela Fuentes,499287509,3203108600,,"Calle 87 #21-71, Cali",ACG-894,1834,CDA-47223,11/08/2018,2006.0,293.257,1000,Toyota,nafta,tiptronic,FWD,particular,urbano,0,0,,0,false,0,0,1
Xiomara Pacheco,526163410,3173240572,xiomara.pacheco505@correo.com,"Carrera 79 #64-14, Barranquilla",RTV357,1075,CDA-25372,24/01/2019,1996.0,545k,1100,Renault,gasolina,autom,AWD,Particular,Rural,0,si,1,no,0,yes,false,1
Patricia Mejía,617370648,,patricia_mejía527@live.com,"Calle 38 #84-25, Pereira",YEY500,57,CDA-99837,02/03/2019,2020.0,74k,3000,Renault,Gas,Manual,awd,taxi,URBANO,si,false,no,0,no,no,false,1
Gustavo Barrera,1003358345,3126380476,,"Diagonal 116 #92-36, Pasto",YOO605,2260,CDA-68973,,2006.0,476.857 km,1100 cc,Ford,GSL,manul,4X2,carga,Rural,false,1,yes,false,false,no,true,1
Mónica Aguirre,411975331,3102203394,mónica.aguirre658@yahoo.com,"Carrera 37 #28-3, Cartagena",IWH203,1784,CDA-81580,2020-03-20,2022.0,36.840,1500,Fiat,diesel,Automática,4X2,particular,RURAL,false,,false,no,0,true,false,1
Andrés Torres,18503498,3169853153,andréstorres54@correo.com,"Carrera 70 #24-90, Pasto",UAK629,2226,CDA-41360,28/12/2023,2021.0,104729,1000 cc,Fiat,hibrido,CVT,awd,Publico,mixto,false,1,no,,0,0,0,1
Andrés Torres,719747876,3042974745,andréstorres132@hotmail.com,"Carrera 64 #16-42, Villavicencio",XKE-328,681,CDA-76778,2021/03/15,1999.0,760.3k km,3000,Renault,Gasolina,Manual,RWD,carga,mixto,true,0,no,true,1,yes,no,1
Laura García,91097902,3247747887,laura-garcía22@live.com,"Carrera 117 #32-46, Armenia",JZZ-055,469,CDA-17880,12/03/2023,2010.0,,2400 cc,Ford,Gas,Manual,,escolar,Suburbano,false,false,0,1,no,,no,1
Natalia Reyes,1079285828,3003807651,nataliareyes396@outlook.com,"Transversal 91 #6-3, Pasto",DUL501,2054,CDA-62859,2022/02/17,1800.0,204498,1200,Fiat,Electrico,mecánica,4X4,Carga,Mixto,false,0,0,0,no,false,no,1
Catalina Ortiz,958634028,3167317398,catalina.ortiz701@gmail.com,"Diagonal 79 #42-50, Cartagena",JHO298,2760,CDA-77566,20/06/2024,1800.0,860439 km,3500,Ford,diesel,cvt,4X2,Publico,URBANO,true,si,0,no,true,false,no,1
Roberto Nieto,800852356,3189926445,,"Carrera 65 #95-27, Medellín",FLS145,536,CDA-91999,2021/11/10,2004.0,507.1k km,2000,Mitsubishi,eléctrico,mecánica,awd,Carga,rural,true,1,false,0,yes,si,false,1
Guillermo Ávila,87133027,3116731063,guillermo_ávila178@gmail.com,"Diagonal 26 #88-37, Montería",YAU-976,743,CDA-29875,2020/11/13,2009.0,182824,1550,Peugeot,gas,Automática,4x4,Particular,Rural,no,no,true,si,true,no,no,1
Natalia Reyes,73687248,3233463476,natalia_reyes576@hotmail.com,"Avenida 107 #22-37, Pereira",SKF564,2355,CDA-12070,21-07-2022,2003.0,429528,1000 cc,Kia,Gasolina,mecánica,awd,particular,rural,yes,true,true,yes,no,yes,0,1
María López,320219208,3018121818,maría.lópez256@live.com,"Circular 16 #61-92, Cali",QVR545,1026,CDA-96461,02-06-2023,2018.0,169634,2200,Chevrolet,GAS,semiautomatica,rwd,Taxi,urbano,si,true,0,,0,false,false,1
Fabio Arévalo,515272845,3237645541,fabio.arévalo645@gmail.com,"Calle 36 #55-59, Cúcuta",FBF030,803,CDA-61501,2023/03/31,2024.0,0,3600,Fiat,gasolina,CVT,4X2,Particular,Rural,no,false,true,0,false,no,no,0
Ana Gómez,561259710,3185537874,ana_gómez136@live.com,"Circular 105 #15-95, Bucaramanga",HAO 316,2310,CDA-67136,17-04-2022,2008.0,506.518,1500,Renault,gasolina,,FWD,taxi,Suburbano,false,false,true,no,1,no,no,1
Ricardo Peña,1089177719,3227744287,ricardo-peña383@outlook.com,"Diagonal 55 #34-6, Neiva",QDX019,840,CDA-60847,20-08-2022,2002.0,298705,1600,Nissan,gnv,semiautomatica,AWD,publico,Urbano,,,si,1,no,0,no,1
Sandra Castro,794800932,3053020448,sandra-castro832@gmail.com,"Carrera 111 #39-66, Ibagué",VBK 279,818,CDA-20304,2021/02/20,2007.0,323.1k km,2000 cc,Chevrolet,gasolina,MANUAL,RWD,Particular,RURAL,no,true,no,0,no,no,1,1
Héctor Montoya,397398610,3216662526,héctormontoya956@yahoo.com,"Transversal 42 #48-53, Montería",VIG-535,70,CDA-69297,2022-06-15,2006.0,362908,2000,Fiat,,Automática,4x2,Carga,Urbano,,,0,yes,no,no,false,1
Fabio Arévalo,967259168,3155323858,fabio.arévalo489@hotmail.com,"Circular 57 #76-69, Cúcuta",RGQ100,2991,CDA-61511,2022-04-06,1998.0,567418 km,1800 cc,Peugeot,GASOLINA,manual,FWD,Particular,Rural,yes,0,yes,false,1,1,false,1
Camilo Rojas,283657485,3113995186,camilo.rojas718@gmail.com,"Avenida 19 #4-15, Villavicencio",COT881,2884,CDA-54248,25/06/2022,2010.0,398057,2000,Renault,,cvt,AWD,Escolar,RURAL,false,si,si,no,no,no,no,1
Camilo Rojas,879192085,3238256764,camilo.rojas92@hotmail.com,"Avenida 67 #28-1, Medellín",EQN284,2294,CDA-86781,13-07-2019,2003.0,397698 km,1500,Fiat,GAS,CVT,4X4,Escolar,Mixto,false,si,no,,no,yes,false,1
Natalia Reyes,609249770,3185606803,,"Circular 72 #77-42, Barranquilla",DSF950,437,CDA-76132,20/03/2022,2014.0,223287,2200,Ford,Híbrido,manual,4x2,Particular,rural,no,si,0,true,no,,no,1
Sebastián Cruz,1074156697,3128867715,sebastián.cruz393@gmail.com,"Carrera 8 #25-49, Bucaramanga",JDX-847,2217,CDA-73469,2021-08-29,2004.0,260695,1350,Kia,,autom,AWD,PARTICULAR,mixto,1,,true,si,no,true,0,1
Ernesto Pineda,770688675,3192791771,ernesto-pineda83@yahoo.com,"Transversal 69 #22-82, Barranquilla",UIR178,1091,CDA-65444,2018-07-20,2014.0,244629 km,1200 cc,Nissan,nafta,AUTOMATICA,4x2,publico,Suburbano,no,,no,yes,0,no,false,1
Lina Santana,508186635,3509373131,lina.santana773@yahoo.com,"Carrera 5 #81-71, Villavicencio",CPM951,1396,CDA-50796,22/10/2024,2023.0,15831 km,4050,Ford,hibrido,tiptronic,rwd,PARTICULAR,Rural,0,false,yes,1,no,no,no,1
Patricia Díaz,1062173611,3177776291,patriciadíaz986@correo.com,"Avenida 101 #78-74, Pasto",KGY181,209,CDA-58169,2019/04/19,2024.0,0,,Volkswagen,Gasolina,mecánica,fwd,PARTICULAR,Rural,0,no,si,false,no,no,0,1
Patricia Díaz,921660642,3187967793,patricia.díaz187@outlook.com,"Diagonal 99 #45-96, Ibagué",CLE772,1323,CDA-64497,2018-01-22,1999.0,611781,4000,Honda,GSL,autom,AWD,público,Mixto,false,yes,false,,false,,no,1
Sandra Castro,230433366,3004855785,sandra_castro389@live.com,"Carrera 71 #13-47, Bogotá",GGK932,566,CDA-65273,2022/12/13,2003.0,460.728,3500,Hyundai,Gasolina,semiautomatica,fwd,Escolar,suburbano,1,false,0,no,true,yes,no,1
Claudia Vargas,57045565,3506078183,claudia-vargas849@gmail.com,"Calle 34 #83-72, Manizales",TOK703,314,CDA-19139,2019-10-30,2024.0,0,1200cc,Volkswagen,Híbrido,Mecanica,rwd,PARTICULAR,URBANO,false,0,false,0,no,no,no,1
Ingrid Bermúdez,189502899,,ingridbermúdez402@yahoo.com,"Transversal 112 #42-40, Pereira",YGB452,602,CDA-74345,2019-10-03,2015.0,162753,1200,Hyundai,DIESEL,tiptronic,4X4,taxi,Urbano,false,no,false,,1,false,0,0
Luis Rodríguez,431137112,3245935250,luis-rodríguez650@hotmail.com,"Circular 74 #35-51, Armenia",WFY993,234,CDA-99198,04-02-2020,2015.0,181016,1500,Peugeot,Gas Natural,automatica,4X4,taxi,RURAL,no,0,no,no,1,no,false,1
Patricia Díaz,51831624,3173841782,patriciadíaz377@yahoo.com,"Avenida 102 #47-32, Ibagué",EMS838,1652,CDA-67368,2019/11/20,2008.0,439095,2200cc,Toyota,gnv,Automatio,4X4,TAXI,RURAL,false,true,true,yes,no,no,no,1
Felipe Ramos,926604028,3508245903,felipe.ramos875@gmail.com,"Diagonal 48 #28-20, Pereira",AAP-972,2673,CDA-62343,19/02/2021,2024.0,0,2000,Mitsubishi,gas,cvt,4x4,Escolar,Suburbano,no,no,no,0,false,0,no,0
Roberto Nieto,948252713,3007225598,roberto.nieto341@correo.com,,NHL611,1252,CDA-38499,2024-07-23,2001.0,338361,1400,Ford,GAS,manual,4X2,carga,suburbano,,true,1,false,no,no,no,1
Lina Santana,280585164,3177198703,linasantana530@gmail.com,"Avenida 62 #37-35, Cartagena",KFQ706,1753,CDA-44143,,2011.0,261227 km,3900,Volkswagen,GASOLINA,manul,4X2,TAXI,URBANO,true,yes,no,si,0,no,yes,1
Adriana Parra,951734881,3508490291,adriana.parra998@gmail.com,"Diagonal 41 #89-9, Montería",XLH606,112,CDA-59998,2024/12/03,2005.0,282.7k km,1000,Mazda,Diesel,manul,4x2,particular,suburbano,0,true,0,,true,yes,0,0
Sebastián Cruz,979775632,3199317254,sebastián-cruz695@outlook.com,"Carrera 110 #45-85, Manizales",XZM006,2994,CDA-63650,16-11-2021,2003.0,491.6k km,1200,Chevrolet,GSL,tiptronic,4x2,taxi,RURAL,si,false,1,no,,false,,1
Yolanda Cárdenas,317856686,3055697115,yolanda-cárdenas614@outlook.com,"Avenida 104 #78-64, Pereira",NND724,943,CDA-13480,18/10/2024,2024.0,0,1500cc,Hyundai,GASOLINA,Automatio,AWD,Taxi,URBANO,no,no,no,false,false,no,0,0
Sebastián Cruz,472046126,3027809896,sebastián-cruz306@correo.com,"Transversal 76 #2-15, Villavicencio",LEX-273,2598,CDA-85844,18-07-2019,2021.0,79k,1600cc,Nissan,GSL,tiptronic,4X4,Escolar,Rural,no,si,0,si,0,0,no,0
Claudia Vargas,667756821,3008724934,claudia-vargas566@correo.com,"Calle 78 #79-87, Cúcuta",TON390,3022,CDA-60672,2021-03-21,2005.0,245.4k km,3500,Suzuki,gnv,manul,AWD,PARTICULAR,Rural,1,1,1,0,1,no,true,1
Diana Herrera,623235683,3223859754,diana-herrera769@outlook.com,"Avenida 15 #24-40, Bogotá",JLK787,3141,CDA-17188,2020/02/19,2000.0,752.418 km,3000,Dodge,eléctrico,AUTOMATICA,FWD,Taxi,URBANO,si,0,,no,no,,si,0
Natalia Reyes,241985928,3113906007,nataliareyes292@gmail.com,"Circular 25 #88-87, Pasto",FOG510,473,CDA-83467,26/10/2023,2010.0,190904,2000 cc,Honda,nafta,manul,FWD,taxi,RURAL,no,0,no,no,,false,1,1
Ricardo Peña,134736160,3245864862,ricardo_peña695@correo.com,"Calle 34 #41-19, Montería",AAT560,813,CDA-93252,25/03/2021,2011.0,466k,4000,Nissan,hibrido,CVT,4x2,publico,Urbano,no,false,0,0,false,true,0,1
Viviana Suárez,653669900,3157596596,viviana.suárez72@yahoo.com,"Transversal 99 #95-91, Pereira",MIA758,1767,CDA-38517,03/07/2024,2004.0,825.6k km,1800cc,Volkswagen,Gas Natural,automatica,4X4,TAXI,mixto,0,si,,false,,false,false,1
Esperanza Vega,394384893,3176780177,esperanzavega424@live.com,"Avenida 115 #16-41, Neiva",UNA064,830,CDA-64907,2022-03-10,2008.0,366185,1500 cc,Peugeot,Gas Natural,,4x2,carga,Suburbano,yes,no,false,false,0,,false,1
Fabio Arévalo,1011068732,3118315624,fabio_arévalo528@outlook.com,"Transversal 100 #56-40, Manizales",LOK 724,2987,CDA-40293,09/12/2024,2008.0,385k,2000,Chevrolet,Gas,Manual,4x4,Carga,urbano,false,no,,si,yes,no,no,1
Yolanda Cárdenas,61765363,3121250817,yolandacárdenas446@yahoo.com,"Avenida 80 #88-29, Cartagena",MKD588,2296,CDA-43653,,2015.0,260k,4000,Chevrolet,GASOLINA,cvt,RWD,taxi,Urbano,no,,no,no,0,0,0,1
Ingrid Bermúdez,609373957,3142878201,ingrid_bermúdez270@correo.com,"Diagonal 32 #20-73, Pasto",,2590,CDA-46319,2020/01/20,1997.0,662136 km,2550,Ford,diesel,tiptronic,4x2,escolar,URBANO,1,true,no,false,no,no,si,1
Luis Rodríguez,198263165,3001359733,luis.rodríguez1@gmail.com,,TKW-407,811,CDA-50427,2024-07-05,2016.0,188787,2500,Ford,,Automatio,4x4,publico,rural,false,no,1,si,true,no,no,1
Omar Leal,489032639,3029352022,omar-leal912@gmail.com,"Transversal 23 #69-74, Medellín",VIA463,865,CDA-70260,2024/06/12,2020.0,81616,1350,Chevrolet,Gasolina,tiptronic,rwd,PUBLICO,urbano,no,1,no,si,false,no,no,0
Diana Herrera,899805657,3232994649,diana-herrera164@live.com,"Calle 106 #8-60, Cúcuta",KRP-961,1289,CDA-23711,2019-02-04,2019.0,83623 km,3500,Mitsubishi,Gasolina,AUTOMATICA,AWD,Taxi,rural,si,0,no,no,no,0,0,1
Patricia Mejía,1019066106,3108069865,patricia-mejía440@hotmail.com,"Avenida 42 #77-86, Cúcuta",SWF 713,656,CDA-46616,30/08/2024,2008.0,407106,3500,Hyundai,Gasolina,autom,4x4,escolar,mixto,no,no,0,yes,,,no,1
Felipe Ramos,633395265,3024054534,felipe-ramos79@outlook.com,"Avenida 26 #81-6, Medellín",YFJ949,1937,CDA-42987,2024/03/23,2006.0,484.254,1200,Honda,Diesel,manul,awd,escolar,suburbano,1,1,yes,0,no,no,no,1
Gloria Mendoza,475454160,3128255176,gloria_mendoza26@gmail.com,"Diagonal 113 #82-21, Cartagena",EEL456,362,CDA-35521,2022-06-15,2022.0,72991,1200,Chevrolet,gas,Manual,fwd,TAXI,Mixto,no,0,no,no,0,no,0,0
,985594327,3139420022,darío-acosta434@hotmail.com,"Calle 67 #49-17, Pasto",QFE-758,136,CDA-51050,2022/07/18,2000.0,527392,1300,Fiat,GAS,autom,,Particular,URBANO,,no,si,false,no,false,1,1
Ernesto Pineda,764997341,3239188876,ernestopineda94@yahoo.com,"Circular 81 #49-79, Bogotá",DFL 724,2984,CDA-90301,2018-03-21,2019.0,135827,4000,Ford,Híbrido,mecánica,4x4,taxi,suburbano,0,false,false,si,false,no,no,0
Luis Rodríguez,747357757,3054602353,luis-rodríguez754@live.com,,XAN329,3023,CDA-42228,27/05/2022,1997.0,591686 km,2500 cc,Mazda,DIESEL,CVT,fwd,escolar,urbano,true,1,false,1,si,0,false,1
Lina Santana,840146418,3153521511,lina_santana560@live.com,"Avenida 19 #49-87, Cartagena",BFN334,1128,CDA-49139,2023-03-23,2010.0,270.801,1100 cc,Toyota,nafta,cvt,awd,taxi,Rural,no,true,1,no,1,si,no,1
María López,339488173,3233348093,maría_lópez55@outlook.com,"Diagonal 49 #78-50, Cúcuta",IBP340,2485,CDA-25460,03-03-2022,2000.0,501k,1800,hiunday,Gasolina,Manual,rwd,público,rural,yes,false,,yes,0,,,1
Andrés Torres,514382431,3246637599,andréstorres763@outlook.com,"Avenida 43 #5-92, Pereira",VOX167,367,CDA-23101,31-05-2020,2009.0,400210,2000,Ford,eléctrico,MANUAL,4x4,Publico,Rural,1,false,no,1,true,no,1,1
Camilo Rojas,817894243,3111214157,camilorojas362@gmail.com,"Avenida 101 #68-58, Neiva",MQC779,2330,CDA-32593,2024-03-06,2000.0,752.838 km,1400,Volkswagen,GSL,CVT,awd,PUBLICO,Rural,0,no,true,no,0,si,false,0
Mónica Aguirre,973226156,3177302286,mónica-aguirre670@yahoo.com,"Transversal 51 #68-17, Pasto",VTZ474,30,CDA-70375,03/02/2021,1997.0,615932,3000 cc,Nissan,eléctrico,automatica,4X2,taxi,mixto,1,false,1,0,0,yes,,1
Patricia Mejía,176156166,3168350880,patricia-mejía704@gmail.com,"Diagonal 30 #9-87, Cali",UGS 682,2747,CDA-77323,2024-07-20,2008.0,428958,1300,Peugeot,gas,AUTOMATICA,FWD,PUBLICO,Mixto,false,no,si,,,no,no,1
Claudia Vargas,133175514,3507815076,claudia-vargas976@gmail.com,"Transversal 87 #57-5, Cali",UJJ 566,23,CDA-20077,09-12-2023,2006.0,459.116 km,1100,Peugeot,hibrido,manul,AWD,publico,Mixto,no,true,0,no,1,yes,no,1
Lina Santana,660644728,3029825091,lina_santana908@outlook.com,"Diagonal 39 #84-70, Villavicencio",ZWI317,1420,CDA-99865,27-10-2022,1995.0,835454,1400,Dodge,eléctrico,automatica,,publico,Rural,,1,yes,1,,0,,1
Lina Santana,1052934999,3166574562,lina.santana270@outlook.com,"Transversal 76 #65-30, Medellín",ZPP 315,1081,CDA-94776,2020-10-15,2011.0,291006,3000cc,Nissan,nafta,manual,4X2,escolar,Mixto,no,no,false,false,no,,no,1
Diana Herrera,532153732,3163398143,dianaherrera852@yahoo.com,"Circular 104 #80-58, Neiva",FQV-307,2790,CDA-97928,24/09/2018,2019.0,131803,2400,Dodge,Diesel,semiautomatica,,carga,Urbano,no,no,no,no,false,no,0,0
Laura García,304653172,3128546253,,"Calle 107 #91-50, Pereira",PXQ225,1085,CDA-51548,30/09/2019,2004.0,253.915,3500cc,Honda,GAS,Automática,rwd,PUBLICO,mixto,si,1,yes,si,1,yes,false,1
Mónica Aguirre,481891610,3178739424,mónica.aguirre692@gmail.com,"Calle 70 #8-20, Neiva",XOX-969,696,CDA-97835,17-01-2023,2001.0,521.6k km,2400,Chevrolet,GSL,Automatio,RWD,PUBLICO,suburbano,yes,no,no,0,no,no,si,1
Laura García,235448353,3123652349,laura_garcía731@correo.com,"Calle 8 #45-95, Cali",HKR 542,1125,CDA-56598,2021/07/23,1995.0,1080271,2200 cc,mazda,Gas,MANUAL,FWD,TAXI,suburbano,1,si,1,true,0,yes,0,1
Darío Acosta,229023605,3195516273,darío_acosta632@outlook.com,"Transversal 27 #34-87, Bucaramanga",TEA205,701,CDA-77328,26-07-2022,2005.0,240307,1800,Mitsubishi,Híbrido,autom,4X2,PARTICULAR,URBANO,1,1,yes,1,no,0,1,1
Carlos Martínez,902713980,3113049656,carlos-martínez726@yahoo.com,"Circular 32 #90-21, Cali",ZYI814,421,CDA-55854,23-08-2018,2006.0,728200,2550,Hyundai,GSL,manul,4x4,público,rural,yes,,true,1,yes,1,0,1
Catalina Ortiz,876626491,3055524166,catalina_ortiz159@live.com,"Carrera 4 #24-17, Bogotá",AHO-013,683,CDA-99989,2021/02/15,1995.0,366.550,1300,Chevrolet,GSL,Mecanica,fwd,particular,mixto,si,0,false,false,,no,no,1
Sebastián Cruz,492287041,3177001019,,"Avenida 89 #67-8, Montería",NOQ360,1685,CDA-86656,08-10-2019,1998.0,420087,1200cc,Suzuki,GAS,tiptronic,awd,Carga,URBANO,si,true,si,true,1,,no,1
José Hernández,774385731,3182154595,josé.hernández858@outlook.com,"Calle 91 #17-15, Pereira",DPF495,461,CDA-15902,12/05/2020,2020.0,158941,2200,Suzuki,gnv,Automatio,4X2,TAXI,mixto,no,no,no,,,,no,1
Felipe Ramos,329183523,3245123584,feliperamos422@live.com,"Calle 36 #50-18, Manizales",XNQ-879,44,CDA-81371,10-11-2021,2001.0,523k,1300,Toyota,GAS,semiautomatica,fwd,carga,Mixto,false,1,no,false,0,no,no,1
Patricia Díaz,307692586,3174102874,patricia_díaz642@outlook.com,"Calle 111 #81-10, Manizales",IAL-295,88,CDA-20611,2021-10-07,2013.0,181273,1000,Dodge,Gasolina,Mecanica,4X2,Particular,Mixto,0,0,1,no,0,,no,0
Diana Herrera,250402363,3002664662,diana.herrera691@correo.com,"Avenida 7 #74-31, Cúcuta",MHT168,2155,CDA-19746,2020/11/05,2021.0,27k,2500,Mitsubishi,GNV,Manual,4X4,Particular,RURAL,no,no,0,no,si,0,no,0
Laura García,936189329,3206227802,laura_garcía54@correo.com,"Avenida 101 #74-64, Manizales",CLV 198,2777,CDA-12527,06/01/2019,2009.0,346179,2200,Toyota,gas,Manual,FWD,taxi,suburbano,true,0,0,no,no,0,false,1
Camilo Rojas,324584549,3192691224,camilorojas947@outlook.com,"Diagonal 49 #68-62, Bogotá",PHB-199,1555,CDA-17075,13-06-2024,2005.0,442.726 km,1600,Toyota,nafta,tiptronic,4x4,taxi,RURAL,yes,false,,false,1,1,false,1
María López,541611630,3208644646,maría-lópez889@outlook.com,"Diagonal 4 #73-64, Villavicencio",MVY977,562,CDA-57683,23/12/2022,2019.0,202827,2450,Peugeot,,automatica,4x4,publico,RURAL,false,0,no,0,no,false,no,0
Gloria Mendoza,84988997,3504423305,gloria.mendoza49@hotmail.com,"Avenida 39 #33-17, Ibagué",BMR-959,283,CDA-49437,28/03/2022,1999.0,922378,1500 cc,Chevrolet,GSL,Tiptronic,4x4,Taxi,RURAL,no,true,true,true,yes,false,no,1
José Hernández,979197629,3155895841,joséhernández2@hotmail.com,"Avenida 42 #44-59, Bucaramanga",FQW722,1433,CDA-83005,2023/02/16,2001.0,723431,1300,Nissan,Gas,Automatio,fwd,Carga,Suburbano,si,si,true,no,0,no,1,1
Camilo Rojas,1002439757,3181972247,,"Calle 1 #98-48, Armenia",UEN020,890,CDA-98018,2024/05/06,2010.0,,1000 cc,Fiat,Electrico,AUTOMATICA,RWD,Particular,Rural,no,yes,0,true,si,yes,no,1
Ana Gómez,967256529,3185927612,ana.gómez638@correo.com,"Calle 61 #84-20, Neiva",TME753,970,CDA-14704,23/11/2020,2005.0,271114,2950,Suzuki,eléctrico,semiautomatica,4x2,TAXI,suburbano,no,no,true,1,yes,1,yes,1
Ricardo Peña,41870100,3242055410,,"Transversal 16 #93-5, Armenia",XAF563,3126,CDA-84087,15/10/2020,2000.0,210.036 km,2200,Chevrolet,GSL,mecánica,AWD,TAXI,suburbano,true,no,si,true,false,true,0,1
Felipe Ramos,369799135,3136506144,felipe_ramos50@correo.com,"Diagonal 8 #76-9, Manizales",KII465,2005,CDA-69508,02-07-2019,2000.0,155k,2500,Nissan,hibrido,tiptronic,AWD,PARTICULAR,Urbano,,true,no,1,no,no,,0
Ricardo Peña,971338760,3197529506,ricardo.peña648@outlook.com,"Circular 68 #74-41, Neiva",BFY-365,534,CDA-38556,20-03-2021,2016.0,127.339,,Dodge,gas,Automática,RWD,taxi,rural,1,0,false,true,0,no,0,0
Héctor Montoya,87624321,3208140783,héctor.montoya174@hotmail.com,"Transversal 38 #81-74, Cúcuta",IGH253,1988,CDA-59213,2023/11/26,2010.0,404198,1300 cc,Chevrolet,GSL,Automatio,RWD,Taxi,Mixto,1,true,0,no,no,1,,1
Fabio Arévalo,531723843,3183718504,fabio-arévalo288@live.com,"Calle 102 #48-67, Cúcuta",XAA065,3115,CDA-87638,2020/07/22,1999.0,697933 km,1100,Honda,,semiautomatica,rwd,Escolar,urbano,false,0,true,si,yes,true,,0
Jhon Morales,101956749,3205986248,jhon-morales282@outlook.com,"Carrera 57 #22-95, Cúcuta",AFA259,1262,CDA-30188,19/01/2021,2014.0,255700 km,2400,Honda,gnv,CVT,4X2,Taxi,RURAL,0,1,,1,no,si,0,1
Ingrid Bermúdez,643421103,3118063473,ingrid.bermúdez832@outlook.com,"Carrera 93 #83-39, Ibagué",DRA408,928,CDA-74977,2020/04/14,1998.0,,1500cc,Volkswagen,gnv,semiautomatica,4X4,escolar,Rural,si,si,no,si,true,true,,1
Natalia Reyes,276152707,3234617621,natalia.reyes731@correo.com,"Diagonal 116 #51-42, Manizales",EQL452,2591,CDA-25860,31-01-2024,2004.0,685615,3500cc,Hyundai,GSL,manual,FWD,PUBLICO,rural,no,false,,no,1,no,0,1
Luis Rodríguez,723167345,3205461292,luis_rodríguez51@yahoo.com,"Carrera 89 #36-88, Montería",XTZ328,2627,CDA-14473,2022-09-26,2023.0,35525,1400,Kia,Diesel,automatica,fwd,Carga,Urbano,0,no,,false,false,no,no,0
Felipe Ramos,116397177,3128549428,felipe.ramos552@yahoo.com,"Diagonal 120 #50-89, Pasto",YNX-672,3157,CDA-88169,28-11-2019,2023.0,15719,2400,Renault,DIESEL,MANUAL,rwd,escolar,suburbano,0,yes,false,yes,0,no,no,0
Fabio Arévalo,997107523,3238018056,fabio_arévalo681@outlook.com,"Carrera 83 #14-62, Montería",ZWZ-494,1147,CDA-13048,2024-10-21,1996.0,469.782,1100,Toyota,gas,mecánica,4x4,Taxi,suburbano,no,yes,no,1,1,0,no,1
,817799909,3164702274,fabio.arévalo453@hotmail.com,"Transversal 42 #63-1, Armenia",HGB171,2215,CDA-81198,2022-09-27,1998.0,558k,4000cc,Mitsubishi,gnv,semiautomatica,AWD,carga,,1,,,no,true,yes,1,1
Natalia Reyes,449486987,3043899762,natalia-reyes773@correo.com,"Avenida 9 #52-27, Cartagena",MOV205,2960,CDA-90162,2022/05/26,2008.0,267244 km,1400 cc,Renault,gasolina,MANUAL,4x4,carga,mixto,yes,no,si,no,false,1,,1
Jhon Morales,367255636,3173978953,jhon-morales244@correo.com,"Carrera 90 #40-23, Cúcuta",EXV892,2085,CDA-30953,2020/08/08,2012.0,250451,1400,Ford,DIESEL,mecánica,fwd,Taxi,suburbano,0,yes,false,no,no,true,0,1
José Hernández,410528496,3006050829,josé_hernández10@correo.com,"Avenida 46 #28-39, Bucaramanga",VEE996,1133,CDA-30123,04/02/2021,2019.0,111.308,1000,Nissan,Gasolina,automatica,RWD,Particular,URBANO,false,no,no,no,no,si,no,0
Natalia Reyes,457014019,3507692437,natalia_reyes492@outlook.com,"Carrera 6 #20-39, Villavicencio",VUA465,638,CDA-91807,2018-01-02,2008.0,245278,1600,Fiat,gasolina,cvt,AWD,PARTICULAR,RURAL,no,no,false,,no,,no,1
Sandra Castro,623007235,3132950369,sandra_castro427@correo.com,"Avenida 31 #56-55, Bucaramanga",YWL822,2582,CDA-73547,23/09/2023,1998.0,435.531,4000,Dodge,DIESEL,manul,4X4,Particular,urbano,1,0,0,,0,si,no,1
Roberto Nieto,333869755,3506792464,roberto.nieto918@gmail.com,"Avenida 85 #30-36, Barranquilla",KMC 175,1457,CDA-16237,2022-12-04,0.0,490k,1200,Honda,DIESEL,CVT,4x4,público,rural,si,no,false,false,0,0,false,1
Omar Leal,583454424,3162148936,omar_leal472@outlook.com,"Transversal 63 #97-12, Cali",GMZ439,2275,CDA-27167,2022-08-12,2012.0,202147,1000,Toyota,diesel,semiautomatica,awd,PUBLICO,RURAL,0,no,yes,yes,0,0,no,1
Viviana Suárez,1018209479,3042254225,viviana_suárez652@live.com,"Circular 30 #84-98, Montería",FBW292,1547,CDA-87517,2022/08/10,2005.0,332730 km,4000,Peugeot,gas,mecánica,,escolar,rural,true,no,no,yes,true,no,no,1
Patricia Díaz,390745577,3002076160,patriciadíaz965@outlook.com,"Avenida 92 #24-76, Pasto",KFG037,2413,CDA-18155,27-06-2023,1996.0,464265,1800,Peugeot,Diesel,tiptronic,4X2,Publico,suburbano,yes,si,0,0,no,true,,1
Sebastián Cruz,524472319,,sebastián.cruz959@live.com,"Diagonal 22 #37-1, Bucaramanga",JAB469,898,CDA-76501,2022-03-20,2015.0,234903,2500,Volkswagen,Diesel,manul,4x2,PUBLICO,rural,0,no,no,,,no,no,0
Omar Leal,964719440,3154440290,omar.leal631@gmail.com,,LCR-495,1638,CDA-73258,2021-06-16,2000.0,676k,1200,Peugeot,Diesel,CVT,awd,público,urbano,true,false,true,true,no,true,no,1
Ingrid Bermúdez,109446901,3191565004,ingrid_bermúdez587@gmail.com,"Circular 3 #62-90, Barranquilla",VMX642,1152,CDA-11380,2018-05-05,2018.0,31.858 km,2400,Hyundai,gasolina,,awd,particular,Mixto,true,,no,no,no,no,no,0
Andrés Torres,253019746,3173268584,andrés-torres552@hotmail.com,"Carrera 117 #7-66, Armenia",WGO352,222,CDA-33371,03/07/2023,2002.0,241k,1100,Ford,gasolina,MANUAL,awd,escolar,URBANO,false,si,yes,si,0,yes,0,1
Viviana Suárez,356919686,3219493462,vivianasuárez822@gmail.com,"Diagonal 119 #74-76, Medellín",NEK300,544,CDA-82867,2022/09/15,2021.0,107435,1500cc,Kia,diesel,mecánica,fwd,Carga,Mixto,no,no,false,no,0,0,no,0
Héctor Montoya,466048868,3188716414,héctor.montoya204@yahoo.com,"Transversal 53 #11-49, Montería",VYJ 929,2816,CDA-70937,27-08-2024,1999.0,777653 km,1100,Chevrolet,Gas,mecánica,rwd,publico,URBANO,1,false,true,,no,no,no,1
Héctor Montoya,161661109,3168100777,héctormontoya618@live.com,"Calle 99 #83-18, Cúcuta",RJG119,2359,CDA-89103,08-06-2019,2020.0,46712,3000,Ford,Electrico,Tiptronic,4x4,Publico,suburbano,1,false,0,false,false,0,false,1
José Hernández,30636087,3162449914,josé.hernández934@outlook.com,"Diagonal 94 #31-23, Armenia",KPT043,686,CDA-32461,2020-01-02,1999.0,758k,1200,Chevrolet,Gas,AUTOMATICA,RWD,TAXI,Mixto,1,true,1,no,1,si,no,0
Natalia Reyes,742328168,3013622793,natalia.reyes654@live.com,,STY656,832,CDA-37833,2021/02/20,2019.0,54.330,3950,Volkswagen,hibrido,manul,4x2,particular,Suburbano,0,no,0,false,false,no,si,0
Laura García,609969931,3502154756,laura.garcía310@gmail.com,"Calle 76 #53-35, Manizales",VVN-562,2536,CDA-34503,29/09/2018,1995.0,396.490,1200,Chevrolet,Gas,MANUAL,AWD,Particular,RURAL,si,true,si,yes,si,1,false,1
Gustavo Barrera,456304808,3049096350,gustavo_barrera946@gmail.com,"Circular 92 #2-69, Manizales",AFR456,2038,CDA-13168,08-04-2018,2000.0,508386,1800,Ford,gas,mecánica,awd,taxi,rural,false,no,yes,false,true,1,0,1
Ricardo Peña,824540218,3193639564,ricardopeña291@outlook.com,"Carrera 21 #22-18, Pereira",JUV 681,1264,CDA-27816,2024-05-04,2004.0,361k,1250,Dodge,GSL,AUTOMATICA,fwd,Carga,Suburbano,false,yes,no,no,false,0,no,1
Camilo Rojas,851170006,3161912645,camilorojas454@live.com,"Calle 5 #96-21, Cali",WFT814,2993,CDA-26858,2021/04/05,1996.0,429076,1500,Chevrolet,Gasolina,mecánica,fwd,PARTICULAR,rural,no,yes,yes,0,yes,no,si,1
Ricardo Peña,187275100,3152127758,ricardo_peña322@outlook.com,"Avenida 39 #56-33, Montería",GPA033,526,CDA-78985,15-01-2024,2017.0,80243,,Nissan,DIESEL,CVT,4X2,carga,suburbano,true,false,si,false,no,si,0,1
Omar Leal,195568168,3059816238,omar-leal539@hotmail.com,"Transversal 32 #19-57, Pereira",QKH538,945,CDA-20716,2018/02/23,2022.0,46619,1300 cc,Toyota,Híbrido,MANUAL,rwd,PARTICULAR,Mixto,no,yes,,false,no,no,0,0
Ingrid Bermúdez,,3201538702,,"Transversal 14 #63-14, Montería",XOD358,782,CDA-85484,24-07-2018,1997.0,404592,1200 cc,Suzuki,DIESEL,Manual,fwd,Publico,Urbano,1,1,no,no,no,false,1,1
Ingrid Bermúdez,795179500,3501856708,ingrid_bermúdez413@gmail.com,"Diagonal 19 #20-75, Cartagena",JJI096,3185,CDA-87126,25/07/2018,1997.0,517009,3000,Mitsubishi,eléctrico,manual,fwd,escolar,URBANO,true,no,true,,no,no,no,1
Catalina Ortiz,492749354,3128687081,catalina_ortiz329@gmail.com,"Transversal 21 #79-33, Villavicencio",KCM530,2120,CDA-16467,2022/04/11,2015.0,,1200 cc,Dodge,gnv,manul,RWD,escolar,Urbano,0,false,0,no,0,,,1
Esperanza Vega,445549802,3009436014,esperanzavega488@yahoo.com,"Transversal 107 #82-37, Pereira",RLB105,1966,CDA-76502,2018/12/19,1999.0,641796,1600,Renault,GSL,AUTOMATICA,4X4,publico,Rural,,no,true,false,1,no,no,1
Héctor Montoya,1022223529,3228218298,héctor.montoya945@live.com,"Calle 34 #91-47, Cúcuta",GIK025,273,CDA-48879,2020/02/20,2005.0,640.750,3500,Kia,GSL,Automática,4x2,Taxi,suburbano,,,false,si,no,0,yes,1
Gustavo Barrera,832629777,3008032065,gustavo_barrera693@outlook.com,"Diagonal 3 #63-42, Armenia",EBN111,522,CDA-23603,20-06-2019,2016.0,232601 km,3000 cc,Nissan,nafta,Mecanica,4X4,carga,suburbano,0,0,,0,no,false,0,0
Mónica Aguirre,386144324,3238182405,mónica-aguirre215@live.com,"Avenida 87 #75-73, Ibagué",BFN240,523,CDA-84756,12-06-2019,1996.0,560849,4000,Kia,gasolina,Automática,fwd,carga,mixto,true,true,false,false,,true,0,1
María López,759486289,3002789640,maría_lópez755@outlook.com,"Diagonal 23 #93-69, Ibagué",OQH098,1845,CDA-49601,06/11/2020,2008.0,251509 km,1500,Chevrolet,gasolina,Automática,4x2,PARTICULAR,Suburbano,no,true,si,no,no,si,no,1
Diana Herrera,14392293,3114256641,diana_herrera707@outlook.com,"Carrera 77 #89-74, Ibagué",FUF828,1488,CDA-41721,10-01-2020,2018.0,42458,1300,Toyota,gas,Tiptronic,FWD,PARTICULAR,urbano,false,0,no,false,no,,0,0
María López,388935852,3148010268,maría-lópez633@correo.com,"Transversal 64 #71-32, Medellín",ZVX933,3144,CDA-16399,2020-10-24,2018.0,122.873,3000,Peugeot,Híbrido,AUTOMATICA,,Publico,rural,no,no,no,0,,0,no,1
Adriana Parra,142701981,,adriana-parra726@live.com,"Diagonal 13 #49-19, Cali",JSH 453,351,CDA-68916,21/12/2024,2014.0,273318 km,2500cc,Ford,gnv,cvt,RWD,Publico,mixto,false,0,0,false,,0,no,1
Alejandro Zapata,300635773,3165955109,alejandrozapata353@hotmail.com,"Carrera 105 #72-10, Pasto",MIQ 434,2121,CDA-91121,16-02-2018,2009.0,646419,2400,Mitsubishi,DIESEL,Automática,FWD,publico,suburbano,,0,,yes,true,false,false,1
Ingrid Bermúdez,614132082,3017237430,ingrid-bermúdez19@correo.com,"Calle 67 #54-51, Armenia",MKT075,904,CDA-67648,2019-03-19,2004.0,691767,1100 cc,Mitsubishi,Híbrido,Automática,fwd,TAXI,Mixto,true,,0,false,si,1,,1
,276775515,3241619880,viviana-suárez822@live.com,"Calle 105 #23-89, Neiva",CQS707,2010,CDA-69012,03-05-2022,2010.0,448444,4000 cc,Suzuki,,manual,4X2,Carga,Urbano,no,0,0,,1,no,1,1
Fabio Arévalo,31275465,3116236167,fabio.arévalo909@outlook.com,"Circular 87 #79-63, Medellín",MMQ-522,1062,CDA-29849,2024/02/05,2001.0,50175 km,2000,Dodge,GAS,Manual,4X2,PARTICULAR,RURAL,0,no,si,1,si,no,,1
Patricia Mejía,169477639,3169103135,patriciamejía499@hotmail.com,"Circular 78 #76-99, Manizales",SFV-972,2546,CDA-67432,01/07/2024,2001.0,389.811 km,1000cc,Dodge,,Manual,4x2,PARTICULAR,rural,true,0,no,yes,false,yes,no,0
Roberto Nieto,529195810,3142830614,roberto-nieto784@correo.com,"Avenida 75 #92-23, Barranquilla",JNZ138,652,CDA-60228,21-03-2023,2013.0,367941,1400,Fiat,Diesel,manual,4X2,escolar,Urbano,no,true,0,false,no,0,0,1
Andrés Torres,365121358,3117884563,andrés.torres600@gmail.com,"Avenida 64 #59-1, Manizales",IOU630,2810,CDA-96189,2024/06/08,2005.0,238k,1000,Dodge,Gasolina,Manual,4X4,Particular,URBANO,no,1,false,si,0,si,no,1
Patricia Mejía,829499850,3167798304,patriciamejía136@outlook.com,"Transversal 11 #76-23, Neiva",PJE 855,1660,CDA-87620,19-10-2021,2024.0,0,1200cc,Dodge,diesel,manual,AWD,publico,Mixto,0,no,no,no,no,no,no,0
Patricia Díaz,715100253,3053998978,patricia_díaz303@correo.com,"Circular 65 #37-67, Neiva",KDJ276,1939,,09-06-2022,2006.0,596.581,1100 cc,Honda,Electrico,semiautomatica,4x4,carga,RURAL,no,true,no,false,no,false,true,1
Gloria Mendoza,656198179,3122578712,gloria_mendoza500@outlook.com,"Calle 91 #9-11, Villavicencio",XOI 860,2845,CDA-56478,01-07-2018,2007.0,452638,1200cc,Mitsubishi,Diesel,cvt,fwd,taxi,RURAL,no,no,si,yes,true,0,no,1
Andrés Torres,555848948,3182773402,andrés-torres274@correo.com,"Circular 94 #46-92, Neiva",,3054,CDA-48652,30/12/2021,2013.0,210340,1100 cc,Dodge,Electrico,Manual,4X2,carga,Suburbano,true,yes,yes,,false,no,no,1
Yolanda Cárdenas,618244779,3179668353,yolandacárdenas834@yahoo.com,"Avenida 92 #46-68, Cartagena",BDT470,965,CDA-12934,2021-06-05,2005.0,462212,2400,Honda,Electrico,AUTOMATICA,awd,carga,suburbano,,si,si,0,false,no,,1
Andrés Torres,1049088234,3019108598,andrés-torres627@correo.com,"Diagonal 25 #18-27, Pereira",HEF737,1345,CDA-34048,2023/11/07,2009.0,289094 km,2000cc,Chevrolet,GSL,Mecanica,4x2,PARTICULAR,Mixto,no,no,0,false,no,false,yes,1
Guillermo Ávila,359893533,3142119745,guillermo-ávila453@correo.com,"Transversal 46 #39-68, Pasto",IWY 235,2629,CDA-84901,29-12-2022,2020.0,52025,1300 cc,Dodge,Electrico,manual,FWD,PARTICULAR,Rural,no,false,0,no,0,no,no,0
Darío Acosta,1079681365,3231936545,darío-acosta156@gmail.com,"Diagonal 72 #72-33, Cúcuta",PWF 068,1468,CDA-99711,2019/03/09,2017.0,195.720,3500,Mitsubishi,GNV,MANUAL,4x2,taxi,urbano,1,false,si,false,si,,false,1
Marcela Fuentes,776405474,3196446430,marcela.fuentes611@gmail.com,"Calle 69 #95-51, Barranquilla",NDD483,169,CDA-78623,2018-06-16,2020.0,55583,2500 cc,Renault,Gasolina,MANUAL,AWD,PARTICULAR,Mixto,false,false,no,0,false,,no,0
Andrés Torres,572352858,3043581192,andrés-torres849@gmail.com,"Transversal 26 #61-95, Bogotá",WER602,2751,CDA-95813,2022/12/02,2024.0,0,1600,Volkswagen,gas,cvt,fwd,Carga,Rural,no,no,false,no,1,false,0,0
Natalia Reyes,324571999,3246819921,natalia-reyes417@yahoo.com,"Circular 109 #99-99, Pasto",AVZ782,2366,CDA-52432,21-08-2023,2001.0,839k,1150,Fiat,Gas,tiptronic,AWD,taxi,Mixto,,si,0,1,false,true,false,1
Diana Herrera,640900516,3142995822,diana_herrera427@hotmail.com,"Carrera 69 #87-31, Medellín",EBG183,979,CDA-96772,2020-11-07,2013.0,144.328,1300,Toyota,eléctrico,manual,4X4,publico,mixto,no,no,0,0,false,false,no,1
Diana Herrera,828307374,3147820587,diana.herrera129@hotmail.com,"Circular 79 #57-55, Bucaramanga",FSM666,1049,CDA-97950,18/12/2020,2004.0,721481,1150,Chevrolet,gasolina,automatica,RWD,Carga,mixto,1,true,yes,0,no,false,no,1
Xiomara Pacheco,145728107,3167236067,xiomara_pacheco516@hotmail.com,"Diagonal 25 #59-84, Neiva",WGQ-336,1903,CDA-99416,20-11-2018,2009.0,304185,3950,Dodge,Gas Natural,mecánica,FWD,Particular,Suburbano,0,no,false,true,0,no,,1
Claudia Vargas,681137663,3014108874,claudia_vargas186@correo.com,"Calle 51 #96-44, Pasto",,2866,CDA-68558,20/07/2019,2001.0,521903,1000,Volkswagen,gasolina,tiptronic,4x2,carga,rural,yes,0,false,false,0,1,no,1
Andrés Torres,946599000,3211418848,andréstorres783@gmail.com,"Diagonal 85 #41-54, Cúcuta",NFO-891,3064,CDA-74520,27-01-2023,2006.0,378.5k km,1000,Mitsubishi,hibrido,tiptronic,4x2,Taxi,urbano,false,false,0,yes,no,no,no,0
,197130878,3119627409,jhon_morales758@correo.com,"Carrera 72 #83-89, Pereira",ZFV127,1814,CDA-68235,19/04/2022,2013.0,348989 km,1500 cc,Dodge,nafta,autom,RWD,TAXI,mixto,false,no,no,no,false,,no,1
Claudia Vargas,133175514,3507815076,claudia-vargas976@gmail.com,"Transversal 87 #57-5, Cali",UJJ 566,23,CDA-20077,09-12-2023,2006.0,459.116 km,1100,Peugeot,hibrido,manul,AWD,publico,Mixto,no,true,0,no,1,yes,no,1
Yolanda Cárdenas,695252120,3129256477,yolanda-cárdenas758@yahoo.com,"Transversal 66 #33-46, Barranquilla",PWG509,2233,CDA-20533,2019-11-16,2016.0,81793,2400cc,Suzuki,gasolina,Automatio,AWD,escolar,urbano,yes,no,false,no,no,no,no,1
Ana Gómez,170813639,3043646332,ana_gómez302@outlook.com,"Carrera 114 #16-22, Neiva",MVH435,2457,CDA-11356,24-05-2022,2015.0,185846,2500,Peugeot,eléctrico,CVT,4X4,Carga,Rural,no,true,false,si,yes,false,0,1
Viviana Suárez,431483904,3151768454,viviana_suárez483@hotmail.com,"Diagonal 30 #56-72, Bogotá",CXG 824,220,CDA-99254,2024/02/25,2007.0,261.263 km,1500,Mitsubishi,hibrido,AUTOMATICA,RWD,Particular,urbano,si,no,0,yes,si,no,no,1
Gloria Mendoza,91893751,3109116967,gloria.mendoza329@gmail.com,"Circular 75 #15-87, Neiva",DXY892,368,CDA-66015,2024-11-21,2004.0,501888,3500 cc,Ford,hibrido,MANUAL,RWD,PUBLICO,Urbano,0,true,no,0,1,no,no,1
,928670389,3505671477,diana-herrera819@yahoo.com,"Transversal 105 #65-61, Neiva",FFN707,2405,CDA-43726,2020/06/18,1997.0,267063,3000,Nissan,gas,mecánica,rwd,Carga,rural,0,si,no,no,true,false,,1
Darío Acosta,91682733,3044957974,darío.acosta421@correo.com,"Avenida 54 #3-18, Villavicencio",XWX987,550,CDA-99839,21/11/2021,1995.0,593633,3000,Mazda,eléctrico,autom,4x4,escolar,Urbano,0,0,si,0,1,false,no,1
Felipe Ramos,639378368,3205272563,felipe_ramos430@gmail.com,"Transversal 119 #9-13, Bogotá",EZJ237,2504,CDA-87347,,2002.0,449.0k km,3000cc,Ford,GAS,Automática,RWD,Carga,URBANO,,no,0,no,no,yes,1,1
Gloria Mendoza,191643538,3137806598,gloriamendoza118@hotmail.com,"Avenida 57 #17-28, Montería",UMR317,2863,CDA-39909,31/08/2022,2013.0,184060,1400,Mitsubishi,Diesel,autom,4X2,carga,urbano,yes,0,no,1,,true,no,1
Patricia Díaz,726722689,3111044037,patriciadíaz282@correo.com,"Circular 14 #83-37, Cúcuta",HSO259,1749,CDA-17764,2019-02-07,1999.0,660546,1500,Suzuki,gnv,tiptronic,4x2,PUBLICO,mixto,true,si,1,no,yes,no,no,1
José Hernández,1033898914,3182244518,josé.hernández160@hotmail.com,"Circular 15 #51-62, Villavicencio",YAQ443,352,CDA-73739,28/12/2021,2005.0,685238,2000 cc,Hyundai,Gasolina,semiautomatica,AWD,publico,rural,1,false,0,no,yes,yes,0,1
Andrés Torres,384874888,3153872240,andrés-torres533@yahoo.com,"Avenida 41 #32-39, Armenia",PDH774,1951,CDA-42323,2023/05/25,1997.0,315960,1000,Volkswagen,nafta,Tiptronic,4x4,Carga,suburbano,no,si,si,false,si,no,false,1
Roberto Nieto,371876777,3131309244,roberto.nieto82@gmail.com,"Carrera 107 #99-83, Ibagué",JQW854,773,CDA-47825,2023/01/11,1998.0,463991,2600,Honda,GASOLINA,Automática,FWD,particular,Urbano,,no,,true,0,0,,1
Omar Leal,631313760,3166061152,omar-leal331@yahoo.com,"Carrera 11 #21-91, Armenia",SHU 987,2190,CDA-93623,2018-04-18,2024.0,0,2200,Mazda,Híbrido,Mecanica,awd,Carga,urbano,1,yes,0,0,no,0,0,1
María López,854050032,3047448164,maría_lópez91@gmail.com,"Avenida 67 #66-33, Neiva",YRV452,2103,CDA-14426,2018-01-15,2009.0,277162,2350,Dodge,gas,Mecanica,rwd,Publico,URBANO,no,0,0,yes,no,false,no,1
Luis Rodríguez,668819812,3041727924,luis.rodríguez892@gmail.com,"Avenida 108 #51-1, Medellín",HFG394,491,CDA-71912,25/08/2019,1997.0,673.385,2900,Toyota,gnv,MANUAL,fwd,taxi,URBANO,,true,yes,no,yes,no,false,1
Marcela Fuentes,202312244,3102615958,marcela-fuentes440@live.com,"Calle 12 #75-7, Montería",FLY 627,2951,CDA-42675,2024-01-25,1996.0,953258,1200 cc,Renault,gasolina,automatica,4x2,taxi,Rural,1,yes,,true,yes,si,,1
Laura García,908904991,3506544064,laura.garcía965@outlook.com,"Avenida 24 #31-31, Cúcuta",URG351,3118,CDA-59123,2022/10/06,2002.0,425k,1000cc,Renault,GSL,manul,4X2,taxi,Rural,true,no,true,1,,no,,1
Sandra Castro,837567521,3237419930,sandra_castro222@outlook.com,"Avenida 61 #32-15, Bogotá",AOF526,499,CDA-72430,2020/08/12,2014.0,184328,1200 cc,Mazda,diesel,MANUAL,rwd,Publico,RURAL,no,no,yes,0,1,,no,1
Mauricio Ruiz,1078463946,3003780551,mauricio_ruiz760@correo.com,"Calle 56 #81-58, Bucaramanga",LWE-142,2534,CDA-11740,2024-11-12,2020.0,72439,2500cc,Hyundai,hibrido,MANUAL,4X2,taxi,suburbano,,no,0,no,no,1,0,1
Patricia Díaz,181733255,3157243076,patricia_díaz591@live.com,"Circular 43 #81-86, Pereira",RVP687,211,CDA-66868,06-09-2021,2019.0,146408,2200,Toyota,GAS,automatica,4X4,Publico,urbano,1,no,no,no,,,no,0
Camilo Rojas,573508167,3118673977,camilo_rojas163@outlook.com,"Diagonal 44 #58-39, Neiva",AHO-541,2687,CDA-63853,2023/02/26,1996.0,798546 km,3500cc,Volkswagen,diesel,Tiptronic,4x2,público,rural,no,1,1,si,true,0,false,1
Jhon Morales,610067989,3237152014,jhon.morales426@gmail.com,"Calle 115 #50-32, Montería",RTR 843,3165,CDA-94438,2019/08/06,2022.0,32k,1600,Nissan,Gas Natural,AUTOMATICA,4X4,carga,Suburbano,0,false,0,no,no,1,no,1
Lina Santana,722622538,3192667010,lina-santana701@outlook.com,"Avenida 61 #33-78, Barranquilla",HMS557,651,CDA-21885,2023/11/27,2005.0,738k,1500,Kia,Gas,Tiptronic,4x4,TAXI,rural,no,false,,yes,1,no,false,0
Gloria Mendoza,913527803,3237306018,gloria_mendoza851@live.com,"Transversal 96 #94-87, Villavicencio",WCN175,228,CDA-29258,26-02-2019,2022.0,33k,2200cc,Nissan,GAS,manul,4X4,Escolar,Suburbano,false,1,0,true,0,no,no,0
Ricardo Peña,999386716,3058283511,ricardopeña928@hotmail.com,"Avenida 15 #89-7, Cúcuta",FFS329,366,CDA-15371,28/11/2018,2017.0,153935,4000,Mitsubishi,GAS,tiptronic,FWD,Escolar,Urbano,0,0,false,no,false,0,false,0
Omar Leal,97978833,3185275724,omarleal194@hotmail.com,"Carrera 51 #65-47, Medellín",CHP112,1703,CDA-98540,27-08-2018,2015.0,267843 km,4000,Renault,GASOLINA,autom,fwd,publico,mixto,no,true,false,no,0,0,no,1
Mauricio Ruiz,416876187,3199335511,mauricio-ruiz407@outlook.com,"Carrera 21 #77-95, Pereira",GLM319,277,CDA-20558,2021-12-01,2001.0,609337 km,,Dodge,GASOLINA,Automatio,awd,escolar,Urbano,true,0,no,false,,0,no,1
Sebastián Cruz,688791365,,sebastián.cruz537@yahoo.com,"Carrera 91 #85-51, Cartagena",UQZ118,2579,CDA-19231,2022-10-12,2017.0,113k,1800 cc,Chevrolet,eléctrico,automatica,4x2,PARTICULAR,Mixto,no,no,false,false,no,false,no,0
Guillermo Ávila,1079657379,3202646721,guillermo_ávila855@hotmail.com,"Diagonal 73 #20-53, Medellín",DXE 696,1235,CDA-14938,2022-02-27,2024.0,0,3000,Volkswagen,Híbrido,AUTOMATICA,RWD,Taxi,Suburbano,no,no,no,no,0,no,0,0
Andrés Torres,575767018,3207100377,andrés.torres510@yahoo.com,"Diagonal 28 #46-77, Armenia",YLK520,2592,CDA-33960,28/12/2020,2009.0,194132,3000,Toyota,Electrico,CVT,FWD,PARTICULAR,rural,no,yes,no,1,yes,false,0,1
Ricardo Peña,247372077,3187886725,ricardo_peña88@live.com,"Avenida 73 #68-50, Bucaramanga",EVO111,2966,CDA-72747,2021/11/04,2003.0,484230,2200,Mazda,GSL,Tiptronic,rwd,Publico,Suburbano,false,si,1,no,no,no,0,1
Xiomara Pacheco,70251531,3109286219,xiomara.pacheco969@gmail.com,,PLZ814,1968,CDA-34482,06/09/2023,2015.0,,1850,Mitsubishi,gas,Automática,AWD,taxi,suburbano,no,no,0,,no,0,0,1
Ingrid Bermúdez,1037856446,3011201855,ingrid-bermúdez732@outlook.com,"Calle 93 #82-71, Medellín",YHE124,408,CDA-13772,2020-06-28,2011.0,311k,2000cc,Fiat,nafta,AUTOMATICA,AWD,taxi,Suburbano,yes,no,yes,0,no,true,no,1
Diana Herrera,345754774,3106519443,diana.herrera381@live.com,"Avenida 45 #12-29, Bucaramanga",GFU128,2523,CDA-82124,2023/03/23,1999.0,260353,1500,Ford,Híbrido,CVT,RWD,Taxi,suburbano,0,true,no,no,0,no,0,1
Carlos Martínez,227016773,3059590551,carlos_martínez214@yahoo.com,"Calle 34 #32-5, Medellín",UGK 893,1129,CDA-23983,2019-01-09,2015.0,220670,2000,Honda,Electrico,Mecanica,4x2,publico,urbano,,true,,si,0,no,false,1
Yolanda Cárdenas,43094493,3009657854,yolanda_cárdenas775@gmail.com,"Calle 117 #84-92, Bogotá",XSI940,2931,CDA-93169,27-01-2023,2010.0,441261,3500,Honda,GAS,manual,RWD,Carga,Urbano,0,,no,no,true,false,si,1
Felipe Ramos,364744451,3247983115,felipe_ramos867@correo.com,"Diagonal 2 #33-76, Ibagué",QCA717,2971,CDA-62682,2022/01/07,2001.0,245136,1600 cc,Mazda,hibrido,autom,awd,taxi,URBANO,false,false,1,no,1,false,no,1
Patricia Mejía,701358198,3051806612,patricia-mejía444@yahoo.com,"Diagonal 89 #42-19, Ibagué",LPG458,841,CDA-80860,2020-08-09,2001.0,566.5k km,4000,Mazda,GNV,manual,4x4,,suburbano,1,no,0,false,false,true,0,1
Ricardo Peña,163882588,3247108218,ricardo.peña979@hotmail.com,"Carrera 65 #30-31, Manizales",XAK-265,2642,CDA-26452,14/11/2022,2014.0,233k,1800,Honda,Diesel,tiptronic,AWD,escolar,suburbano,,true,si,0,no,false,false,1
Mónica Aguirre,922133495,3504443319,mónica_aguirre205@outlook.com,"Avenida 47 #5-11, Cali",GCE954,848,CDA-48464,04/11/2024,2018.0,342k,1000,Fiat,GAS,CVT,fwd,Taxi,Rural,true,0,no,,,false,,1
Ricardo Peña,878263439,3193141239,ricardo.peña929@outlook.com,"Circular 4 #11-83, Manizales",MBJ237,8,CDA-65255,2018/12/02,,676626,2400,Toyota,gnv,automatica,4x2,publico,URBANO,yes,,1,no,false,no,no,1
Carlos Martínez,369694891,3238452830,carlos_martínez188@correo.com,"Carrera 67 #93-23, Barranquilla",WKR 392,1609,CDA-35806,06-01-2022,1995.0,795k,2200 cc,Dodge,Gas Natural,manual,RWD,Carga,suburbano,1,yes,1,no,1,yes,no,1
Sandra Castro,1033032657,3134084089,sandra_castro795@live.com,"Transversal 8 #83-57, Medellín",DSX949,1475,CDA-40115,2020/05/10,2005.0,363151,3500,Fiat,GAS,cvt,AWD,publico,Rural,si,si,1,no,1,no,si,1
Patricia Mejía,264191284,3172605123,patricia-mejía576@live.com,"Circular 35 #75-97, Bucaramanga",QWH 626,1559,CDA-65617,02/04/2024,2011.0,282.322 km,2500 cc,Renault,eléctrico,Mecanica,,PARTICULAR,Rural,no,no,yes,no,si,false,,1
Gloria Mendoza,423447410,3139628019,gloria.mendoza876@hotmail.com,,ODT-539,416,CDA-99181,2024/04/15,2016.0,93.1k km,1100,Hyundai,eléctrico,tiptronic,4X4,PARTICULAR,mixto,no,no,1,no,1,0,0,0
Laura García,457139639,3506945441,laura-garcía372@hotmail.com,"Avenida 88 #58-2, Bucaramanga",ICL884,1237,CDA-18770,2023/02/01,1997.0,1014734,,renoult,GSL,MANUAL,4x2,Publico,rural,no,no,true,true,,no,no,1
Laura García,135475775,,laura-garcía699@live.com,"Carrera 75 #43-44, Pereira",VDA859,1174,CDA-88786,2018-01-16,2019.0,122652,1000,Peugeot,nafta,Automatio,4x2,carga,rural,true,0,no,no,no,,0,1
Catalina Ortiz,504168492,3134701474,catalinaortiz435@gmail.com,"Diagonal 51 #22-69, Neiva",NVD165,361,CDA-84983,23-02-2023,2014.0,288950,4000 cc,Ford,GAS,manual,rwd,escolar,Rural,,no,,1,1,no,0,1
Ricardo Peña,212616344,3054898454,ricardo.peña889@correo.com,"Transversal 53 #92-64, Montería",RLR798,1012,CDA-77955,13/11/2019,2011.0,,2300,Fiat,nafta,Automatio,fwd,particular,mixto,,0,si,no,no,no,false,1
Catalina Ortiz,613062626,3204400718,catalina.ortiz688@yahoo.com,"Carrera 31 #89-58, Montería",,200,CDA-83821,2022/11/19,2024.0,0.0k km,1400,Renault,gasolina,Mecanica,awd,Escolar,Urbano,si,false,no,,no,yes,no,0
Andrés Torres,237920026,3119758063,andrés.torres479@yahoo.com,"Diagonal 70 #12-85, Medellín",UOK888,2520,CDA-26966,15-10-2022,1999.0,465.361,1000 cc,Kia,Gas,semiautomatica,rwd,Carga,Urbano,true,si,false,true,si,no,no,1
Patricia Mejía,119396985,3183850168,patricia_mejía310@hotmail.com,"Carrera 115 #3-26, Bogotá",IMW753,1111,CDA-47831,2024-04-13,1998.0,367690,3600,Mazda,hibrido,mecánica,4x4,Particular,Rural,yes,no,,yes,no,1,si,1
Lina Santana,101174424,3203088176,linasantana643@outlook.com,"Circular 92 #66-7, Barranquilla",EHT826,802,CDA-83408,2021-05-24,2000.0,304.267,3000,Kia,Gas,Automática,4X4,PARTICULAR,rural,yes,no,1,,false,true,0,1
Guillermo Ávila,883769065,3143172438,guillermoávila465@outlook.com,"Diagonal 55 #15-33, Villavicencio",UDF809,1922,CDA-93388,02/02/2024,2021.0,91.827 km,2200,Mitsubishi,gasolina,automatica,RWD,Carga,Suburbano,no,,yes,0,no,0,no,0
Fabio Arévalo,921274504,,fabioarévalo131@yahoo.com,"Avenida 97 #42-75, Villavicencio",AJZ879,2429,CDA-95410,2018/12/06,2009.0,501.489 km,1350,Renault,GSL,Manual,RWD,público,Rural,0,true,0,no,,0,false,0
Darío Acosta,131024892,,darío-acosta675@hotmail.com,"Calle 119 #92-61, Barranquilla",QQM175,284,CDA-55417,08-08-2021,2005.0,298k,2400cc,Chevrolet,gasolina,manul,awd,Publico,Rural,false,no,true,yes,si,yes,false,1
Yolanda Cárdenas,335903797,3207920464,yolanda_cárdenas349@outlook.com,"Carrera 51 #74-90, Ibagué",IRJ857,2818,CDA-57951,13-11-2019,2003.0,583075 km,1500,Peugeot,gas,automatica,rwd,Taxi,rural,1,,1,0,no,si,false,1
Jhon Morales,265539737,3017755502,jhonmorales242@outlook.com,"Carrera 111 #2-47, Montería",,232,CDA-21056,02/12/2019,1997.0,718832,1200,mazda,nafta,manul,FWD,Taxi,suburbano,yes,0,no,si,0,true,no,1
Catalina Ortiz,420098287,3004455240,catalina-ortiz612@correo.com,"Circular 10 #2-88, Barranquilla",MCF396,1462,CDA-40705,04/11/2018,2019.0,79k,2200,Volkswagen,nafta,MANUAL,4x2,carga,suburbano,false,0,false,1,yes,1,no,1
Andrés Torres,591570660,3502591428,andréstorres465@live.com,"Transversal 95 #75-28, Cartagena",NKG079,1654,CDA-16166,2021-10-10,2013.0,245863,3500cc,Peugeot,hibrido,Automatio,4X2,publico,rural,false,false,false,no,true,0,no,1
Patricia Mejía,850346467,3192958000,patricia.mejía178@hotmail.com,"Circular 49 #72-20, Cúcuta",LTB775,1175,CDA-50533,09-08-2018,2011.0,251488,1800,Hyundai,GNV,mecánica,FWD,taxi,Suburbano,no,si,1,yes,no,no,false,1
Omar Leal,626423581,3134961601,omar.leal154@hotmail.com,"Avenida 60 #63-72, Manizales",XFH072,97,CDA-15535,2023-06-14,2001.0,626k,1300,Kia,gasolina,cvt,4x4,publico,Mixto,1,no,yes,no,0,si,false,1
Camilo Rojas,22749476,3188779205,camilo.rojas831@hotmail.com,"Transversal 95 #96-11, Cali",YOK731,2773,CDA-20794,2021/11/06,1997.0,639.2k km,3500,Mitsubishi,DIESEL,AUTOMATICA,4x2,Escolar,URBANO,yes,yes,yes,si,false,si,si,1
Claudia Vargas,307628007,,claudiavargas869@gmail.com,"Calle 91 #78-72, Villavicencio",WUO314,2821,CDA-32088,03-05-2018,2015.0,206175,3500,Peugeot,nafta,cvt,awd,publico,suburbano,0,yes,0,si,true,yes,,1
Ana Gómez,161011002,3111104786,ana.gómez170@correo.com,"Diagonal 79 #22-98, Cúcuta",KYT133,1690,CDA-94267,14-08-2018,2007.0,391k,1100,Renault,Gas,cvt,,público,Suburbano,no,no,0,yes,yes,,no,0
Patricia Díaz,329569221,3139890659,patricia.díaz610@hotmail.com,"Diagonal 57 #47-35, Bucaramanga",YOH821,2326,CDA-39874,02/06/2024,1995.0,870451,1200,Hyundai,gasolina,manual,rwd,publico,mixto,si,yes,true,no,false,yes,0,1
Carlos Martínez,278648883,,carlos_martínez880@live.com,"Calle 66 #6-33, Armenia",TPF223,1310,CDA-54433,11/09/2019,2010.0,399.8k km,1200,Ford,Diesel,CVT,,PUBLICO,Suburbano,yes,1,0,,0,no,no,1
Gloria Mendoza,1080482640,3117084404,gloriamendoza233@live.com,"Calle 64 #97-32, Pereira",QKT-708,2277,CDA-65448,20/07/2018,2018.0,180.571,2200,Dodge,nafta,cvt,RWD,Publico,suburbano,no,,0,,no,,false,0
Patricia Díaz,489371341,3027267616,patricia.díaz439@yahoo.com,"Transversal 37 #9-30, Cúcuta",FGQ810,3143,CDA-58221,2023/06/22,2004.0,485135,1150,Kia,Gas,automatica,fwd,Carga,rural,0,,0,false,false,true,no,1
Ana Gómez,293338123,3164248219,,"Carrera 56 #26-87, Medellín",GGM212,2839,CDA-17245,,2016.0,333126,3000cc,Mitsubishi,GASOLINA,AUTOMATICA,4X4,Publico,URBANO,no,no,no,no,no,false,no,0
José Hernández,576697240,3025181507,joséhernández489@correo.com,"Carrera 23 #87-11, Villavicencio",SWT 829,2096,CDA-39725,16/01/2018,1998.0,635225,1100,Dodge,GAS,cvt,4x4,carga,suburbano,false,no,no,1,0,no,no,1
María López,649146213,3504185810,maría_lópez510@gmail.com,"Circular 97 #89-44, Bucaramanga",AQT691,1678,CDA-17683,15/02/2020,1998.0,946656,4100,Honda,eléctrico,AUTOMATICA,4x2,TAXI,rural,no,no,,1,1,no,yes,1
Jhon Morales,584433046,3212747213,jhonmorales819@outlook.com,"Calle 14 #79-79, Montería",CON112,105,CDA-67870,2023-08-04,2001.0,547178,1100cc,Suzuki,hibrido,automatica,RWD,público,urbano,0,no,1,true,1,1,si,1
Iván Salcedo,69666975,3131838391,ivánsalcedo15@outlook.com,"Carrera 71 #61-79, Pasto",IJN930,2453,CDA-72736,14-11-2018,1999.0,612404,2200cc,Volkswagen,Híbrido,CVT,4x2,Publico,Mixto,0,no,no,0,false,no,,1
Ingrid Bermúdez,643353882,3159987834,ingrid.bermúdez804@gmail.com,"Calle 64 #77-91, Ibagué",BMJ 499,1269,CDA-35093,2021/09/18,2007.0,331219,1400,Suzuki,GAS,AUTOMATICA,fwd,taxi,RURAL,false,no,yes,0,no,yes,,1
Darío Acosta,751850378,3166599196,darío-acosta398@correo.com,"Circular 113 #27-87, Medellín",FOO 019,2214,CDA-55470,2024/05/02,2008.0,345749,2500,Peugeot,diesel,Automática,AWD,Escolar,urbano,,yes,no,0,no,,,1
Natalia Reyes,16441487,3148341544,natalia-reyes208@live.com,"Circular 68 #95-67, Manizales",,3024,CDA-90613,28-10-2019,1999.0,841.356 km,1500,Toyota,Diesel,manual,AWD,carga,Mixto,1,no,true,false,yes,no,0,1
Sebastián Cruz,27043050,3217547484,sebastián_cruz88@yahoo.com,"Calle 52 #48-90, Cúcuta",TTX884,1362,CDA-83686,2022-03-24,2024.0,0,2500,Ford,Gasolina,Mecanica,awd,particular,Urbano,false,,0,no,0,no,false,0
Alejandro Zapata,738975360,3017081209,alejandro-zapata499@live.com,"Transversal 108 #66-55, Bogotá",JXD056,1232,CDA-55886,2023/07/07,2021.0,26.5k km,3500,Kia,,manul,AWD,Particular,rural,0,0,0,si,0,false,no,0
Guillermo Ávila,972421026,3006237384,guillermo_ávila43@correo.com,"Avenida 44 #44-38, Neiva",PUR 978,436,CDA-48426,2022/08/30,2022.0,51111,1500cc,Fiat,gas,tiptronic,FWD,Carga,RURAL,no,no,0,,false,0,no,0
Carlos Martínez,1041757945,3139540816,carlosmartínez85@yahoo.com,"Transversal 52 #1-24, Cali",PVZ196,2695,CDA-39335,26-04-2018,2008.0,440063 km,1100,Renault,GSL,automatica,AWD,PUBLICO,Mixto,1,0,true,no,no,true,false,1
Xiomara Pacheco,274852825,3505871970,xiomarapacheco280@outlook.com,"Carrera 85 #11-77, Pasto",AHJ-183,745,CDA-69386,17/04/2020,2010.0,404354,3000cc,Mitsubishi,GSL,Tiptronic,rwd,publico,URBANO,yes,no,,no,false,,no,1
Gloria Mendoza,848785085,3242482766,gloria.mendoza396@hotmail.com,"Calle 42 #96-28, Medellín",TGI045,227,CDA-92100,05/10/2022,2003.0,535124,1400 cc,Nissan,gasolina,Manual,RWD,PUBLICO,RURAL,false,0,false,no,0,si,0,0
Héctor Montoya,265830549,3132313335,héctormontoya412@gmail.com,"Carrera 38 #13-2, Manizales",XCU-855,2391,CDA-29558,2020/11/29,1997.0,209395,2400cc,Dodge,GASOLINA,manual,4x2,Particular,RURAL,false,true,false,true,true,,no,1
Luis Rodríguez,400800142,3047102880,luis_rodríguez366@hotmail.com,"Carrera 55 #20-84, Pereira",MST973,1628,CDA-81609,23-01-2021,2016.0,276860,2500cc,Honda,nafta,Automática,fwd,Carga,urbano,true,no,no,0,no,false,no,0
Gloria Mendoza,313610002,3019425056,gloria-mendoza97@correo.com,"Circular 28 #62-29, Bucaramanga",HNQ951,2401,CDA-73381,11/05/2022,2001.0,297675,4000,Dodge,diesel,CVT,fwd,Carga,Rural,no,yes,si,yes,no,1,yes,1
Felipe Ramos,19237088,3115471975,felipe-ramos844@live.com,"Avenida 120 #17-64, Barranquilla",EPE911,2527,CDA-99638,25/12/2021,2016.0,,2200,Kia,GASOLINA,AUTOMATICA,FWD,Publico,mixto,no,true,true,,no,no,no,1
Adriana Parra,1073935904,3231119266,adriana.parra825@correo.com,"Avenida 66 #55-72, Villavicencio",FFZ901,2273,CDA-58553,2023/05/06,1999.0,498304,2150,Suzuki,GASOLINA,MANUAL,fwd,escolar,Suburbano,yes,0,0,,,no,no,1
Yolanda Cárdenas,867418393,3197368103,yolandacárdenas304@live.com,"Avenida 47 #92-59, Manizales",JXN385,1925,CDA-49461,07-09-2020,2007.0,689445,1500,Fiat,Gas Natural,automatica,RWD,TAXI,suburbano,yes,,no,si,false,no,false,1
Catalina Ortiz,571183756,3151084161,catalina.ortiz735@live.com,"Diagonal 52 #66-36, Manizales",LMY296,2329,CDA-38717,2020/08/11,2022.0,60.433,3500,Ford,GSL,manual,FWD,Publico,suburbano,no,no,,false,no,0,no,0
Ingrid Bermúdez,1086455430,3017941306,ingridbermúdez131@gmail.com,"Diagonal 49 #24-66, Cartagena",BRZ662,1899,CDA-18272,21-05-2021,2015.0,262862,1400,Toyota,nafta,Automática,fwd,Escolar,Mixto,1,no,0,true,1,,no,1
Esperanza Vega,592583309,3014714383,esperanza_vega223@hotmail.com,"Avenida 41 #57-53, Cúcuta",TVF034,1412,CDA-69568,2023/03/17,2006.0,525091,1800,Toyota,GAS,Automática,fwd,Publico,suburbano,false,false,,no,no,false,no,1
Catalina Ortiz,463194500,3244950757,,"Calle 12 #37-7, Pereira",DHW-979,3007,CDA-97973,24-07-2018,2004.0,572.9k km,1950,Honda,eléctrico,manual,rwd,PUBLICO,URBANO,1,true,0,,no,yes,no,1
Luis Rodríguez,25877798,3044531323,luis-rodríguez954@live.com,"Carrera 98 #3-35, Montería",HNB956,2595,CDA-44181,,1997.0,846807 km,4000,chevrolet,Electrico,cvt,AWD,PUBLICO,Urbano,,,false,1,1,no,no,1
Yolanda Cárdenas,871510325,3207837003,yolanda.cárdenas713@correo.com,"Diagonal 56 #82-92, Ibagué",EHP257,2431,CDA-65103,2022-03-07,2001.0,403436,1350,Nissan,gnv,Manual,fwd,,RURAL,no,yes,1,yes,no,yes,0,1
Roberto Nieto,951718327,3141778370,roberto.nieto859@gmail.com,"Circular 6 #73-59, Medellín",WYZ156,2314,CDA-47708,2024/06/01,2008.0,459k,1800,Kia,Gas,AUTOMATICA,AWD,taxi,URBANO,1,true,false,0,no,,false,1
Mauricio Ruiz,428059134,3212149738,mauricio-ruiz166@gmail.com,,FTK820,938,CDA-87978,2023/11/21,1998.0,788129,1800,Suzuki,Diesel,semiautomatica,FWD,Carga,mixto,1,false,si,true,0,,true,1
Patricia Mejía,68751907,3178989590,patriciamejía140@yahoo.com,"Carrera 18 #90-5, Barranquilla",ZFZ252,1564,CDA-70323,2024-02-14,1997.0,854.019,4000 cc,Suzuki,Electrico,,4X2,escolar,urbano,1,no,no,true,si,true,yes,1
Patricia Díaz,245276515,3112813383,patricia_díaz763@yahoo.com,"Diagonal 87 #37-75, Pereira",KSR944,1134,CDA-65896,19-02-2021,2012.0,340818,2200,Honda,Diesel,Automatio,awd,carga,URBANO,false,no,false,false,0,,no,1
Mónica Aguirre,933889565,3023210816,mónica.aguirre743@gmail.com,"Transversal 101 #3-93, Manizales",TYN 390,1942,CDA-51096,2021-04-12,1997.0,595.691,1000,Dodge,GNV,MANUAL,awd,publico,Urbano,false,,si,1,yes,,no,1
Natalia Reyes,427787173,3185593713,nataliareyes53@hotmail.com,"Carrera 63 #51-64, Villavicencio",UWP877,465,CDA-60757,28-11-2020,2016.0,193260,3500 cc,Hyundai,DIESEL,AUTOMATICA,4x2,TAXI,urbano,no,0,false,no,true,false,no,0
María López,792371600,3043734069,maría-lópez165@correo.com,"Calle 16 #13-74, Cali",FIG672,1311,CDA-99173,30/10/2024,2012.0,297.747,2200,Toyota,hibrido,Manual,4x2,Carga,suburbano,1,no,false,no,yes,no,no,1
Sandra Castro,399778588,3144797693,sandracastro200@hotmail.com,"Carrera 117 #22-10, Cartagena",RYB945,1222,CDA-94318,2021-01-15,2012.0,327.883 km,3500,Dodge,Híbrido,automatica,rwd,Taxi,Suburbano,yes,no,yes,0,no,0,0,1
Iván Salcedo,87182915,3239690455,iván-salcedo870@correo.com,"Carrera 14 #64-15, Villavicencio",DFE 670,1284,CDA-34039,20-03-2022,1996.0,540.544,1300,Honda,Electrico,AUTOMATICA,AWD,particular,Urbano,1,0,no,1,si,no,,1
Guillermo Ávila,157193209,3027462885,guillermo_ávila885@outlook.com,"Transversal 63 #13-12, Cali",UGO-141,1558,CDA-90763,09/08/2022,2012.0,136.6k km,4050,Mitsubishi,Electrico,manul,4x4,PARTICULAR,Rural,yes,no,0,false,1,false,,1
Mónica Aguirre,919734278,3193015898,mónica_aguirre697@hotmail.com,"Diagonal 59 #97-31, Armenia",XFU580,2514,CDA-98371,2020/12/20,1997.0,623371,1600,Renault,GSL,autom,awd,PUBLICO,mixto,si,true,true,yes,no,no,yes,0
Diana Herrera,296445571,3145485638,diana.herrera226@gmail.com,"Calle 1 #66-48, Pereira",MHP407,908,CDA-59103,23/05/2019,2015.0,165.223 km,2600,Nissan,,Automática,4x4,Particular,Rural,no,0,,yes,no,false,no,1
Jhon Morales,460977963,3199650663,jhon-morales198@live.com,"Circular 14 #73-66, Pasto",NYT 786,3072,CDA-41819,16-03-2022,2015.0,339919,1000,Dodge,diesel,automatica,RWD,TAXI,mixto,si,,no,no,yes,no,no,1
Patricia Mejía,142460992,3158705621,patricia_mejía525@live.com,"Diagonal 20 #45-14, Montería",PLC165,1158,CDA-80007,13-02-2022,2005.0,795972,1300,Hyundai,Gas,CVT,AWD,carga,Suburbano,true,0,1,no,no,true,no,1
Ingrid Bermúdez,674272729,3115037961,ingrid-bermúdez38@gmail.com,"Calle 19 #14-58, Cali",BUR574,213,CDA-98033,04-08-2024,2003.0,675k,1000,Renault,GSL,AUTOMATICA,RWD,TAXI,rural,1,no,0,true,,no,false,1
Xiomara Pacheco,103731861,3207395997,xiomara-pacheco508@gmail.com,"Transversal 43 #13-57, Medellín",LSK 614,13,CDA-62098,2021/09/07,2007.0,455.850 km,1750,Toyota,Electrico,Automatio,4X2,Publico,suburbano,yes,false,true,no,no,no,no,0
Darío Acosta,1003328972,3232723282,darío_acosta200@yahoo.com,"Diagonal 67 #19-18, Medellín",PGS 163,3190,CDA-50618,2022-10-13,2007.0,658276,1100cc,Ford,GSL,manual,,Escolar,rural,false,true,si,no,false,0,si,1
Xiomara Pacheco,1072865528,3105688808,xiomara_pacheco280@hotmail.com,"Circular 45 #74-68, Pasto",SHH695,901,CDA-29036,08-06-2023,2008.0,444240 km,1300,Peugeot,eléctrico,tiptronic,fwd,carga,Urbano,no,0,si,no,false,false,no,1
Jhon Morales,281969835,3506508963,jhon.morales935@hotmail.com,"Circular 63 #96-70, Neiva",JVN795,423,CDA-95453,23/11/2020,1998.0,601.451,1000 cc,Toyota,,,fwd,Carga,Rural,1,yes,no,si,,yes,no,1
Iván Salcedo,850817905,3214652301,ivánsalcedo25@yahoo.com,"Circular 21 #25-59, Montería",RJJ519,888,CDA-58251,2020/09/11,2010.0,312274 km,2200cc,Renault,eléctrico,Mecanica,awd,Escolar,URBANO,false,no,0,0,false,yes,false,0
Adriana Parra,1084992987,3051873684,adrianaparra390@hotmail.com,"Avenida 34 #47-70, Pereira",EGT435,1732,CDA-92750,2022/03/12,2018.0,80568,4000,Kia,eléctrico,AUTOMATICA,4X4,PARTICULAR,rural,,no,si,si,false,no,si,0
José Hernández,143137039,3184092350,josé_hernández949@hotmail.com,"Circular 31 #48-51, Medellín",SJX-739,2442,CDA-14412,,2017.0,247.526,3500,Kia,Electrico,Mecanica,rwd,TAXI,mixto,false,false,no,,no,false,0,0
Iván Salcedo,61025096,3042451356,ivánsalcedo875@gmail.com,"Diagonal 3 #27-27, Villavicencio",XXE-053,2608,CDA-96888,2022/09/23,2012.0,101499,2950,Toyota,GAS,CVT,,Carga,rural,0,no,1,false,yes,no,0,1
Ricardo Peña,154579313,3501623445,ricardo.peña735@hotmail.com,"Diagonal 16 #70-42, Manizales",EAN006,1627,CDA-71722,16/04/2022,2005.0,411k,1600,Peugeot,Gas,MANUAL,4x4,Taxi,mixto,no,0,0,0,yes,true,false,0
Luis Rodríguez,632673528,3175658175,luis-rodríguez507@outlook.com,"Carrera 18 #64-37, Pereira",UQM399,1594,CDA-54132,15-12-2018,2005.0,603k,1100,Renault,gasolina,Automatio,4x4,taxi,Suburbano,1,0,0,true,,0,false,1
Ana Gómez,403315439,3215357905,anagómez624@live.com,"Circular 77 #41-74, Bucaramanga",XOE048,742,CDA-91614,2021/12/26,2012.0,184838,3000cc,Suzuki,gas,Tiptronic,4X4,TAXI,mixto,,si,false,1,no,si,no,1
Alejandro Zapata,760992414,3136976283,alejandro_zapata616@hotmail.com,"Calle 61 #97-94, Montería",GMK656,2898,CDA-13699,18-02-2019,2008.0,606k,1100,Volkswagen,DIESEL,manul,4X4,publico,Suburbano,false,0,no,no,yes,0,no,1
Adriana Parra,167505149,,adriana_parra839@yahoo.com,"Calle 102 #56-61, Cartagena",TAI432,2565,CDA-31326,2019-12-16,2013.0,201133,2400,Chevrolet,Gas Natural,CVT,4x2,Publico,Mixto,no,no,si,0,yes,false,no,1
Diana Herrera,179593712,3024327650,diana.herrera113@hotmail.com,"Circular 80 #20-76, Cali",VYO094,2141,CDA-77215,03/03/2023,2000.0,629656,1600,Renault,Gasolina,Mecanica,4x4,carga,suburbano,no,no,1,0,0,1,false,1
Ricardo Peña,189973939,3181118385,ricardo-peña229@correo.com,"Avenida 31 #68-62, Bucaramanga",MGJ961,1023,CDA-14585,2023/07/01,2019.0,124.086 km,1500,Renault,Híbrido,semiautomatica,AWD,Publico,Rural,no,no,,1,no,1,0,1
Sandra Castro,906263402,3011820722,sandracastro519@gmail.com,"Circular 39 #97-30, Villavicencio",ZRI521,1567,CDA-90353,2022/04/16,2013.0,280526,3950,Nissan,Gas,Automática,4X2,taxi,RURAL,0,false,0,,1,no,false,0
Diana Herrera,1014306016,3043751181,diana-herrera509@gmail.com,"Diagonal 40 #33-56, Armenia",ESJ998,1948,CDA-58000,2023-12-28,1999.0,256.681,1400,Fiat,GAS,CVT,4X2,Publico,suburbano,no,0,false,true,false,no,false,1
Darío Acosta,475140932,3147350865,daríoacosta877@live.com,"Calle 43 #38-96, Manizales",IMM 390,510,CDA-75496,03-05-2022,2001.0,431661,1600,Dodge,Diesel,automatica,RWD,Publico,Suburbano,,no,false,no,false,0,false,0
Gloria Mendoza,244534474,3045914066,gloriamendoza886@hotmail.com,"Circular 88 #11-81, Cali",NQY 325,645,,2023/02/22,2000.0,4.889,2500,Renault,Gasolina,Automática,fwd,,Mixto,no,no,true,0,si,false,false,1
Andrés Torres,930715094,3191672842,andrés-torres399@gmail.com,"Diagonal 41 #62-94, Cúcuta",YFN394,598,CDA-78925,27/08/2019,2009.0,264.889 km,1000,Volkswagen,nafta,tiptronic,RWD,TAXI,Suburbano,1,si,si,no,0,no,0,1
Marcela Fuentes,1082784129,3104717940,marcela.fuentes374@gmail.com,"Circular 48 #80-58, Cali",FJN595,2833,CDA-41183,2024-10-06,1999.0,918k,2200,Mazda,diesel,manual,4X4,escolar,Suburbano,true,yes,true,0,0,1,yes,1
Sebastián Cruz,112128554,3236703482,sebastián_cruz93@yahoo.com,"Transversal 47 #59-18, Villavicencio",OJA964,1265,CDA-20427,2024/08/19,2016.0,210.161 km,2200,Volkswagen,eléctrico,manul,4X2,carga,rural,no,false,no,0,1,0,false,0
Patricia Díaz,718992751,3005662531,patriciadíaz221@outlook.com,"Circular 22 #64-7, Bogotá",DVA930,1437,CDA-32354,2019/11/01,2015.0,208213,1050,Ford,,CVT,4X4,Carga,Rural,true,0,no,no,true,no,no,1
María López,736806982,3504329514,maríalópez563@live.com,"Circular 8 #57-27, Armenia",QDN975,1004,CDA-62088,14/10/2024,1996.0,564.1k km,1800,Peugeot,GNV,Automatio,4x2,publico,mixto,si,1,no,1,true,no,0,0
Patricia Díaz,729427453,3202511563,patriciadíaz458@live.com,"Carrera 106 #60-60, Ibagué",OZO010,2904,CDA-38364,19/12/2019,1995.0,796.7k km,1300 cc,Nissan,Gas,autom,4X4,Publico,Mixto,si,1,0,false,1,no,no,1
Ricardo Peña,723930563,3143796771,ricardo.peña647@live.com,"Avenida 23 #81-99, Bucaramanga",NXB619,519,CDA-90013,2020/10/27,2006.0,463.409,1800,Renault,Gas,semiautomatica,fwd,publico,Rural,no,yes,true,true,0,false,no,1
Mónica Aguirre,1097600723,3129417387,,"Avenida 20 #9-20, Montería",VQK-986,1024,CDA-58220,19-07-2022,2003.0,517444,3500cc,Renault,gasolina,,4x2,PARTICULAR,Urbano,false,,true,,no,true,no,1
Claudia Vargas,291872178,3014943263,claudia_vargas393@gmail.com,"Transversal 4 #38-55, Manizales",LVA045,768,CDA-56195,2024-11-19,2021.0,114.843,1000cc,Suzuki,gas,CVT,FWD,publico,rural,no,0,0,no,,,,0
Marcela Fuentes,1085354818,3166122983,marcelafuentes223@gmail.com,"Carrera 57 #10-95, Cartagena",XGO964,574,CDA-51612,02-02-2024,1997.0,630632,950,Nissan,Gas,tiptronic,,Taxi,RURAL,no,false,false,0,no,false,1,1
Gloria Mendoza,394791937,3134802626,gloria-mendoza198@gmail.com,"Calle 43 #77-7, Bucaramanga",OTV756,1378,CDA-91144,19-03-2020,2022.0,39359,3500,Volkswagen,Electrico,mecánica,FWD,PARTICULAR,Suburbano,false,0,,0,no,0,0,1
Roberto Nieto,17353184,3205791526,roberto_nieto826@gmail.com,"Transversal 99 #82-1, Bucaramanga",YNZ228,2992,CDA-95439,2022-04-09,2009.0,265k,2400,Mitsubishi,Electrico,Automatio,AWD,Particular,rural,false,0,false,false,yes,si,no,1
Héctor Montoya,41011109,3047999597,héctor-montoya75@gmail.com,"Diagonal 59 #59-61, Medellín",YFR925,1498,CDA-95923,12/10/2020,2000.0,817505,,Mitsubishi,Gasolina,cvt,awd,Taxi,Suburbano,false,0,false,true,false,,0,0
Omar Leal,1017609820,3243314672,omar.leal461@yahoo.com,"Avenida 14 #42-12, Montería",BKV117,2541,CDA-92531,2022/09/29,2001.0,452.6k km,1000,Ford,gas,autom,AWD,Carga,Urbano,no,,true,no,yes,no,0,0
Héctor Montoya,1062310425,3505920645,héctor_montoya125@live.com,"Diagonal 66 #97-93, Bogotá",VXN707,977,CDA-61118,2023-11-28,2023.0,12k,1200cc,Nissan,diesel,Mecanica,awd,particular,suburbano,0,false,no,no,no,no,no,0
Felipe Ramos,1093872542,3237919557,felipe-ramos803@correo.com,"Avenida 56 #26-97, Bucaramanga",LZQ-324,1503,CDA-22220,26-02-2021,9999.0,433.860,1800 cc,Toyota,gnv,cvt,4X2,Taxi,mixto,no,no,false,0,0,no,no,0
Gloria Mendoza,516379678,3164844835,gloria.mendoza194@outlook.com,"Circular 35 #71-67, Bucaramanga",LYK166,1737,CDA-26568,10-03-2024,2011.0,222265,4050,Fiat,GAS,autom,FWD,Carga,RURAL,0,false,no,no,yes,1,no,0
Omar Leal,948369293,3125346875,omar.leal115@gmail.com,"Transversal 120 #25-96, Medellín",DIJ735,124,CDA-65535,04/02/2022,2002.0,318.694,1600,Mazda,Electrico,Automatio,RWD,Publico,URBANO,1,no,true,0,no,no,0,1
Fabio Arévalo,541389182,3182178759,fabioarévalo189@hotmail.com,"Avenida 102 #41-18, Manizales",ACB459,3196,CDA-74139,2018-07-25,2016.0,52319,1300cc,Dodge,GSL,tiptronic,4x2,PARTICULAR,Rural,,no,0,no,1,no,0,0
Ernesto Pineda,988456637,,ernesto_pineda308@gmail.com,"Avenida 52 #77-99, Medellín",PQI831,1881,CDA-48029,26-04-2019,2019.0,96k,2200 cc,Ford,DIESEL,manual,awd,particular,Rural,si,false,0,no,,0,0,1
Gloria Mendoza,219403654,3231358384,gloria-mendoza177@hotmail.com,"Calle 94 #23-26, Armenia",DLR 211,221,CDA-92199,2021/05/12,1998.0,660k,1800,Suzuki,GNV,Tiptronic,4x4,particular,rural,0,si,0,si,0,false,,1
Ingrid Bermúdez,368798080,3165522703,ingrid-bermúdez472@hotmail.com,"Circular 34 #73-59, Cali",ZKQ 596,820,CDA-31143,24-06-2020,2005.0,376.098,4000,Toyota,Gasolina,,AWD,PARTICULAR,mixto,true,0,no,,no,,no,0
Guillermo Ávila,208002088,3104408673,guillermo-ávila30@gmail.com,,IKM-932,3195,CDA-78073,10/10/2023,2012.0,161846 km,,Chevrolet,GAS,semiautomatica,rwd,Escolar,Rural,false,no,0,no,yes,1,true,1
Adriana Parra,38529743,3165773351,adriana-parra432@gmail.com,"Avenida 64 #82-76, Medellín",YAS038,359,,2019/07/06,2009.0,411k,1400cc,Peugeot,GASOLINA,Automática,AWD,publico,rural,no,0,,true,no,no,no,1
Yolanda Cárdenas,1013160135,3201684371,yolandacárdenas469@outlook.com,"Circular 111 #19-16, Pereira",WEE528,101,CDA-10540,26/05/2024,2003.0,1547,2400,Toyota,gasolina,manul,fwd,particular,RURAL,true,true,false,si,no,no,,1
María López,524224063,3176139047,maría_lópez109@live.com,"Circular 7 #84-98, Bogotá",HZS149,2899,CDA-31138,04/02/2019,1999.0,220875,3500cc,Nissan,,MANUAL,FWD,particular,Mixto,0,true,,no,true,,false,1
Omar Leal,80257341,3059622178,,"Diagonal 11 #87-4, Manizales",HWA765,552,CDA-57809,2021-02-10,2011.0,185892,1300 cc,Dodge,gnv,manul,FWD,particular,suburbano,no,no,no,yes,si,true,false,0
Luis Rodríguez,835771320,3113946341,luis.rodríguez551@correo.com,"Calle 7 #23-93, Cali",SGP-262,1963,CDA-23519,26/06/2022,2012.0,208140,1600cc,Hyundai,GNV,Automatio,FWD,Particular,Urbano,si,no,,,1,no,no,1
María López,48074820,3049425155,maría-lópez200@hotmail.com,"Avenida 60 #75-13, Pasto",TQY 657,2675,CDA-38189,16/07/2022,2002.0,383588 km,2000,Mitsubishi,DIESEL,Automatio,,Publico,Mixto,true,si,0,no,yes,false,,1
Gloria Mendoza,557116917,3014133483,gloria-mendoza225@hotmail.com,"Calle 9 #2-95, Montería",BXK-630,260,CDA-64264,2020-09-22,2011.0,400.5k km,1600,Nissan,GAS,,awd,público,URBANO,false,false,yes,no,si,0,false,1
Darío Acosta,862179656,3024712892,darío-acosta55@correo.com,"Diagonal 48 #21-14, Pasto",MYP-899,3045,CDA-43931,2021-01-04,1998.0,789k,1500 cc,Renault,gasolina,autom,4X2,Escolar,urbano,true,1,no,false,no,yes,0,1
Claudia Vargas,51778128,3244005916,claudiavargas939@correo.com,"Transversal 40 #1-54, Villavicencio",QRV225,3019,CDA-90975,02-01-2023,2009.0,194546,1600 cc,Toyota,GSL,Mecanica,AWD,Particular,URBANO,yes,no,si,false,,0,false,1
Yolanda Cárdenas,1037073671,3162499069,yolanda-cárdenas271@correo.com,"Circular 108 #37-90, Armenia",,2881,CDA-81435,2019-02-17,2021.0,24639,2400,Honda,GSL,AUTOMATICA,4x4,Publico,Urbano,no,si,false,0,no,1,0,1
Ingrid Bermúdez,660384500,3505988752,ingridbermúdez484@correo.com,"Calle 2 #57-91, Cúcuta",TIX786,2628,CDA-62761,2023/05/08,1999.0,755856,1300,Chevrolet,Gas,manul,awd,Publico,mixto,1,yes,1,false,,,false,1
Natalia Reyes,812918289,3192239311,nataliareyes778@live.com,"Transversal 81 #43-78, Cartagena",EFL146,1770,CDA-65788,02/12/2022,2016.0,233.089 km,1500,Kia,DIESEL,Tiptronic,FWD,Escolar,Urbano,no,no,,0,,0,0,0
Patricia Mejía,574412276,3059553203,patriciamejía317@live.com,"Circular 7 #93-81, Barranquilla",ITV128,2029,CDA-80147,2022-03-11,2002.0,584593,2000,Ford,gas,Mecanica,rwd,público,suburbano,yes,false,no,true,false,0,0,1
Darío Acosta,278818801,3144374261,darío_acosta173@outlook.com,"Calle 64 #44-12, Villavicencio",RFK542,2211,CDA-54711,2022-01-04,2014.0,156219,1800,Toyota,Gasolina,Manual,4x2,Carga,Mixto,no,no,1,1,,0,no,1
Alejandro Zapata,897639811,3155286312,alejandro.zapata635@live.com,"Calle 98 #6-2, Manizales",ANJ520,2643,CDA-18543,26-02-2020,2011.0,242355,4000 cc,Volkswagen,Híbrido,MANUAL,RWD,publico,Mixto,no,si,0,no,no,0,no,1
Ernesto Pineda,447856920,3146311795,,"Circular 47 #65-91, Cali",DNM405,1357,CDA-25315,2022/02/16,2007.0,355353,3500,Honda,GASOLINA,mecánica,rwd,taxi,Suburbano,no,0,false,,0,0,false,1
Roberto Nieto,152280074,3026281433,,"Diagonal 72 #91-72, Barranquilla",STK682,1812,CDA-36398,2020-09-05,2023.0,26k,1400cc,Kia,eléctrico,semiautomatica,4X2,taxi,rural,no,,true,1,0,false,true,1
Felipe Ramos,74867536,3231630579,felipe-ramos737@yahoo.com,"Diagonal 32 #46-24, Ibagué",RYT752,1973,CDA-57255,2022-02-13,1997.0,807.819 km,2200,Toyota,Gasolina,,awd,Carga,Urbano,yes,no,yes,false,,no,,1
Guillermo Ávila,23994285,3231896115,guillermoávila734@hotmail.com,"Avenida 53 #6-26, Villavicencio",JJB336,2983,CDA-85029,06/05/2021,2011.0,396417 km,2500cc,Ford,GNV,Automatio,4X2,carga,RURAL,no,0,false,,yes,0,no,1
Sebastián Cruz,1014345114,3177547080,sebastián-cruz274@correo.com,,STZ-671,2119,CDA-45042,2019-08-31,2004.0,115649,1450,Chevrolet,Gasolina,AUTOMATICA,4X4,publico,urbano,si,yes,,,,,no,1
Darío Acosta,518018251,3213156537,daríoacosta369@outlook.com,"Transversal 79 #6-27, Manizales",GDW728,1976,CDA-50195,2020/08/22,2012.0,159020,1450,Honda,diesel,manul,4X4,PARTICULAR,mixto,1,0,true,yes,,false,si,1
Adriana Parra,419169913,3509953228,adrianaparra771@outlook.com,"Transversal 104 #45-25, Bogotá",YZM 561,457,CDA-59194,2021-08-04,2013.0,266.169 km,1200 cc,Chevrolet,GNV,cvt,rwd,Escolar,,,no,no,false,true,0,0,1
Yolanda Cárdenas,425368966,3176644759,yolanda-cárdenas501@outlook.com,"Transversal 64 #61-63, Pereira",JOB 834,463,CDA-55356,2024-03-24,1998.0,308132,1200,Kia,Gasolina,Manual,RWD,PARTICULAR,rural,1,false,no,1,true,false,1,1
Mónica Aguirre,1082802174,3053269985,mónica-aguirre490@yahoo.com,"Diagonal 120 #26-75, Medellín",BVF088,2447,CDA-59963,26/06/2020,2010.0,380k,2200,Toyota,gnv,Manual,4x4,PUBLICO,Suburbano,false,no,si,0,no,false,no,1
Viviana Suárez,842629494,3044894068,viviana.suárez258@correo.com,"Diagonal 56 #30-4, Cali",NZZ152,927,CDA-81204,2022-02-02,2022.0,41616,2400,Ford,Electrico,mecánica,fwd,Publico,suburbano,no,no,no,false,no,true,no,0
Gloria Mendoza,394791937,3134802626,gloria-mendoza198@gmail.com,"Calle 43 #77-7, Bucaramanga",OTV756,1378,CDA-91144,19-03-2020,2022.0,39359,3500,Volkswagen,Electrico,mecánica,FWD,PARTICULAR,Suburbano,false,0,,0,no,0,0,1
Gustavo Barrera,1087632867,3117690111,gustavo_barrera461@yahoo.com,"Diagonal 102 #80-88, Pereira",UIF870,3075,CDA-32630,20/11/2022,1998.0,507058,1000 cc,Volkswagen,DIESEL,tiptronic,RWD,Escolar,Mixto,no,true,0,no,yes,true,no,1
Claudia Vargas,997060465,3113468738,claudiavargas104@yahoo.com,"Circular 28 #73-11, Cúcuta",VLD328,1546,CDA-97482,2023/03/25,2009.0,256642,2200,Mitsubishi,GSL,Automatio,fwd,particular,rural,0,no,0,true,true,0,0,1
Laura García,409294118,3141291069,lauragarcía697@hotmail.com,"Diagonal 23 #20-9, Bucaramanga",BWN 333,382,CDA-87434,2020/11/03,2015.0,184.540,1800,Volkswagen,Gasolina,AUTOMATICA,4x2,Carga,Mixto,no,no,1,false,false,,si,0
Ana Gómez,256474400,3025094367,ana-gómez29@hotmail.com,"Circular 1 #82-20, Villavicencio",VAM461,3073,CDA-61269,2018/12/20,1996.0,742489,2000,Hyundai,gasolina,Mecanica,FWD,Taxi,RURAL,0,true,no,no,no,no,0,0
Xiomara Pacheco,1090235917,3169210610,xiomara_pacheco540@yahoo.com,"Carrera 35 #98-9, Cartagena",JTC 849,1293,CDA-93923,2023-03-13,2011.0,324k,950,Kia,nafta,MANUAL,RWD,publico,rural,false,si,no,1,si,si,no,1
Yolanda Cárdenas,711682907,3212665346,yolanda-cárdenas444@hotmail.com,"Calle 60 #24-93, Montería",EMY-155,1994,CDA-47843,2024-01-25,2008.0,290997,4000,Renault,Gas,CVT,4x2,particular,Urbano,no,1,no,no,no,false,0,1
Ana Gómez,678882129,3197098705,ana.gómez803@correo.com,"Avenida 95 #38-42, Pasto",HTR515,930,CDA-70534,2018/06/16,1996.0,686192,2000,Kia,Gasolina,semiautomatica,RWD,Carga,RURAL,1,si,yes,,1,true,1,1
Iván Salcedo,754513280,3106605477,ivánsalcedo397@live.com,"Carrera 104 #10-3, Manizales",JGE742,1666,CDA-25704,18/08/2020,2008.0,238353 km,3500 cc,Fiat,gasolina,MANUAL,FWD,Particular,Mixto,false,yes,0,true,,1,no,1
Omar Leal,828689770,3019503058,omar_leal420@correo.com,"Carrera 112 #95-23, Ibagué",SYA-281,1115,CDA-25402,2018/08/31,2019.0,130640,1800,Renault,Diesel,manul,awd,Escolar,mixto,0,1,yes,1,false,0,no,1
Ana Gómez,870085223,3047087067,ana_gómez504@outlook.com,"Carrera 32 #86-37, Barranquilla",LQH666,1098,CDA-95466,,1998.0,,3000 cc,Honda,gasolina,mecánica,FWD,PUBLICO,urbano,no,yes,si,true,,si,0,1
Patricia Mejía,986376167,3201060103,patricia-mejía54@outlook.com,"Carrera 96 #91-59, Bucaramanga",MNU 296,1698,CDA-30918,2024/03/23,2014.0,199169,1300,Volkswagen,gasolina,CVT,,Carga,URBANO,true,1,1,false,no,0,no,1
Claudia Vargas,753966069,3177784751,claudiavargas439@gmail.com,"Avenida 46 #3-68, Villavicencio",AVB650,663,CDA-16285,2024-08-15,1999.0,3.9k km,1700,Honda,GSL,MANUAL,AWD,publico,Mixto,1,true,,si,no,yes,,1
Fabio Arévalo,597326711,3133916715,fabioarévalo375@live.com,"Calle 67 #33-49, Neiva",KVI 780,60,CDA-40145,24/02/2021,2016.0,258.532,3500,Chevrolet,Gas,semiautomatica,RWD,Publico,suburbano,si,false,,false,si,no,0,1
Diana Herrera,616800604,3102869844,dianaherrera527@yahoo.com,"Diagonal 119 #41-20, Armenia",FJC051,1038,CDA-51883,26/06/2018,2013.0,215282,900,Kia,GSL,Tiptronic,fwd,público,Suburbano,no,0,,si,no,1,no,1
Mauricio Ruiz,750267718,3132983277,mauricioruiz817@correo.com,"Avenida 90 #17-55, Neiva",GHQ-054,2986,CDA-16419,2022-09-10,2018.0,106797,1400,Peugeot,GAS,AUTOMATICA,FWD,PUBLICO,Suburbano,no,no,false,false,no,,true,0
Patricia Mejía,,3237540904,patricia.mejía947@correo.com,"Carrera 74 #23-26, Cúcuta",KCZ 626,1233,CDA-93529,14-11-2023,2016.0,194703 km,1300,Dodge,diesel,AUTOMATICA,RWD,Publico,RURAL,no,0,no,no,0,,0,1
,707691268,3208172898,roberto.nieto526@hotmail.com,"Avenida 23 #21-78, Ibagué",QLV521,2402,CDA-95115,2020-05-13,2003.0,552k,3000,Honda,Gas Natural,MANUAL,4x2,escolar,Rural,true,true,si,false,1,no,false,1
Xiomara Pacheco,42165799,3117702733,xiomara.pacheco322@yahoo.com,"Diagonal 52 #7-14, Montería",DHR 583,1726,CDA-53827,2024/07/12,2006.0,596607,1200,Kia,,CVT,4X4,Taxi,suburbano,no,,no,false,false,1,,1
Adriana Parra,19947529,3204789932,adriana.parra572@gmail.com,"Transversal 96 #80-2, Pasto",BUI760,2593,CDA-13730,2023/06/12,2019.0,123394,1500 cc,Kia,Gas,manual,4X2,carga,suburbano,no,,0,0,,no,no,1
Ricardo Peña,449929941,3007027064,ricardo-peña393@live.com,"Diagonal 54 #58-98, Manizales",ZMB876,2516,CDA-59344,2019/07/21,1995.0,796313,2400,Suzuki,hibrido,AUTOMATICA,4X4,carga,suburbano,yes,no,true,,1,si,1,1
Natalia Reyes,959671646,3041680102,natalia_reyes272@correo.com,"Calle 15 #10-97, Cúcuta",OKV875,1117,CDA-89031,27/04/2019,2012.0,516.307 km,1400,Toyota,Gas Natural,MANUAL,AWD,escolar,Suburbano,no,1,,no,false,true,0,1
Patricia Díaz,222871694,3184262174,patricia-díaz104@outlook.com,"Diagonal 29 #31-12, Bogotá",TDH576,1621,,29-03-2021,1997.0,697937,1600,Fiat,GAS,Mecanica,4X4,Publico,urbano,true,0,no,1,1,0,,1
Xiomara Pacheco,577325852,3042855074,xiomara.pacheco914@yahoo.com,"Diagonal 23 #84-39, Medellín",RLX-579,658,CDA-51035,2021/05/22,2022.0,29782 km,1200cc,Ford,gas,mecánica,,particular,Suburbano,no,false,false,no,yes,no,0,0
Patricia Mejía,73794947,3162578261,patricia_mejía417@outlook.com,"Carrera 90 #61-36, Bogotá",KHC550,2432,CDA-15514,12/08/2019,2011.0,225582,1300,Peugeot,Gas Natural,Automática,awd,Carga,Suburbano,true,si,no,no,0,no,no,1
Jhon Morales,869769445,3165865504,jhon.morales826@live.com,"Avenida 70 #67-43, Ibagué",VYQ605,846,CDA-81913,04-12-2023,1998.0,447k,1400cc,Dodge,Híbrido,cvt,4x2,particular,Urbano,1,no,no,1,no,0,,1
Marcela Fuentes,459238218,3165032057,marcela-fuentes759@correo.com,"Diagonal 6 #67-84, Cúcuta",EPO427,543,CDA-91186,26-06-2023,2007.0,295.530,1300 cc,Renault,gasolina,manual,FWD,Particular,URBANO,false,no,0,no,0,1,no,0
Mónica Aguirre,716420329,3216075233,mónica-aguirre775@hotmail.com,"Transversal 109 #86-87, Ibagué",XEN746,2510,CDA-96964,2021-01-11,2002.0,331794,1300,Mazda,gasolina,manual,4x2,PUBLICO,urbano,true,,true,false,false,si,0,1
Marcela Fuentes,262287991,3225226546,marcela-fuentes481@hotmail.com,"Carrera 42 #86-18, Bucaramanga",NUP654,3033,CDA-22390,30/12/2018,2000.0,409.0k km,2400,Nissan,GSL,automatica,4X2,particular,urbano,no,0,true,no,1,,0,0
Andrés Torres,144519948,3213405113,andréstorres816@correo.com,"Diagonal 46 #89-87, Cúcuta",WKE461,1432,CDA-74074,2019-06-03,2001.0,715.7k km,3400,Mitsubishi,Gas,Automatio,4x4,publico,RURAL,true,false,false,no,false,true,no,1
Yolanda Cárdenas,933902633,3153437790,yolanda-cárdenas566@hotmail.com,"Circular 94 #59-99, Neiva",OES641,2111,CDA-65222,21/05/2023,2019.0,104595,4000 cc,Kia,Gas Natural,Automatio,4X2,público,URBANO,1,0,no,1,no,,0,1
Laura García,661248914,3142251548,laura.garcía368@correo.com,"Circular 74 #8-32, Villavicencio",UJN607,2252,CDA-23327,2019-04-30,1998.0,566805,1800 cc,Kia,GSL,mecánica,4x4,Particular,,si,yes,no,false,false,yes,1,1
Jhon Morales,462681642,3055636791,jhon-morales382@yahoo.com,"Transversal 6 #40-31, Bogotá",TPV804,2507,CDA-89183,2023/09/01,1999.0,1177955,1300,Toyota,,MANUAL,RWD,público,Urbano,no,no,0,no,no,true,no,0
Mauricio Ruiz,541711464,3501985723,mauricio-ruiz989@outlook.com,"Carrera 105 #13-57, Cali",SAW833,2875,CDA-48183,15-03-2018,2003.0,520108,3000 cc,Peugeot,GSL,cvt,FWD,publico,URBANO,0,no,yes,si,no,,false,1
Claudia Vargas,362923035,3204834923,claudia.vargas758@gmail.com,"Transversal 92 #15-92, Medellín",HHT-121,2658,CDA-50584,2019/04/30,2009.0,285091,3550,Volkswagen,gas,Tiptronic,4x4,Particular,Suburbano,1,no,no,no,0,true,no,1
Patricia Díaz,416414849,3041850036,patriciadíaz478@hotmail.com,"Avenida 100 #16-84, Manizales",ITZ994,2400,CDA-90409,24/08/2023,2012.0,306k,1200,Renault,Diesel,cvt,rwd,taxi,Suburbano,no,no,true,no,si,0,,1
Roberto Nieto,1019204169,3157261231,roberto.nieto414@gmail.com,"Transversal 113 #61-87, Villavicencio",DND922,1651,CDA-90872,16-10-2018,1996.0,821.722,1100cc,Ford,GSL,Manual,AWD,público,suburbano,no,true,si,true,true,0,no,1
Luis Rodríguez,718940399,3198859009,luisrodríguez767@yahoo.com,"Circular 49 #2-77, Cartagena",DZX197,2222,CDA-11967,01-09-2020,2019.0,100.7k km,1950,Ford,Diesel,autom,fwd,publico,URBANO,1,,0,yes,0,0,false,1
Felipe Ramos,147507733,3118936413,felipe.ramos645@yahoo.com,"Carrera 119 #99-80, Pasto",AJZ340,1865,CDA-67648,15/06/2022,2021.0,104347,1450,Mazda,,manual,AWD,carga,mixto,yes,no,0,true,no,,no,1
Ingrid Bermúdez,625484962,3504447204,ingrid-bermúdez531@gmail.com,"Avenida 119 #13-77, Cartagena",TCE129,2529,CDA-89719,2024/05/18,2023.0,40k,3500,Honda,,manual,4x2,PUBLICO,URBANO,no,no,no,no,false,no,false,0
Catalina Ortiz,189474919,3002014351,catalina.ortiz418@hotmail.com,"Circular 70 #54-94, Villavicencio",SYZ450,1259,CDA-59589,30/03/2018,1999.0,492k,3000cc,Kia,,Automática,rwd,público,urbano,1,0,1,yes,yes,no,true,1
Adriana Parra,109686554,3508395473,adriana.parra950@live.com,"Circular 98 #46-52, Cúcuta",NEM687,3179,CDA-19774,2022-01-19,2009.0,484k,3500,Suzuki,gas,tiptronic,4X2,Publico,urbano,false,no,si,1,false,1,no,1
Ingrid Bermúdez,412927854,3217589369,ingrid_bermúdez534@gmail.com,"Carrera 36 #59-10, Manizales",KFW 677,851,CDA-33902,2020-12-12,2008.0,325.223,,Honda,gasolina,tiptronic,4x2,Carga,urbano,no,no,false,0,0,no,0,0
Luis Rodríguez,849892212,3111193203,luis.rodríguez15@hotmail.com,"Diagonal 96 #97-47, Neiva",OQQ 065,1568,CDA-52464,07/09/2022,2015.0,259825,1300,Suzuki,hibrido,Manual,,público,RURAL,no,yes,false,true,true,0,no,1
Xiomara Pacheco,854214185,3249378577,xiomara-pacheco982@live.com,"Diagonal 107 #14-91, Montería",MBH701,2657,CDA-15621,17/12/2024,2017.0,117k,1600 cc,Honda,gnv,Mecanica,RWD,Publico,mixto,no,no,,no,false,,0,0
Adriana Parra,430425706,3199379402,adriana.parra967@yahoo.com,"Avenida 6 #58-36, Montería",IHT 531,2045,CDA-97839,2018-11-06,2001.0,433132,1100 cc,chevrolet,GASOLINA,AUTOMATICA,4X4,Publico,suburbano,0,yes,,si,si,1,,1
Felipe Ramos,35306577,3004854629,felipe.ramos687@correo.com,"Circular 28 #47-32, Bogotá",IRN706,2346,CDA-15789,30-09-2019,2017.0,139560,1200,Peugeot,Gas Natural,semiautomatica,AWD,PARTICULAR,Rural,1,no,,si,no,0,false,1
Catalina Ortiz,803823715,3145286691,catalina.ortiz994@outlook.com,"Transversal 91 #32-70, Armenia",CWF 173,2892,CDA-87288,2022-03-15,2013.0,99228,3500cc,Fiat,hibrido,CVT,RWD,PUBLICO,suburbano,yes,false,si,false,,,0,1
Sandra Castro,346993881,3028018172,sandra_castro830@yahoo.com,,ZGR058,2997,CDA-79501,2020-04-12,2016.0,215k,3000,Suzuki,Híbrido,MANUAL,AWD,escolar,suburbano,1,false,false,false,no,false,no,1
Lina Santana,739337124,3192376925,lina-santana553@hotmail.com,"Carrera 98 #47-25, Armenia",TJX-803,1584,CDA-69532,2019/12/10,1998.0,226042,1300,Peugeot,Diesel,automatica,4x4,taxi,suburbano,false,1,no,1,true,,0,1
Sebastián Cruz,317612881,3214500943,sebastián.cruz725@live.com,"Avenida 91 #56-13, Ibagué",EUV298,3002,CDA-31074,07-03-2024,2000.0,445k,2000,Nissan,,Automatio,RWD,TAXI,Mixto,si,no,false,,1,true,false,0
Ricardo Peña,469773015,3102691311,ricardo_peña674@live.com,"Avenida 31 #71-71, Cali",EQS258,238,CDA-50378,2019/05/16,1999.0,659960,1800,Ford,Híbrido,autom,AWD,carga,suburbano,yes,no,si,no,si,no,no,1
Ingrid Bermúdez,958092053,3144666537,ingridbermúdez400@gmail.com,"Transversal 96 #26-24, Montería",RND-756,1033,CDA-57988,26/07/2022,2006.0,302337,2500,Dodge,diesel,Manual,4X4,Particular,Urbano,1,0,0,0,no,true,no,1
Sandra Castro,536248026,3148930803,sandracastro724@hotmail.com,"Carrera 73 #35-49, Pereira",MKR 615,1221,CDA-63543,31/03/2018,1998.0,418.418,1100,Hyundai,,manual,4x2,público,urbano,no,true,si,no,si,no,false,1
Jhon Morales,937455235,3148251778,jhonmorales694@gmail.com,"Avenida 41 #78-71, Cartagena",LZK465,2410,CDA-71553,30/09/2024,2021.0,49164,1100,Kia,gasolina,semiautomatica,4X2,TAXI,URBANO,0,no,0,true,no,no,false,0
,1044185912,3126187962,diana.herrera542@hotmail.com,"Diagonal 110 #90-64, Pereira",JWK306,2261,CDA-36264,09/09/2022,1997.0,763439,1500,Mitsubishi,,CVT,AWD,taxi,Rural,yes,1,true,,true,1,false,1
Yolanda Cárdenas,920700425,3224204180,yolanda-cárdenas956@correo.com,"Carrera 57 #47-68, Barranquilla",,164,CDA-22334,2020-11-05,2010.0,263828,1800,Honda,GNV,manual,4x2,PUBLICO,rural,yes,false,no,false,no,0,false,1
Esperanza Vega,530796165,3016680149,esperanzavega224@live.com,"Transversal 78 #50-48, Barranquilla",FXN259,2672,CDA-34007,30-01-2022,2012.0,211.4k km,2500 cc,Nissan,Gas Natural,semiautomatica,4X4,particular,mixto,0,no,no,false,no,no,false,0
Gustavo Barrera,192648602,3019096480,gustavo-barrera200@yahoo.com,"Transversal 41 #87-13, Bogotá",,253,CDA-12215,14/07/2022,0.0,0,2200,Volkswagen,Híbrido,manual,FWD,Publico,URBANO,no,yes,0,no,0,no,no,0
Carlos Martínez,30861735,3507377190,carlosmartínez809@yahoo.com,"Carrera 33 #51-45, Pasto",NCB 293,2114,CDA-94484,28-05-2018,2020.0,69k,3400,Suzuki,gnv,mecánica,4X4,público,URBANO,false,false,0,no,0,0,no,0
Adriana Parra,19947529,3204789932,adriana.parra572@gmail.com,"Transversal 96 #80-2, Pasto",BUI760,2593,CDA-13730,2023/06/12,2019.0,123394,1500 cc,Kia,Gas,manual,4X2,carga,suburbano,no,,0,0,,no,no,1
Omar Leal,1086383966,3026120935,omar.leal186@live.com,"Circular 119 #23-77, Manizales",TRE356,931,CDA-83291,02-11-2018,2009.0,312.540,1600,Volkswagen,eléctrico,tiptronic,4x4,carga,URBANO,,false,no,true,si,si,no,1
Roberto Nieto,233895882,3111785968,robertonieto524@yahoo.com,"Diagonal 43 #59-21, Bogotá",SQU109,1392,CDA-47137,12-09-2019,2015.0,179254,2500,Hyundai,Gas,Automática,4X2,escolar,rural,no,no,0,0,yes,0,0,1
Lina Santana,417421359,3244212054,lina.santana960@gmail.com,"Calle 97 #59-56, Manizales",MSQ048,2999,CDA-60842,15-07-2018,2009.0,412594,1800 cc,Renault,Gasolina,semiautomatica,4X4,PUBLICO,rural,si,no,true,no,0,1,0,1
Patricia Mejía,30162026,3164469861,patriciamejía50@correo.com,"Transversal 86 #49-87, Neiva",TDP975,1427,CDA-79398,25-06-2023,2023.0,40421 km,,Nissan,GASOLINA,semiautomatica,awd,PUBLICO,Suburbano,no,0,,1,false,0,,0
Sandra Castro,741777817,3191439096,sandra-castro340@yahoo.com,"Carrera 98 #30-75, Cartagena",JHH729,2683,CDA-80032,05/12/2021,2021.0,67587 km,4000 cc,Renault,diesel,autom,fwd,público,urbano,0,false,false,,no,no,0,0
Ana Gómez,962478803,3011027886,ana-gómez106@yahoo.com,"Circular 4 #88-2, Pereira",SZM 725,1124,CDA-26210,2022-12-31,2021.0,49282,4000,Honda,Gas Natural,manul,4x2,público,rural,no,no,0,no,false,no,false,1
Darío Acosta,790442707,3239762181,daríoacosta388@hotmail.com,"Avenida 51 #77-94, Medellín",RBD-170,2271,CDA-32664,2019/07/03,2014.0,165.6k km,1600,Peugeot,hibrido,Manual,4x2,PARTICULAR,RURAL,1,0,0,no,,0,false,1
Roberto Nieto,1019967295,3502978950,robertonieto807@gmail.com,"Avenida 11 #83-67, Medellín",POV445,1656,CDA-24116,09-07-2019,2003.0,260.911 km,3500,Volkswagen,Electrico,autom,4x2,Carga,urbano,false,si,1,si,1,no,false,1
Ernesto Pineda,469771432,3205625861,ernestopineda526@outlook.com,"Avenida 21 #60-43, Bucaramanga",MTW559,2635,CDA-43992,15/07/2021,1995.0,1094k,1600 cc,Renault,gasolina,manual,4X4,Carga,URBANO,1,no,yes,false,no,,si,1
Marcela Fuentes,147870535,3185790249,marcela-fuentes603@hotmail.com,"Calle 119 #19-73, Montería",LYT959,1972,CDA-11401,2018/01/06,2006.0,53k,2400,Renault,gasolina,manual,RWD,Carga,mixto,yes,0,0,no,no,no,false,1
Andrés Torres,273200785,3237401253,andrés_torres641@outlook.com,"Carrera 24 #29-71, Pasto",ZEN 022,678,CDA-76231,17-06-2023,2020.0,152.568 km,1300,Nissan,GSL,Manual,fwd,publico,urbano,no,no,no,0,no,0,0,1
Sebastián Cruz,927683266,3127336604,sebastián-cruz29@hotmail.com,"Carrera 87 #54-90, Bucaramanga",GPU581,2046,CDA-63778,17/06/2021,2021.0,100223,1400,Honda,hibrido,Automática,awd,PUBLICO,Mixto,0,false,,,no,,,0
Mauricio Ruiz,669980694,3207231097,mauricioruiz633@outlook.com,"Diagonal 104 #89-8, Pasto",DVA163,1118,CDA-38643,08-07-2020,2024.0,0 km,1600,Mazda,gas,manual,AWD,PUBLICO,suburbano,,false,yes,no,no,0,no,1
Jhon Morales,456726291,3008996802,jhon-morales598@live.com,"Circular 38 #88-46, Bucaramanga",DZP 274,1238,CDA-22740,2022-12-08,2008.0,333.569,4000,Suzuki,diesel,Tiptronic,4x4,Publico,RURAL,false,no,,si,false,false,0,0
Roberto Nieto,1053045435,3174509466,roberto.nieto748@outlook.com,"Diagonal 30 #27-74, Medellín",YNT293,1537,CDA-95051,17/11/2022,2005.0,548k,2500 cc,Volkswagen,gnv,Manual,4x2,carga,Rural,,no,1,true,no,no,no,1
Esperanza Vega,268294889,3175909282,esperanzavega979@gmail.com,"Diagonal 37 #7-63, Cartagena",GVT426,244,CDA-47893,2019/04/12,2024.0,248k,1400,Renault,GSL,Manual,4x2,público,Urbano,0,false,0,false,false,no,no,0
Carlos Martínez,746333094,3056373857,carlos.martínez315@live.com,"Circular 21 #46-22, Pereira",IOW-772,1106,CDA-18488,2020-03-07,2019.0,86.0k km,2500,Fiat,nafta,AUTOMATICA,4X2,carga,Mixto,no,0,false,0,no,no,no,1
Héctor Montoya,832552111,3502207609,héctor.montoya676@correo.com,"Diagonal 40 #89-86, Villavicencio",BAA152,1722,CDA-79397,26/09/2021,1999.0,576k,2000,Nissan,Diesel,manul,FWD,TAXI,suburbano,false,si,1,1,si,0,1,1
Laura García,224435161,3018785567,laura_garcía65@yahoo.com,"Carrera 37 #81-28, Pereira",XPB268,1076,CDA-46291,06/08/2022,2005.0,404.639 km,2000,Toyota,GSL,Manual,,TAXI,RURAL,false,si,0,1,false,1,no,1
María López,500997366,3051992533,maría_lópez286@outlook.com,"Circular 28 #94-17, Neiva",NCK936,262,CDA-26584,23/02/2018,2019.0,122.767,4000 cc,Peugeot,DIESEL,tiptronic,4x4,PUBLICO,Rural,0,no,no,false,no,no,,1
Patricia Mejía,,3237540904,patricia.mejía947@correo.com,"Carrera 74 #23-26, Cúcuta",KCZ 626,1233,CDA-93529,14-11-2023,2016.0,194703 km,1300,Dodge,diesel,AUTOMATICA,RWD,Publico,RURAL,no,0,no,no,0,,0,1
Jhon Morales,71945276,3059129457,jhonmorales229@yahoo.com,"Carrera 69 #40-56, Armenia",KTQ984,835,CDA-31866,02/07/2020,2022.0,49479,1400,Renault,Híbrido,Manual,awd,publico,Rural,0,false,no,0,si,0,no,0
Alejandro Zapata,236168701,3174104890,alejandrozapata966@yahoo.com,"Transversal 71 #86-88, Ibagué",XDR-302,2548,CDA-21564,25-04-2020,2020.0,83056,1400,Renault,DIESEL,manual,FWD,PUBLICO,Mixto,no,0,no,no,no,no,no,1
Mauricio Ruiz,131574011,3002102152,mauricio-ruiz665@outlook.com,"Avenida 94 #53-23, Bogotá",SVV490,1363,CDA-93935,22-08-2018,2004.0,310762,1500,Chevrolet,Gasolina,CVT,4x4,Particular,Mixto,0,false,no,false,false,1,no,0
Ernesto Pineda,1047368449,3015110290,ernesto.pineda16@hotmail.com,"Transversal 64 #66-78, Villavicencio",DYW681,1731,CDA-80449,03/01/2023,1998.0,606.424,2500cc,Nissan,gas,MANUAL,FWD,escolar,mixto,1,0,no,,0,0,,0
Ricardo Peña,851520537,3149142696,ricardo_peña523@yahoo.com,"Calle 108 #79-3, Bogotá",HUC006,1104,CDA-66460,04-07-2018,2006.0,,4050,Suzuki,gas,Manual,4x4,Escolar,RURAL,0,si,0,no,1,no,no,1
María López,960730607,3003906864,maríalópez440@hotmail.com,"Circular 7 #94-75, Pereira",TQM982,341,CDA-57254,17/04/2023,2007.0,192.100,2500,Kia,GSL,autom,4X2,PARTICULAR,Urbano,1,true,no,si,0,true,false,1
Héctor Montoya,1074083458,3126025618,héctormontoya203@live.com,"Diagonal 35 #77-25, Armenia",TJF-804,1757,CDA-80434,2021-10-21,2022.0,47938,1600cc,Chevrolet,gas,MANUAL,RWD,escolar,rural,true,no,no,no,no,false,false,0
Marcela Fuentes,301354592,3154629521,marcela_fuentes743@hotmail.com,"Transversal 58 #98-79, Ibagué",GWJ432,749,CDA-25634,2023-07-26,2023.0,20413 km,,Hyundai,DIESEL,MANUAL,4x2,Publico,Urbano,,false,0,false,no,no,no,1
Yolanda Cárdenas,466352917,3152086501,yolandacárdenas277@outlook.com,,MNW-114,1299,CDA-10442,23/09/2019,2002.0,2745,1200,Chevrolet,Gas,manul,rwd,público,urbano,false,1,no,,true,false,0,0
Adriana Parra,250665411,3103504777,,"Calle 27 #48-52, Barranquilla",SOT425,481,CDA-15883,2022-01-01,2000.0,576974 km,2500,Honda,hibrido,mecánica,RWD,taxi,Urbano,no,yes,yes,si,true,no,yes,1
Mónica Aguirre,,3208146984,mónica_aguirre10@hotmail.com,"Carrera 105 #89-42, Montería",ZLY315,1179,CDA-27862,2018/10/02,1995.0,509981,2000,Suzuki,Gas Natural,mecánica,4x2,Taxi,Urbano,,yes,true,si,no,1,0,1
Héctor Montoya,838631510,3056999591,héctor.montoya957@live.com,"Carrera 104 #71-4, Ibagué",YMN640,3112,CDA-50986,2020-10-25,2024.0,,3500cc,Peugeot,Gas,manual,awd,PARTICULAR,Mixto,false,no,no,no,no,false,0,0
Patricia Díaz,180178601,3148139033,patricia_díaz681@hotmail.com,"Diagonal 70 #28-95, Medellín",OYI661,1507,CDA-58434,18-08-2021,2018.0,108802,1300cc,Peugeot,gas,Mecanica,FWD,Particular,URBANO,,1,0,false,1,0,0,0
Omar Leal,847494360,3223012997,omar.leal224@outlook.com,"Calle 98 #96-1, Pasto",OXV045,784,CDA-40828,23-11-2021,2008.0,473270,1100 cc,Honda,Gas,semiautomatica,awd,publico,Rural,si,1,,0,false,0,no,1
Sebastián Cruz,685591359,3507593166,sebastián-cruz64@hotmail.com,"Transversal 73 #81-72, Cali",TRO-384,2828,CDA-33895,14/05/2020,2019.0,122k,1000,Mitsubishi,GASOLINA,manual,awd,publico,mixto,,no,false,false,0,0,,0
Sandra Castro,1070662207,3184169875,sandra-castro923@outlook.com,"Avenida 81 #50-95, Ibagué",LXL677,2167,CDA-98065,20-07-2024,2010.0,264859,1400,Fiat,DIESEL,cvt,RWD,publico,RURAL,no,no,no,no,si,si,no,1
Laura García,618210055,,laura-garcía247@live.com,"Diagonal 60 #61-74, Cúcuta",NPI163,2651,CDA-56265,2023-12-11,2004.0,218301,1600,Ford,Electrico,mecánica,FWD,Particular,rural,no,true,false,,false,1,0,1
Darío Acosta,636087931,3052904966,darío_acosta284@hotmail.com,"Avenida 4 #8-56, Cali",QSH-595,1478,CDA-74282,21-08-2018,2005.0,534.783,1100,Honda,gasolina,CVT,4X4,publico,urbano,si,no,no,false,no,yes,yes,1
Luis Rodríguez,650878842,3184382457,luis-rodríguez80@correo.com,"Diagonal 98 #92-93, Pasto",JEO152,1163,CDA-88629,2022-09-07,2018.0,87469,3500,Renault,nafta,MANUAL,4X4,Escolar,RURAL,no,0,no,si,no,no,0,1
Héctor Montoya,985279778,3132258723,héctormontoya377@outlook.com,"Carrera 116 #44-56, Cartagena",HCE347,1544,CDA-19576,2021/07/06,2024.0,,2000 cc,Peugeot,Gas Natural,automatica,awd,particular,Mixto,no,no,1,0,no,no,0,0
Gloria Mendoza,974073521,3041728052,gloria.mendoza5@correo.com,"Transversal 97 #61-38, Cartagena",MOV297,2180,CDA-22278,2022-08-31,2018.0,150305,1100,Toyota,gasolina,mecánica,4x4,Carga,Rural,0,0,1,yes,no,si,no,1
Patricia Díaz,830113507,3245792932,patricia-díaz668@correo.com,"Diagonal 111 #68-95, Montería",TWQ154,2335,CDA-10726,02/04/2022,2020.0,126.711,1600,Peugeot,GAS,cvt,4x4,Carga,urbano,no,,no,no,no,0,no,0
Camilo Rojas,385896824,3172766056,camilo.rojas435@yahoo.com,"Carrera 82 #61-26, Bogotá",AAE-570,1229,CDA-43991,2021-02-25,2019.0,161145,3500,Volkswagen,Gasolina,cvt,FWD,TAXI,RURAL,no,0,no,0,no,no,no,0
Felipe Ramos,576561560,3125792755,felipe_ramos380@outlook.com,"Calle 72 #14-64, Cartagena",RHF 247,1377,CDA-85814,15-02-2021,2008.0,319711,1200 cc,Peugeot,Electrico,manual,FWD,Publico,RURAL,false,yes,no,true,0,no,si,1
Guillermo Ávila,333015446,3005283613,guillermo.ávila909@hotmail.com,"Transversal 26 #97-54, Cali",LNK246,627,CDA-72868,2019/06/17,2013.0,193357,3000,Mazda,GASOLINA,automatica,fwd,PUBLICO,Rural,si,0,no,false,no,yes,true,1
Andrés Torres,654464002,3146526890,andrés.torres628@yahoo.com,"Carrera 101 #98-66, Montería",YGM447,348,CDA-32975,20/09/2023,1998.0,375544 km,4000,Mitsubishi,,tiptronic,4X2,Publico,RURAL,true,no,no,yes,true,0,no,1
Laura García,114313616,3219817298,laura-garcía514@hotmail.com,"Diagonal 13 #58-98, Manizales",ISF-735,2108,CDA-94119,19-07-2019,2006.0,536182,1600,Ford,DIESEL,autom,4x2,TAXI,Mixto,yes,false,false,no,true,no,no,1
Patricia Díaz,738272959,3029246742,patricia-díaz583@outlook.com,"Diagonal 92 #18-73, Medellín",YXN214,1484,CDA-70508,2023/09/16,2007.0,374046 km,,Renault,Gas,automatica,4x4,Escolar,urbano,yes,true,true,false,0,no,1,1
Ana Gómez,273747207,3104167806,ana.gómez702@outlook.com,"Carrera 7 #70-92, Ibagué",RRK 800,980,CDA-22353,2018-07-24,2024.0,0,1600,Kia,hibrido,automatica,4X4,Taxi,Urbano,no,0,no,no,,no,no,1
Andrés Torres,800422125,3242335532,andrés.torres895@hotmail.com,,TCE353,2840,CDA-75588,2022-05-07,2009.0,357107,1500,Honda,GNV,Automatio,,escolar,RURAL,si,0,0,false,no,false,no,1
Fabio Arévalo,495857489,3164169987,fabio-arévalo324@live.com,"Circular 41 #91-51, Villavicencio",FVA013,1335,CDA-73806,07-08-2022,2000.0,,4000,Chevrolet,gasolina,manual,4x2,Carga,Urbano,no,yes,1,,no,true,0,1
Marcela Fuentes,518076695,3506621279,marcelafuentes895@yahoo.com,"Transversal 106 #53-95, Barranquilla",,912,CDA-52044,2021-10-29,2013.0,293.079,1800,Renault,diesel,Tiptronic,rwd,carga,mixto,0,false,no,true,0,0,false,0
Laura García,579463457,3241854613,laura_garcía865@outlook.com,"Transversal 113 #65-87, Montería",,2064,CDA-61451,2019-08-26,2018.0,145355,2450,Suzuki,Gasolina,manual,,Carga,rural,false,1,1,false,no,true,no,1
Claudia Vargas,954122276,3217898158,claudia-vargas815@hotmail.com,"Diagonal 27 #69-16, Barranquilla",FTK385,633,CDA-62743,2021/02/07,2023.0,14288,1400,Honda,Electrico,autom,4x4,Particular,Suburbano,no,no,no,no,no,no,no,0
Gloria Mendoza,280744676,3008230386,gloria-mendoza116@yahoo.com,"Circular 106 #85-90, Medellín",ZBG625,1781,CDA-23810,22-03-2022,2008.0,231.241,2500,Peugeot,nafta,Automática,4x4,carga,Suburbano,no,yes,false,no,false,true,si,1
Diana Herrera,1024370573,3026731958,diana-herrera905@correo.com,"Calle 107 #68-60, Bogotá",NPB707,446,CDA-25631,02-07-2022,2019.0,150112,1150,Fiat,Electrico,Automatio,AWD,TAXI,rural,no,no,no,no,no,no,,1
Ana Gómez,449584050,3164836787,ana-gómez372@gmail.com,"Diagonal 91 #24-54, Cali",BIV294,618,CDA-97233,2021-10-16,2001.0,700194,,Renault,Gasolina,mecánica,4x2,Escolar,mixto,0,1,no,si,yes,no,,1
José Hernández,297004608,3241493496,joséhernández83@yahoo.com,"Transversal 116 #85-40, Pasto",KLU173,1491,CDA-90446,16/06/2021,2015.0,,1400cc,Volkswagen,Gas,cvt,,TAXI,urbano,no,no,no,no,0,false,false,0
Gloria Mendoza,130748282,3213079412,gloria.mendoza566@yahoo.com,"Calle 84 #47-88, Bogotá",SZI950,1303,CDA-42040,2020-11-11,1995.0,686.946,3000,Suzuki,diesel,tiptronic,awd,taxi,Suburbano,true,,no,true,false,yes,0,1
Ingrid Bermúdez,568040157,3022947017,ingrid-bermúdez241@outlook.com,"Diagonal 99 #73-92, Pasto",LUD114,1573,CDA-88451,2020-10-01,2021.0,81.605 km,1000,Mitsubishi,eléctrico,cvt,awd,escolar,mixto,no,false,false,si,no,no,0,0
Patricia Mejía,561442215,3226158674,patriciamejía164@hotmail.com,"Carrera 80 #50-64, Cartagena",GWC928,1379,CDA-18957,07-05-2021,1997.0,210.661,1500,Mazda,hibrido,MANUAL,AWD,Escolar,rural,si,no,si,si,yes,yes,no,1
Sandra Castro,432813010,3144494391,sandra_castro29@correo.com,"Diagonal 59 #71-61, Bucaramanga",OSQ182,2803,CDA-29028,28/02/2020,2007.0,469599,1400,Renault,gasolina,Manual,fwd,escolar,URBANO,yes,0,no,yes,no,no,yes,0
Ana Gómez,483595366,3219270649,ana-gómez325@outlook.com,"Transversal 105 #61-45, Neiva",KGY697,1150,CDA-28021,2019-06-19,2000.0,447546,3450,Fiat,GSL,autom,4x4,Carga,urbano,,1,no,no,,no,no,1
Héctor Montoya,762364207,3057777632,héctor_montoya427@live.com,"Transversal 32 #29-75, Cartagena",FCK 035,1526,CDA-91675,27-08-2023,2009.0,497k,1100,Hyundai,gasolina,manual,RWD,taxi,mixto,si,false,true,si,no,0,si,1
Gustavo Barrera,246753715,3161073322,gustavo-barrera300@outlook.com,"Circular 120 #90-86, Pasto",HIM581,354,CDA-95909,10/04/2018,2017.0,286k,1400,Hyundai,diesel,mecánica,4X4,PUBLICO,urbano,no,no,0,no,no,no,no,0
Patricia Mejía,187586142,3197262524,patricia.mejía87@yahoo.com,"Carrera 82 #58-96, Bogotá",FHC929,614,CDA-59771,2024/02/10,2014.0,165.588,1700,chevrolet,gas,autom,4x4,público,Urbano,false,no,no,,false,no,false,0
Mónica Aguirre,855946995,3108149015,mónicaaguirre803@yahoo.com,"Transversal 98 #38-43, Cali",VZU457,1139,CDA-24978,2021/06/15,1997.0,477.584,3500,Honda,DIESEL,AUTOMATICA,,particular,Mixto,,yes,no,1,yes,no,no,1
Ana Gómez,766118229,3246816970,ana-gómez951@gmail.com,"Diagonal 41 #10-90, Cartagena",RDF455,1833,CDA-54670,08-12-2019,2006.0,578k,1400cc,Ford,gasolina,cvt,RWD,PUBLICO,,,no,0,si,no,no,false,1
Natalia Reyes,497613388,3154218648,nataliareyes596@hotmail.com,"Calle 117 #99-3, Armenia",IOD031,2091,CDA-20556,2022/02/02,2004.0,549.0k km,1400,Hyundai,Gas,Tiptronic,4X4,Taxi,mixto,false,true,no,no,no,true,no,1
Sandra Castro,849650139,3225948917,sandra-castro306@correo.com,"Circular 83 #48-2, Cúcuta",DBO350,58,CDA-55069,01/10/2023,2003.0,476299,1300,Peugeot,gnv,tiptronic,4X2,taxi,urbano,yes,1,0,0,false,1,no,1
Sandra Castro,206644543,3169095464,sandra-castro789@hotmail.com,,IEO 509,2847,CDA-18455,2023-02-14,2014.0,205k,4000cc,Kia,Híbrido,Manual,awd,Carga,suburbano,false,no,false,false,0,0,si,0
Andrés Torres,770803326,3153902737,andrés_torres347@live.com,,TJR270,2515,CDA-14472,2019-08-08,2021.0,43.306 km,4000 cc,Mazda,Diesel,automatica,4x2,PARTICULAR,Urbano,yes,0,no,,no,,false,1
Laura García,722002419,3185332788,laura_garcía350@gmail.com,"Avenida 72 #62-9, Cali",FCN732,2414,CDA-63472,07/11/2020,2023.0,18118,1500,Ford,nafta,Automatio,FWD,Escolar,Suburbano,no,,no,,no,no,0,0
Patricia Mejía,939757317,3162409775,patriciamejía322@hotmail.com,"Calle 93 #13-98, Cúcuta",XIY301,2756,CDA-68511,05/03/2023,0.0,0 km,1100,Hyundai,Gas Natural,,FWD,Taxi,Urbano,no,0,false,yes,0,no,no,0
Sandra Castro,88872380,3205357541,sandra_castro494@live.com,"Circular 29 #67-70, Pasto",NYO 765,2072,CDA-61640,2022/12/25,2020.0,82250,1300,Suzuki,gas,Automatio,fwd,particular,urbano,yes,no,no,0,1,0,false,1
Camilo Rojas,42408654,3174629615,camilo-rojas698@correo.com,"Transversal 108 #73-80, Pereira",JGV 539,1989,CDA-44766,,2003.0,285k,1200,Toyota,hibrido,tiptronic,4X4,Escolar,RURAL,,0,si,1,true,si,no,1
Xiomara Pacheco,619436105,3144279579,xiomara_pacheco549@gmail.com,"Carrera 30 #63-43, Pereira",RGL847,1826,CDA-86865,2024-10-07,2010.0,237842,,Ford,GNV,Manual,4x4,Particular,Rural,0,true,,,1,no,no,1
Darío Acosta,122091572,3135522831,darío_acosta784@gmail.com,"Circular 94 #31-34, Cúcuta",LLY635,3101,CDA-72488,14/06/2021,1998.0,512.155 km,2000,Chevrolet,GSL,MANUAL,awd,público,Urbano,si,true,yes,,true,yes,1,1
Marcela Fuentes,615057211,3233169556,marcela_fuentes177@live.com,"Circular 87 #31-1, Pereira",OSW-501,781,CDA-10565,09/10/2023,2024.0,0k,1500,Kia,DIESEL,AUTOMATICA,4X4,Particular,Suburbano,false,0,0,false,yes,false,no,0
Darío Acosta,246054471,3043969622,daríoacosta794@gmail.com,"Carrera 96 #35-24, Manizales",RAS609,3090,CDA-70711,18-10-2023,2009.0,234692,1400,Ford,GSL,tiptronic,FWD,PARTICULAR,mixto,0,0,no,false,false,false,false,1
Guillermo Ávila,166138961,3242365387,guillermoávila341@yahoo.com,"Circular 69 #29-17, Pasto",PQA053,561,CDA-40161,04-03-2024,2015.0,244559,2200,Dodge,GNV,semiautomatica,4x4,carga,RURAL,false,no,,false,no,no,si,1
Ana Gómez,239224832,3161945320,ana.gómez54@yahoo.com,"Calle 97 #19-60, Cartagena",DWF334,708,CDA-12535,11-08-2022,2010.0,320.552 km,4050,Dodge,GNV,MANUAL,rwd,particular,URBANO,no,0,no,true,no,0,no,1
Viviana Suárez,170586078,3156898977,,"Transversal 78 #15-40, Ibagué",NKO 845,1135,CDA-76118,2022-10-11,2004.0,,1600cc,Suzuki,GNV,Manual,fwd,particular,Suburbano,false,false,false,yes,false,si,false,0
Mauricio Ruiz,720848341,3148557973,mauricio.ruiz193@hotmail.com,"Carrera 35 #62-63, Medellín",UIA233,425,CDA-15492,2019-09-02,2016.0,143k,1300,Kia,Diesel,AUTOMATICA,FWD,Particular,Urbano,si,false,no,false,0,no,no,1
Ingrid Bermúdez,715002973,3047037629,ingridbermúdez329@yahoo.com,"Circular 70 #20-62, Barranquilla",EGL826,1094,CDA-51969,2021-04-01,,304675,,Hyundai,gnv,mecánica,rwd,publico,suburbano,no,no,no,0,1,si,0,0
Héctor Montoya,104728659,3108061332,héctormontoya355@correo.com,"Calle 114 #64-85, Cali",VOR 380,648,CDA-37567,2021/08/11,2003.0,516.448,1200,Renault,GSL,Tiptronic,rwd,escolar,suburbano,false,,si,1,0,0,true,1
Iván Salcedo,73277524,3134784649,ivánsalcedo673@hotmail.com,"Diagonal 67 #87-79, Armenia",FGD993,73,CDA-28163,08/04/2020,2007.0,420432,1200,Mazda,Electrico,Mecanica,rwd,taxi,urbano,si,0,,yes,true,true,false,1
Ricardo Peña,409050696,3228200469,ricardo.peña346@outlook.com,"Carrera 113 #40-66, Ibagué",VTR827,2415,CDA-70542,2023-10-01,1998.0,848443,1100,Renault,GSL,MANUAL,FWD,,suburbano,no,false,true,si,0,,yes,1
Roberto Nieto,112667727,3129865813,robertonieto945@yahoo.com,"Calle 97 #24-66, Cúcuta",MEF972,1296,CDA-21575,31/03/2019,2005.0,460.908 km,1300cc,Toyota,gnv,semiautomatica,RWD,publico,suburbano,false,no,false,si,no,no,yes,1
Andrés Torres,782802765,3134308326,andréstorres481@live.com,"Circular 57 #65-25, Cartagena",DEX367,2607,CDA-65083,09-06-2018,,450.2k km,3500,Ford,eléctrico,Automatio,RWD,Carga,Rural,no,si,yes,si,yes,si,,1
Marcela Fuentes,329990929,3503126448,marcela.fuentes297@hotmail.com,"Transversal 89 #71-6, Cúcuta",EIG405,1006,CDA-53143,2022-11-19,2001.0,642876,1100,Ford,gasolina,MANUAL,4x4,escolar,urbano,false,no,false,no,false,0,no,1
Yolanda Cárdenas,77818050,3128535168,yolanda_cárdenas790@live.com,"Carrera 71 #15-58, Barranquilla",FWT 690,621,CDA-81195,2024/07/24,2004.0,381428,1100,Honda,GASOLINA,cvt,FWD,Taxi,Urbano,,no,,true,1,no,0,0
José Hernández,499663099,3132230011,josé-hernández361@live.com,"Transversal 84 #81-98, Montería",ULG969,1622,CDA-92016,2020-11-29,2021.0,42.638 km,4000,Nissan,gasolina,semiautomatica,awd,Taxi,suburbano,yes,,no,no,no,0,false,1
Camilo Rojas,965856877,3212145016,camilorojas221@correo.com,"Calle 112 #29-74, Pereira",HQZ-570,554,CDA-67439,2021-09-22,2005.0,511254,1800,Nissan,gnv,cvt,awd,escolar,suburbano,false,no,no,true,0,false,yes,1
Claudia Vargas,530507867,3174740903,claudiavargas889@hotmail.com,"Circular 47 #41-99, Bucaramanga",AXQ530,1272,CDA-78512,2023-06-18,2019.0,147842,1000,Chevrolet,Electrico,automatica,4X2,Taxi,rural,1,,,no,false,no,no,0
José Hernández,1050142828,3243664309,josé-hernández559@yahoo.com,"Avenida 25 #23-82, Barranquilla",WDP-458,2925,CDA-78547,2018/03/01,2007.0,436698,2200,Fiat,Híbrido,AUTOMATICA,4X2,PUBLICO,rural,no,,no,0,true,no,0,0
Sandra Castro,617251900,3044091259,sandra_castro534@correo.com,"Circular 103 #79-14, Manizales",VBG640,1747,CDA-10259,2020-10-04,2022.0,38776,1400,Nissan,gas,Automatio,AWD,PARTICULAR,Urbano,no,false,si,0,no,no,false,0
,996906133,3043227577,marcela.fuentes576@outlook.com,"Avenida 13 #16-51, Barranquilla",BCN 033,999,CDA-68843,2018-03-31,2002.0,455755,2000,Mazda,gasolina,Automatio,FWD,TAXI,Mixto,true,0,0,no,0,no,false,0
Viviana Suárez,936564491,3232094559,viviana-suárez702@hotmail.com,"Transversal 78 #57-86, Villavicencio",UWC850,3017,CDA-30895,2021/12/18,2011.0,176863,4000,Mitsubishi,GASOLINA,manul,awd,público,Rural,true,false,yes,0,no,false,true,1
Ricardo Peña,521593975,3147962120,ricardo.peña980@hotmail.com,"Diagonal 117 #65-73, Pereira",JFZ991,1790,CDA-77803,2019/02/10,9999.0,666k,1300,Kia,Gas,Manual,4x2,público,Suburbano,,1,0,0,true,1,yes,1
,293946621,3058359628,roberto_nieto355@gmail.com,"Transversal 107 #88-54, Cartagena",HZK869,3014,CDA-95383,09/08/2019,1998.0,278645,1200,Ford,eléctrico,automatica,rwd,público,rural,,1,no,1,si,1,0,1
Carlos Martínez,173452239,3206967233,carlosmartínez837@outlook.com,"Circular 87 #38-41, Medellín",LKC 021,2403,CDA-59533,19/05/2021,1997.0,564297,2200 cc,Peugeot,Gas,Manual,4X2,público,Urbano,no,1,no,0,0,no,true,1
Adriana Parra,1018828250,3126880523,adrianaparra482@yahoo.com,"Diagonal 74 #14-40, Ibagué",AUU217,1799,CDA-42071,2021/05/22,1997.0,892891,,Hyundai,gasolina,cvt,4x4,Carga,suburbano,1,0,0,si,1,,no,1
Luis Rodríguez,856911586,,luisrodríguez983@correo.com,"Calle 12 #84-86, Pasto",BUR480,441,CDA-90222,2020-04-22,2021.0,83.641,,Kia,Electrico,cvt,fwd,carga,Urbano,si,false,0,no,no,no,no,1
Lina Santana,850946624,3152490530,lina_santana855@yahoo.com,"Avenida 113 #28-51, Bucaramanga",FEU840,509,CDA-10977,14/03/2023,2023.0,25363,2500,Honda,GAS,tiptronic,awd,PUBLICO,Suburbano,0,0,0,no,false,false,0,0
Sandra Castro,983321856,3241422730,sandra-castro607@gmail.com,"Carrera 60 #52-75, Pasto",AUG365,1101,CDA-32270,08/11/2022,2008.0,519761,1800,Dodge,Gas Natural,Automática,RWD,Publico,Rural,0,si,no,1,true,no,,1
Diana Herrera,150884702,3195617626,diana.herrera927@outlook.com,"Calle 103 #64-30, Bogotá",CYZ844,590,CDA-93049,2018-12-08,2020.0,74.3k km,1200,Mazda,Diesel,Mecanica,4x4,escolar,Rural,0,false,si,0,,false,no,0
Carlos Martínez,690300031,3248564772,carlos-martínez355@correo.com,"Avenida 47 #19-33, Medellín",MPQ-572,1352,CDA-28632,03-04-2022,2015.0,103366,2400 cc,Renault,GASOLINA,AUTOMATICA,fwd,escolar,Urbano,yes,,no,no,no,no,no,1
Yolanda Cárdenas,579124549,3125004197,yolanda_cárdenas140@live.com,"Circular 66 #37-37, Cartagena",,650,CDA-50811,2021/09/09,2019.0,151107 km,2150,Volkswagen,GAS,manul,RWD,Escolar,URBANO,false,false,no,no,no,false,0,1
Yolanda Cárdenas,1008700955,3101640266,yolanda.cárdenas208@correo.com,"Carrera 57 #60-73, Villavicencio",KDH-941,2575,CDA-22719,2024/03/29,2001.0,1.027.086,1300,Fiat,diesel,Automatio,fwd,Taxi,Suburbano,false,false,no,1,si,0,false,0
Ana Gómez,719170732,3196687537,ana-gómez903@live.com,"Avenida 84 #26-63, Manizales",NQT087,2581,CDA-93697,2019/10/24,1998.0,722560,1200,Volkswagen,gnv,cvt,4X2,Taxi,,1,0,,no,0,0,no,1
Omar Leal,689147106,3244870069,omar.leal382@correo.com,"Carrera 37 #49-69, Manizales",EPR198,2767,CDA-95225,2024/12/01,1999.0,618.697,1100,Suzuki,gas,Mecanica,AWD,público,mixto,no,0,1,si,yes,true,no,0
Patricia Mejía,333698238,3168307295,patriciamejía166@yahoo.com,"Circular 28 #36-98, Bogotá",ANU680,1724,CDA-93235,2018-11-14,2023.0,29615,2400 cc,Renault,diesel,AUTOMATICA,4x2,público,Mixto,0,no,no,no,no,false,no,0
Felipe Ramos,326531006,3111363033,feliperamos226@live.com,"Avenida 98 #27-19, Medellín",UZI 051,2014,CDA-25039,14/04/2022,2000.0,3401,3450,Fiat,GNV,manual,rwd,Taxi,URBANO,si,no,no,0,1,no,no,1
Darío Acosta,805191199,3015778457,daríoacosta498@outlook.com,"Diagonal 63 #78-47, Montería",SFD926,631,CDA-87247,08-07-2021,2023.0,7383,1200,Mazda,GSL,Mecanica,fwd,Particular,suburbano,no,false,0,false,no,no,false,0
Marcela Fuentes,485380310,3249958616,marcela.fuentes716@hotmail.com,"Avenida 100 #71-88, Neiva",TBO-056,1534,CDA-51809,20-03-2018,2001.0,329723,1300,Suzuki,gas,mecánica,AWD,PARTICULAR,Suburbano,false,no,no,si,false,true,false,1
Natalia Reyes,802685832,3163351210,natalia-reyes902@correo.com,"Diagonal 58 #86-71, Montería",ZMM933,1741,CDA-18990,2020-05-07,2017.0,101709,1500cc,Mazda,nafta,manual,AWD,particular,mixto,0,no,1,no,0,0,no,1
Ricardo Peña,174264075,3159303945,ricardo-peña922@outlook.com,"Transversal 35 #66-5, Pasto",JSJ691,483,CDA-85578,2024/01/04,2013.0,142468,3000,Toyota,,AUTOMATICA,fwd,Publico,urbano,0,false,no,0,no,0,no,0
Luis Rodríguez,732668445,3214073788,luis-rodríguez897@correo.com,"Avenida 22 #72-60, Armenia",FAL282,1361,CDA-59726,09/09/2019,2011.0,194.104,2400,Ford,nafta,mecánica,4X4,particular,URBANO,0,0,no,,0,0,false,0
Roberto Nieto,1032045688,3505778475,roberto.nieto147@live.com,"Circular 101 #74-62, Neiva",YJK252,3147,CDA-57255,2022-02-18,2012.0,236k,1600cc,Honda,hibrido,cvt,rwd,publico,urbano,no,yes,yes,no,0,1,si,1
Roberto Nieto,647054449,3109124447,roberto.nieto218@yahoo.com,"Calle 74 #37-72, Barranquilla",BMG487,1331,CDA-62183,2022/12/15,2018.0,208k,2500 cc,Toyota,diesel,manual,RWD,Carga,Mixto,yes,true,,0,no,no,false,1
Mauricio Ruiz,68959063,3157487398,mauricioruiz883@live.com,"Carrera 26 #47-31, Cartagena",OAS-943,2298,CDA-94990,05-03-2020,1999.0,887799,1200cc,Suzuki,gnv,tiptronic,FWD,Publico,urbano,1,si,si,no,false,,no,1
Gloria Mendoza,407498986,3018541750,gloriamendoza759@outlook.com,"Transversal 110 #53-57, Villavicencio",SMN063,731,CDA-66387,09/06/2024,1996.0,741k,1400,Kia,gasolina,manul,4X4,Taxi,suburbano,yes,no,0,yes,,true,false,1
Adriana Parra,105636654,3195343442,adriana-parra88@live.com,"Diagonal 85 #79-50, Montería",NIH810,1886,CDA-64174,2022/01/22,2000.0,390257,1500cc,Honda,Gasolina,CVT,4x2,PARTICULAR,Suburbano,si,si,yes,false,1,1,false,1
José Hernández,228547705,3187840254,josé-hernández780@hotmail.com,"Calle 70 #49-9, Villavicencio",CWS-389,857,CDA-44109,06-03-2020,2010.0,157561,1000cc,Dodge,Gas,tiptronic,RWD,Particular,rural,0,0,no,no,true,no,false,0
Carlos Martínez,700561725,3133208577,carlos.martínez215@live.com,"Calle 91 #70-87, Armenia",KWQ253,2631,CDA-28241,2020-02-06,2014.0,272.2k km,1500,Toyota,Gas,tiptronic,4x4,Publico,urbano,0,,false,,no,0,no,1
Lina Santana,840494314,3236499395,lina.santana911@hotmail.com,"Transversal 110 #34-75, Montería",RTG 848,531,CDA-20069,2020/08/31,2020.0,119157,3950,Hyundai,gas,tiptronic,4x4,taxi,suburbano,no,0,1,no,no,true,no,1
Marcela Fuentes,115364350,3216705780,marcela.fuentes86@hotmail.com,"Diagonal 17 #13-57, Manizales",BNE936,2210,CDA-40625,05-06-2024,2008.0,399914,2500,Kia,GSL,autom,rwd,Escolar,Urbano,no,false,no,no,0,no,no,0
Adriana Parra,85846985,3234186247,adriana-parra703@live.com,"Diagonal 117 #86-46, Cúcuta",ERO-247,50,CDA-33995,2021-10-06,1998.0,183.7k km,1600cc,Suzuki,diesel,manul,fwd,Particular,Suburbano,false,1,true,true,si,no,0,1
Diana Herrera,1063753051,3137487003,diana-herrera767@live.com,"Avenida 89 #76-16, Bucaramanga",UUS-137,859,CDA-32921,2018/06/06,2000.0,500.599,1000,Renault,gasolina,Automatio,4X4,taxi,Mixto,false,true,no,si,true,,0,1
Mónica Aguirre,571869353,3218221633,mónica_aguirre433@gmail.com,"Calle 43 #84-83, Bogotá",KIG-988,1073,CDA-95950,2022-07-22,2010.0,358066 km,1400,Honda,Diesel,tiptronic,,escolar,suburbano,1,false,false,0,si,no,no,1
María López,487240828,3193294644,maríalópez882@correo.com,"Calle 106 #50-49, Ibagué",RQZ597,720,CDA-46082,18-09-2022,2006.0,442.312,4000,Dodge,gnv,autom,4x2,Carga,rural,si,no,si,si,,yes,no,1
Viviana Suárez,791394714,3043817682,viviana_suárez536@outlook.com,"Diagonal 1 #19-10, Ibagué",UQW165,2365,CDA-97262,19-03-2023,2018.0,121683,1600,Ford,GAS,Automática,rwd,público,Mixto,true,no,0,no,0,no,no,1
Patricia Mejía,364298546,3241504438,patricia-mejía826@yahoo.com,"Diagonal 92 #97-10, Neiva",TJV 819,1802,CDA-97016,04-01-2024,2011.0,319085,1200cc,Volkswagen,gasolina,cvt,FWD,escolar,suburbano,no,no,yes,no,0,,0,1
Yolanda Cárdenas,440116980,3154952141,yolanda.cárdenas584@gmail.com,"Calle 68 #94-60, Neiva",GZP799,2475,CDA-31395,01-11-2019,2001.0,627408,950,Honda,GAS,MANUAL,4x2,público,Mixto,false,,no,,no,1,no,0
Sebastián Cruz,739109397,3109914049,sebastián_cruz787@hotmail.com,"Avenida 44 #64-57, Pereira",TIL-561,1585,CDA-37636,2018/05/22,2018.0,169296,3000,Chevrolet,,manul,4x4,publico,suburbano,false,no,,0,no,0,no,1
Lina Santana,286854108,3165711416,lina.santana811@outlook.com,"Circular 6 #89-83, Manizales",CQF 884,1787,CDA-11525,2022/11/22,2016.0,108868,2400,Peugeot,GAS,CVT,awd,particular,Rural,0,0,no,si,yes,0,0,0
Guillermo Ávila,142510349,3503057895,guillermoávila569@gmail.com,"Avenida 114 #1-59, Bucaramanga",ONV745,2343,CDA-46789,07/01/2022,2021.0,86.070 km,1800,Mitsubishi,gas,semiautomatica,4X4,Taxi,suburbano,false,false,false,no,,false,false,0
Marcela Fuentes,798121247,3507176136,marcela_fuentes779@live.com,"Avenida 38 #73-72, Cartagena",BWG431,2352,CDA-81932,14-12-2018,2005.0,562923,1400,Mitsubishi,GASOLINA,Tiptronic,RWD,público,Rural,false,yes,no,yes,false,0,no,1
Mauricio Ruiz,1096181061,3248412889,mauricio.ruiz767@hotmail.com,"Circular 21 #67-72, Medellín",BIF-151,2890,CDA-88316,2023/03/25,2021.0,50.2k km,1600,Fiat,GASOLINA,automatica,,PARTICULAR,urbano,no,0,false,si,no,no,no,1
Ricardo Peña,771840194,3187853918,ricardo.peña763@correo.com,"Circular 68 #45-42, Pasto",LLA215,2321,CDA-65721,2018/05/15,2002.0,622517 km,1000,Mazda,,manul,4x4,escolar,RURAL,no,no,yes,si,yes,si,false,1
Sebastián Cruz,435580703,3248719882,sebastiáncruz819@live.com,"Transversal 4 #62-39, Medellín",LEE 884,2269,CDA-83795,01-03-2020,2021.0,63k,1400,Nissan,Diesel,CVT,FWD,escolar,Urbano,no,false,no,0,0,no,no,0
Laura García,376728695,3048381491,lauragarcía968@hotmail.com,,QJD785,1515,CDA-35564,08/08/2018,2017.0,102395 km,1600,Hyundai,Gas,autom,rwd,PARTICULAR,rural,no,no,true,,false,,no,1
Ernesto Pineda,456970722,3208641478,ernesto_pineda156@outlook.com,"Diagonal 78 #67-40, Barranquilla",EBX090,1212,CDA-83271,2020/07/26,2011.0,257441,1600,Fiat,GASOLINA,Automática,4X2,Escolar,mixto,false,no,false,true,0,no,yes,1
Carlos Martínez,21859211,3248751603,carlos-martínez987@correo.com,"Transversal 117 #48-56, Pasto",YRY270,1360,CDA-28811,2022-09-21,9999.0,126600,1000cc,Peugeot,Diesel,AUTOMATICA,rwd,PARTICULAR,Mixto,no,0,,0,si,,si,0
Claudia Vargas,388224381,3225691489,claudia.vargas953@outlook.com,"Carrera 120 #96-97, Bogotá",HRV739,2357,CDA-52136,12-02-2021,2023.0,13.338,,Ford,DIESEL,cvt,RWD,PARTICULAR,Rural,0,no,yes,1,no,0,,0
Mónica Aguirre,381833680,3017631967,mónica-aguirre749@hotmail.com,"Circular 65 #27-74, Armenia",LJV495,1393,CDA-70892,2021-05-06,2010.0,561405,1100,Volkswagen,gnv,mecánica,4X2,Carga,mixto,false,0,0,yes,,,true,1
Ana Gómez,88405225,3004434402,anagómez35@gmail.com,"Carrera 39 #19-83, Bogotá",BSK-614,2886,CDA-60468,23/03/2020,2009.0,318780,2500,Toyota,Gas,AUTOMATICA,4x4,taxi,mixto,false,true,no,false,true,false,false,1
José Hernández,427559050,,josé.hernández944@hotmail.com,"Calle 106 #73-4, Manizales",DFR-758,1984,CDA-65214,2024/09/04,2021.0,56642,1400 cc,hiunday,Híbrido,Automática,RWD,PARTICULAR,Suburbano,0,false,,no,no,0,no,0
Iván Salcedo,682606924,3116160663,ivánsalcedo900@correo.com,"Transversal 20 #15-20, Medellín",QVP-712,298,CDA-62385,06-02-2021,2006.0,491485 km,2400 cc,Dodge,DIESEL,mecánica,4x2,escolar,Mixto,yes,yes,false,no,false,,false,1
Diana Herrera,362797986,3229859836,diana-herrera565@live.com,"Carrera 5 #6-46, Pereira",JKC473,1452,CDA-59566,24/10/2018,2014.0,260.0k km,1200,Hyundai,gasolina,manul,4x2,,RURAL,0,no,0,yes,false,1,no,0
Lina Santana,739250539,3196332700,lina-santana866@yahoo.com,"Transversal 50 #48-75, Barranquilla",PTL434,1458,CDA-60863,15/01/2018,2000.0,668.608,1800 cc,Kia,gasolina,Automática,4x2,Escolar,Rural,false,no,si,no,1,1,no,1
Camilo Rojas,1074261273,3138574376,camilo.rojas683@correo.com,"Transversal 83 #53-54, Cúcuta",HPE-833,959,CDA-34810,03-09-2019,2021.0,87.819 km,2000 cc,Mitsubishi,Gas,Automatio,RWD,escolar,rural,no,0,no,no,no,false,no,0
Gloria Mendoza,962095385,3502820307,gloria.mendoza678@correo.com,"Carrera 39 #13-48, Cartagena",CWP154,1445,CDA-23593,2018/06/16,2021.0,83992,1200cc,Nissan,diesel,automatica,fwd,Escolar,rural,0,0,no,false,no,0,,0
Camilo Rojas,416892381,3027765416,camilo-rojas466@correo.com,"Transversal 66 #14-77, Bucaramanga",CZX757,2239,CDA-58364,2019-11-10,2014.0,219.472,3000,hiunday,Gas Natural,tiptronic,4x4,carga,suburbano,,no,yes,no,1,no,no,1
Ingrid Bermúdez,1022126930,3109308084,ingrid.bermúdez897@gmail.com,"Transversal 70 #97-17, Neiva",DIA585,1473,CDA-79643,2022-03-05,2010.0,335.928,1400 cc,Mitsubishi,Electrico,Automatio,4x2,Taxi,Rural,,yes,no,no,no,false,no,1
Patricia Díaz,56514343,,patricia-díaz627@yahoo.com,"Circular 2 #24-45, Barranquilla",GDG735,3048,CDA-28346,2023-01-06,1998.0,584.430,1400,Fiat,diesel,Automatio,rwd,PUBLICO,Urbano,1,1,1,si,true,0,0,1
Carlos Martínez,467188354,3056669643,carlos_martínez368@hotmail.com,"Calle 42 #82-69, Neiva",NFH914,350,CDA-90902,18/12/2022,2004.0,467982,1200cc,Volkswagen,hibrido,Mecanica,awd,Escolar,URBANO,1,yes,true,no,true,1,no,1
Catalina Ortiz,,3001089003,catalina_ortiz59@hotmail.com,"Circular 112 #84-86, Ibagué",EPR852,2677,CDA-89622,2023-07-03,2020.0,215.132,3000,Nissan,DIESEL,automatica,awd,escolar,Rural,0,0,no,no,0,no,false,1
Xiomara Pacheco,287148488,3247729582,xiomara_pacheco963@gmail.com,"Carrera 9 #62-48, Medellín",GRD536,644,CDA-52872,,2013.0,90594,2400,Mitsubishi,eléctrico,Automatio,rwd,Particular,Suburbano,no,1,1,no,false,,false,1
Felipe Ramos,517463737,3244485689,feliperamos266@correo.com,"Carrera 33 #42-95, Barranquilla",CKA 596,2408,CDA-45232,2018-01-25,1999.0,468344,1000,Fiat,GASOLINA,Mecanica,,PARTICULAR,rural,yes,no,,si,si,0,true,1
Patricia Mejía,655608880,3004071727,patricia.mejía667@correo.com,"Avenida 92 #34-58, Barranquilla",VIE 861,1870,CDA-61681,23-02-2020,2016.0,105210,1000,Mitsubishi,gnv,CVT,FWD,PARTICULAR,Urbano,no,no,no,0,,no,false,0
Sebastián Cruz,1016102884,3243757794,sebastián.cruz280@hotmail.com,"Avenida 116 #93-19, Armenia",LWJ626,670,CDA-13231,2024/07/15,2002.0,730.1k km,1450,Chevrolet,Gasolina,AUTOMATICA,rwd,Carga,rural,no,true,true,1,1,no,no,1
Marcela Fuentes,518416673,3137892714,marcela_fuentes35@gmail.com,"Circular 48 #15-75, Cartagena",CSN872,81,CDA-89963,2023-04-20,2008.0,224.183,2200,Fiat,Gasolina,semiautomatica,awd,PARTICULAR,rural,1,no,si,yes,no,no,false,1
Andrés Torres,987392497,3107672858,andréstorres400@gmail.com,"Calle 19 #13-33, Montería",LMQ-465,2705,CDA-99217,13/11/2021,2023.0,26.869,2400,Toyota,diesel,Manual,4x2,Publico,Rural,no,no,no,no,true,no,false,0
Gloria Mendoza,240321578,3216825165,gloria-mendoza299@yahoo.com,"Calle 20 #92-14, Barranquilla",OBH252,1254,CDA-92501,19-05-2020,2018.0,166.832,1800,Dodge,Gas Natural,CVT,awd,Publico,Urbano,no,0,0,0,false,false,0,0
Luis Rodríguez,102321635,3148265694,luis_rodríguez637@live.com,"Transversal 67 #73-55, Cúcuta",DBV331,1180,CDA-78490,13/10/2021,2020.0,40135,2200cc,Peugeot,Diesel,semiautomatica,4x2,Particular,urbano,0,0,no,si,no,false,no,0
Andrés Torres,175088995,3172692994,andrés.torres620@hotmail.com,"Diagonal 66 #43-22, Cartagena",DHA 492,2070,CDA-79159,2018-04-30,2002.0,702825,1500,Toyota,hibrido,semiautomatica,4x2,publico,suburbano,false,no,yes,false,1,0,false,1
Omar Leal,370231464,3179759943,omar.leal147@correo.com,"Circular 70 #41-72, Armenia",FFQ691,1271,CDA-80926,03-05-2022,2007.0,564.1k km,2400 cc,Suzuki,nafta,Manual,4x2,carga,Rural,0,1,no,false,,true,false,1
Sebastián Cruz,77213738,3021351495,sebastián.cruz383@hotmail.com,"Diagonal 115 #23-37, Armenia",SAM898,2610,,2023-02-11,2021.0,62210,1100cc,Mazda,hibrido,Manual,FWD,Particular,RURAL,,0,no,si,,no,no,1
Andrés Torres,643953862,3013627092,andrés.torres961@gmail.com,"Avenida 92 #21-9, Cali",VLM 589,2625,CDA-23780,13/12/2019,1996.0,786k,1200,Hyundai,GSL,cvt,4x2,Publico,urbano,1,,no,,1,si,false,1
Patricia Díaz,1048414613,,patricia_díaz548@live.com,"Calle 74 #92-44, Villavicencio",IFY 933,2501,CDA-66784,05/05/2023,2009.0,439193 km,3000,Peugeot,Diesel,Mecanica,,Taxi,suburbano,false,no,no,,0,no,no,1
Ana Gómez,678428408,3183851493,ana_gómez149@gmail.com,"Carrera 71 #79-59, Armenia",VFP 890,787,CDA-62732,14-09-2019,2003.0,656342,1300,Chevrolet,Gas,semiautomatica,,carga,URBANO,yes,true,no,false,true,0,true,1
Mónica Aguirre,256404190,,mónica-aguirre27@hotmail.com,"Transversal 52 #72-43, Manizales",PKW-459,2957,CDA-52220,10/12/2019,2011.0,415888,2500,Nissan,Híbrido,Mecanica,awd,Publico,suburbano,no,si,false,0,no,no,no,1
Iván Salcedo,933460243,3174232305,ivánsalcedo849@gmail.com,"Transversal 55 #17-82, Manizales",EXN408,141,CDA-61381,01/12/2020,2001.0,614236,1600,Renault,Gas,MANUAL,4x2,carga,mixto,yes,,true,false,no,yes,,1
Camilo Rojas,216310625,3229615046,camilo.rojas98@live.com,"Calle 107 #90-43, Pereira",ZVC183,789,CDA-34960,09-03-2020,,318158,2300,Mitsubishi,gasolina,semiautomatica,FWD,Publico,RURAL,no,false,no,si,yes,no,no,1
Yolanda Cárdenas,1061863902,3157660488,yolanda_cárdenas550@yahoo.com,"Diagonal 50 #73-19, Ibagué",FZI792,1887,CDA-54848,2018/05/18,2002.0,416415,1500cc,Renault,GSL,CVT,4x4,Escolar,Rural,0,no,false,1,1,0,false,1
Gloria Mendoza,168106322,3145460912,gloria.mendoza480@live.com,"Calle 22 #9-96, Medellín",DWU058,2237,CDA-63457,02/07/2022,2000.0,361541 km,2200cc,Hyundai,Gas,CVT,4X2,PARTICULAR,rural,0,0,si,no,true,true,no,1
Jhon Morales,713613032,3159424336,jhon_morales932@outlook.com,"Diagonal 92 #16-32, Pasto",QCF155,715,CDA-70851,22/08/2019,2011.0,321330,1500,Toyota,eléctrico,Automatio,AWD,escolar,mixto,true,yes,no,no,no,0,false,1
Gloria Mendoza,201764846,3508640539,gloriamendoza873@gmail.com,"Diagonal 46 #9-81, Cartagena",LEN318,2393,CDA-93903,2020/10/02,2005.0,261744,1000,Chevrolet,Gas,AUTOMATICA,awd,Carga,Suburbano,,0,yes,,0,no,no,1
Ricardo Peña,845727166,3201010882,ricardopeña330@yahoo.com,"Circular 14 #16-85, Cartagena",PFM297,1879,CDA-92718,17-07-2018,2024.0,,2200,Kia,DIESEL,Manual,4X2,público,urbano,false,si,no,false,no,,no,0
Marcela Fuentes,970534455,3022563046,marcela-fuentes530@live.com,"Diagonal 83 #22-70, Bogotá",VIC567,2060,CDA-85220,2019-05-16,2007.0,269809,1300 cc,Fiat,Gas Natural,Automática,4X2,particular,rural,1,0,0,yes,1,1,true,1
Patricia Mejía,930461490,3208875435,patricia.mejía153@yahoo.com,"Diagonal 32 #76-8, Villavicencio",RSH 423,2474,CDA-19397,2018-09-13,2010.0,204990,3000,Fiat,gnv,Mecanica,4x2,TAXI,rural,si,false,no,no,0,1,no,0
Luis Rodríguez,837458102,3231579896,luis-rodríguez744@gmail.com,"Transversal 16 #29-10, Neiva",NPG018,2468,CDA-80208,2020-01-29,2024.0,277039,1600,Mazda,gnv,manual,fwd,Particular,Mixto,false,0,0,false,false,false,no,1
Jhon Morales,353926058,3214670588,jhon.morales189@correo.com,"Calle 68 #58-67, Cartagena",,1643,CDA-80153,2022/03/16,2014.0,146416,1300,Toyota,DIESEL,Automática,,PARTICULAR,Mixto,no,,false,no,1,,0,1
Mauricio Ruiz,48207065,3137210394,mauricio_ruiz524@correo.com,"Circular 38 #50-96, Bucaramanga",BNT902,619,CDA-55620,2023-11-10,2013.0,,3500,Kia,Gas,Mecanica,RWD,Escolar,Mixto,yes,false,1,0,true,yes,true,1
Gloria Mendoza,938948309,3051155325,gloria.mendoza470@outlook.com,"Avenida 6 #38-20, Bogotá",OKV 644,407,CDA-99894,2022-09-27,2018.0,101.957,2200,Fiat,nafta,Tiptronic,4x2,PUBLICO,Urbano,false,no,false,no,no,0,no,1
Luis Rodríguez,676924362,3055175362,luisrodríguez238@live.com,"Circular 114 #31-99, Cúcuta",WNN013,1415,CDA-42162,2020/12/20,2020.0,80.694,3000,Chevrolet,nafta,autom,fwd,publico,RURAL,no,no,no,,yes,no,1,0
,105743549,3053572380,carlos_martínez145@live.com,"Carrera 103 #52-37, Armenia",GDV209,1400,CDA-60076,06-11-2022,2014.0,120.439 km,1300,Renault,Gas Natural,semiautomatica,rwd,Particular,Suburbano,si,,false,yes,no,no,no,1
Esperanza Vega,417046772,3058238779,esperanza-vega316@hotmail.com,"Transversal 44 #7-43, Medellín",CRD774,2834,CDA-31389,2023-02-21,2003.0,481846,1800,Chevrolet,Gas,Mecanica,awd,Escolar,Mixto,false,0,si,0,true,no,true,1
Patricia Díaz,611419084,3202871922,patricia-díaz35@outlook.com,"Avenida 64 #68-87, Cúcuta",MXK085,3099,CDA-83296,2020-03-18,9999.0,624744,2500,Honda,Gas,semiautomatica,AWD,publico,mixto,true,false,si,false,0,no,no,1
Catalina Ortiz,540159908,3116597920,catalina_ortiz619@hotmail.com,"Diagonal 115 #15-90, Barranquilla",DDH833,2000,CDA-51341,29-11-2018,1995.0,562983,1100 cc,Suzuki,GNV,tiptronic,4X2,carga,rural,no,yes,false,yes,true,si,no,1
Natalia Reyes,887579933,3131510014,natalia_reyes42@yahoo.com,"Diagonal 44 #85-47, Medellín",OGC100,498,CDA-27204,06/10/2024,2020.0,94.289 km,2400,Dodge,gas,mecánica,FWD,público,suburbano,no,no,0,no,si,false,no,0
Fabio Arévalo,649628455,3197658215,fabio_arévalo859@hotmail.com,"Circular 22 #50-90, Bucaramanga",KXE 119,343,CDA-49396,,1998.0,697.768,2400,Renault,Gas,cvt,fwd,publico,Suburbano,yes,yes,,0,yes,0,true,1
Iván Salcedo,759963252,3194102529,iván.salcedo928@gmail.com,"Transversal 26 #47-83, Manizales",EBM702,2806,CDA-15358,2019-11-30,2018.0,,2400,Dodge,gnv,automatica,fwd,particular,URBANO,0,0,no,,0,0,si,0
Guillermo Ávila,240910001,3185404575,guillermo-ávila823@yahoo.com,"Transversal 57 #2-40, Pasto",CXX119,2495,CDA-60386,2020/02/14,2015.0,140185,1400,Volkswagen,Gasolina,cvt,awd,Escolar,Urbano,no,false,no,true,0,false,no,1
Camilo Rojas,1062778991,3144089227,camilo_rojas690@live.com,"Transversal 98 #42-63, Medellín",HRR-040,783,CDA-16171,12/02/2020,2003.0,350928,1200,Suzuki,GNV,autom,4X2,particular,urbano,no,no,true,0,yes,no,no,0
Felipe Ramos,158520491,3027944156,felipe_ramos5@outlook.com,"Calle 44 #40-33, Ibagué",FAP167,1785,CDA-72608,2021-03-04,2008.0,245935 km,1800,Ford,Gas,AUTOMATICA,4x2,particular,rural,,0,no,false,0,false,false,0
Patricia Mejía,28972095,3506396710,patricia.mejía755@outlook.com,"Diagonal 64 #91-44, Pereira",LCS085,304,CDA-37532,2019/06/18,2018.0,177466,1250,Ford,GNV,tiptronic,RWD,taxi,mixto,true,no,0,no,0,no,0,0
Luis Rodríguez,310131071,3128723922,luisrodríguez188@yahoo.com,"Diagonal 89 #31-33, Montería",IMT520,2697,CDA-93445,2023-04-22,2022.0,66k,1500,Volkswagen,GNV,automatica,,Carga,Rural,1,,no,1,no,1,0,0
Patricia Mejía,,3237178153,patricia.mejía776@hotmail.com,"Circular 3 #65-1, Montería",OPP647,2020,CDA-66102,2023/10/28,9999.0,37693,1200,Mitsubishi,diesel,AUTOMATICA,4x4,Particular,Suburbano,no,0,,false,no,false,no,0
Jhon Morales,113027969,3235847434,jhonmorales735@gmail.com,"Circular 19 #17-89, Cali",RWD-137,665,CDA-32200,21/03/2018,2009.0,294.804,1500 cc,Chevrolet,Gas,autom,rwd,taxi,Urbano,0,si,si,1,0,false,0,1
,1037630988,3016016693,carlos-martínez97@gmail.com,"Avenida 53 #9-85, Cali",ROM318,1178,CDA-79974,31-01-2022,2010.0,339.7k km,4000,Ford,GNV,,awd,TAXI,rural,no,,1,no,1,no,0,1
Iván Salcedo,384346267,3175429194,iván-salcedo384@yahoo.com,"Avenida 57 #84-61, Medellín",HQP 082,3110,CDA-62797,2023-01-23,2018.0,65k,1800,Toyota,GASOLINA,autom,rwd,Escolar,rural,no,no,no,no,1,no,no,0
Natalia Reyes,589237079,3015758399,nataliareyes676@yahoo.com,"Carrera 4 #21-58, Pereira",LNA145,1778,CDA-78251,2019-09-13,1995.0,430166,4000,Ford,nafta,manual,fwd,Particular,Mixto,yes,1,true,,false,no,0,1
Roberto Nieto,865812537,3114304204,roberto-nieto738@live.com,"Avenida 40 #96-47, Cali",VIM 759,1748,CDA-79371,30-09-2023,2019.0,143k,4000,Ford,Electrico,semiautomatica,rwd,TAXI,Suburbano,no,no,no,1,0,no,true,0
Esperanza Vega,704183007,3131253060,esperanzavega901@gmail.com,"Carrera 95 #50-85, Bucaramanga",SML-137,2782,CDA-48130,13-09-2019,2022.0,40253,2500,Mazda,Gasolina,cvt,4x4,TAXI,rural,no,no,no,no,1,false,si,1
Luis Rodríguez,994342854,3223499027,luis-rodríguez948@gmail.com,"Carrera 63 #84-3, Cartagena",QGQ-069,85,CDA-90114,2024-08-17,2016.0,151.490 km,3000 cc,Ford,Gas,cvt,fwd,Publico,rural,0,no,si,true,no,true,,0
Alejandro Zapata,266753981,3119203471,alejandro-zapata2@gmail.com,"Calle 33 #98-3, Bucaramanga",BGV938,1586,CDA-26914,2019/10/11,2024.0,0,1250,Suzuki,Gas,CVT,awd,Publico,rural,no,0,0,no,1,0,0,1
Lina Santana,522650724,3103085954,lina-santana515@correo.com,"Calle 84 #71-63, Bucaramanga",UBM 211,942,CDA-37783,2020/07/05,2019.0,94630,1300,Chevrolet,gnv,mecánica,RWD,particular,mixto,0,,si,false,no,,no,1
Esperanza Vega,879563959,3048375791,esperanzavega806@live.com,"Calle 49 #23-52, Manizales",TBU163,962,CDA-38207,31/03/2019,2018.0,209.8k km,1100cc,Honda,eléctrico,Manual,FWD,Publico,Mixto,1,no,no,0,no,0,no,1
Gloria Mendoza,682475700,3176360294,gloria-mendoza432@yahoo.com,"Avenida 4 #77-84, Neiva",DYV 391,842,CDA-35112,11-02-2019,2017.0,210428,1400,Mitsubishi,diesel,Automatio,fwd,publico,rural,true,true,false,0,0,0,no,1
Sandra Castro,610098508,3113804216,sandra-castro104@hotmail.com,"Carrera 15 #70-82, Pereira",HHK201,2375,CDA-72080,2021-04-26,2010.0,467326,1000,Volkswagen,Gas,MANUAL,awd,publico,Suburbano,yes,si,0,no,no,0,si,1
Alejandro Zapata,838138678,3049379731,alejandro_zapata264@hotmail.com,"Diagonal 6 #62-27, Bogotá",XLX751,1632,CDA-60653,29/05/2021,2020.0,74609,1000,Kia,gas,Automática,FWD,público,Urbano,yes,false,no,no,no,1,no,1
Sandra Castro,904287434,3021410605,sandra-castro742@gmail.com,"Carrera 38 #46-6, Neiva",,1413,CDA-79738,30/07/2018,2008.0,454706,3000,Mitsubishi,Gas,Mecanica,FWD,Taxi,mixto,yes,si,0,no,0,yes,no,1
Sebastián Cruz,429035234,3184581634,sebastián_cruz236@correo.com,"Transversal 98 #17-81, Medellín",COG775,1714,CDA-47668,07/11/2023,1997.0,846.602,4000,Toyota,eléctrico,Manual,4x4,Taxi,Rural,,si,no,,no,no,false,1
Guillermo Ávila,320188679,3138811741,,"Transversal 61 #20-96, Manizales",WOF104,291,CDA-47960,,2020.0,56253,1200,Hyundai,DIESEL,Automática,rwd,PARTICULAR,Urbano,no,false,false,1,false,false,0,1
Viviana Suárez,549436781,3173423501,viviana_suárez523@gmail.com,"Avenida 113 #85-79, Pasto",SAX 775,2727,CDA-57691,19/07/2021,2007.0,553k,1400,Renault,gasolina,,4X4,público,URBANO,,,si,false,yes,no,0,1
Gloria Mendoza,827659081,3143933837,gloria-mendoza468@gmail.com,,YKL-735,1358,CDA-79791,11/11/2019,2008.0,447.016,1200,Mitsubishi,GNV,manul,FWD,publico,Mixto,yes,false,si,true,0,0,false,1
Marcela Fuentes,702945963,3225521161,marcela.fuentes761@outlook.com,"Circular 94 #16-20, Cúcuta",QUE319,605,CDA-44416,17/03/2024,2013.0,309.108,1800,Nissan,Híbrido,Manual,4x4,TAXI,suburbano,no,no,si,si,no,0,0,0
Roberto Nieto,972520966,3193321864,roberto.nieto24@gmail.com,"Carrera 107 #55-22, Cartagena",EGJ736,2245,CDA-50589,10/09/2023,1997.0,2k,,Ford,GASOLINA,cvt,4X4,Particular,Suburbano,yes,false,no,false,si,1,1,0
Andrés Torres,1087383272,3113387175,andrés-torres347@correo.com,"Avenida 88 #35-44, Montería",XWQ379,917,CDA-26359,25-09-2024,2020.0,70942,1500cc,Mazda,GAS,CVT,FWD,Particular,Mixto,no,0,0,false,false,no,false,0
Gloria Mendoza,325446741,3232999368,gloria.mendoza924@outlook.com,"Transversal 99 #64-42, Villavicencio",GSE106,1518,CDA-60054,13-10-2022,2021.0,89.193 km,2400,Nissan,Gas,autom,rwd,escolar,URBANO,false,false,0,false,true,no,no,0
Yolanda Cárdenas,363914109,3135447757,yolandacárdenas599@yahoo.com,"Carrera 44 #27-1, Cali",HJO702,1992,CDA-77135,19-12-2021,2015.0,275k,1500,Mitsubishi,hibrido,manual,AWD,carga,Urbano,false,false,false,,yes,0,false,0
Roberto Nieto,1035370204,3001999345,roberto_nieto111@live.com,"Carrera 72 #15-51, Bogotá",IGG 087,1100,CDA-14370,24/04/2024,2021.0,,4000,Dodge,Gasolina,Automática,fwd,Carga,Suburbano,0,no,no,0,false,no,no,0
Carlos Martínez,375460318,3119470365,carlos_martínez994@correo.com,"Avenida 13 #21-19, Cartagena",RAW 454,1089,CDA-62870,2019-06-05,1996.0,645.6k km,1400,Kia,GSL,automatica,rwd,taxi,Rural,yes,si,no,no,1,si,yes,1
Xiomara Pacheco,219628650,,xiomarapacheco104@correo.com,"Circular 35 #50-87, Medellín",SPB286,2313,CDA-46514,15/05/2020,2013.0,293980,1200,Mitsubishi,Gas Natural,AUTOMATICA,FWD,Escolar,Urbano,true,si,1,false,false,no,no,1
Omar Leal,301399593,3058903221,omar_leal274@correo.com,"Calle 75 #74-31, Neiva",NEL 814,1577,CDA-84064,10/09/2024,2011.0,167524,2400,Volkswagen,DIESEL,MANUAL,4X4,Taxi,urbano,1,,false,,0,0,no,0
Patricia Díaz,569751911,3187228467,patriciadíaz407@yahoo.com,"Carrera 119 #55-62, Villavicencio",QHP032,822,CDA-44170,20/08/2022,2001.0,490k,2200,Volkswagen,Gas,mecánica,4X4,particular,Suburbano,yes,true,0,true,si,no,,1
Camilo Rojas,63244292,3145885366,camilo.rojas415@hotmail.com,"Circular 85 #92-93, Montería",TVM024,896,CDA-67760,2019-05-28,2007.0,507k,3500 cc,Hyundai,Gas,Manual,rwd,carga,Urbano,true,no,1,no,true,true,false,1
Claudia Vargas,44856661,3191604352,claudia_vargas5@live.com,"Circular 61 #94-84, Ibagué",KCQ-770,1001,CDA-17875,04/06/2024,1997.0,958369,1600,Honda,nafta,AUTOMATICA,4x2,taxi,rural,true,si,si,false,0,si,yes,1
Lina Santana,529257878,3245309028,linasantana727@outlook.com,"Circular 77 #27-40, Armenia",ISF355,2047,CDA-39922,2024/03/26,2023.0,25001,2400,Mazda,Gasolina,AUTOMATICA,awd,escolar,,false,,si,yes,0,false,no,1
Marcela Fuentes,974016698,3236422534,marcela_fuentes155@outlook.com,"Diagonal 81 #39-36, Ibagué",NIL 080,19,CDA-90610,2022/04/24,2008.0,291k,1000,Renault,GSL,semiautomatica,4x2,carga,urbano,true,si,,no,no,si,1,1
Sebastián Cruz,1046986799,3132003980,sebastián.cruz268@hotmail.com,"Calle 103 #60-57, Ibagué",TYO281,494,CDA-79126,2020-02-24,1999.0,463509,1300,Hyundai,GSL,cvt,4X2,publico,URBANO,true,1,1,1,yes,false,no,1
Guillermo Ávila,1043261654,3224941380,guillermo.ávila245@gmail.com,"Calle 48 #46-63, Montería",MBF965,1126,CDA-33705,2021/11/19,0.0,196828,1000,Mazda,eléctrico,mecánica,4X4,Particular,RURAL,no,no,no,0,,1,false,1
Natalia Reyes,115175074,3148004639,nataliareyes508@outlook.com,"Avenida 7 #50-99, Manizales",KHK-360,3062,CDA-50701,2021/12/10,2016.0,180.028,2500,Mitsubishi,GSL,MANUAL,RWD,Carga,Suburbano,true,0,,false,,no,false,1
Sandra Castro,157099879,3186373250,sandracastro328@gmail.com,"Carrera 78 #56-46, Medellín",DRZ283,3087,CDA-32273,03/06/2019,1997.0,,4000,Mitsubishi,nafta,Automatio,fwd,carga,rural,true,1,no,,no,0,1,1
Esperanza Vega,526761230,3203260542,esperanza.vega317@hotmail.com,"Calle 79 #94-97, Montería",XTI595,3026,CDA-27573,2021-04-05,2001.0,507980,2400,Dodge,gasolina,cvt,4X2,PUBLICO,rural,0,yes,no,,no,si,no,1
Roberto Nieto,477283687,3127841526,robertonieto395@hotmail.com,"Avenida 91 #82-18, Manizales",IOE-410,1848,CDA-57806,2024/06/21,2004.0,370073,1500,Renault,Gasolina,mecánica,4x4,,rural,0,,si,no,no,yes,1,1
Ingrid Bermúdez,348111667,3203460838,ingrid_bermúdez743@hotmail.com,"Avenida 117 #4-48, Bogotá",ABR-417,2952,CDA-18394,11/11/2018,2010.0,258.976,1300,Dodge,gasolina,autom,rwd,Particular,Rural,no,0,true,yes,false,false,no,1
Patricia Díaz,932744969,3002147117,patriciadíaz607@outlook.com,"Circular 35 #72-96, Pereira",JMG069,1746,CDA-84309,09-04-2021,2009.0,241089,1800 cc,Chevrolet,Gas,mecánica,4X2,particular,mixto,no,no,false,no,no,1,true,0
Catalina Ortiz,254144854,3025855944,catalina-ortiz324@yahoo.com,"Calle 67 #68-49, Armenia",FVI967,1978,CDA-18637,2023/04/26,2001.0,738448,1600,Chevrolet,Gasolina,manul,rwd,Publico,Rural,false,0,no,1,no,1,no,1
Patricia Díaz,463051116,3231186388,patriciadíaz318@live.com,"Carrera 98 #53-52, Medellín",EJJ678,1813,CDA-61185,13-10-2020,2015.0,333824,1850,Nissan,diesel,cvt,awd,Publico,urbano,yes,no,false,no,0,no,0,1
Sandra Castro,336176188,3198499014,sandracastro207@gmail.com,"Avenida 113 #2-30, Pereira",GGP389,1339,CDA-86802,2023/09/23,2014.0,220k,1800,Hyundai,GSL,cvt,4X2,público,rural,1,no,no,no,si,1,no,1
Iván Salcedo,319613760,3215538461,ivánsalcedo525@outlook.com,"Diagonal 106 #54-54, Manizales",MTC727,2223,CDA-54459,2019/02/07,1999.0,764535,1000,Renault,GSL,cvt,awd,TAXI,Suburbano,true,1,si,,1,si,true,1
Adriana Parra,752721677,3217792888,adriana.parra157@hotmail.com,"Carrera 17 #85-74, Cartagena",KBO857,2051,CDA-34123,26-05-2020,1998.0,810894,1000,Toyota,Híbrido,cvt,,Carga,rural,1,yes,no,si,yes,true,yes,1
Ernesto Pineda,1050802782,3003357644,ernestopineda669@hotmail.com,"Avenida 95 #53-83, Barranquilla",KGU415,1010,CDA-96540,03/04/2024,2009.0,188871,1100,Peugeot,gasolina,Mecanica,AWD,PARTICULAR,urbano,no,no,false,true,yes,0,true,0
Alejandro Zapata,31390669,3026732630,alejandro-zapata876@outlook.com,"Diagonal 32 #36-1, Bucaramanga",GQM244,2655,CDA-24146,2022/04/11,2002.0,441.457,1200,Toyota,Gas Natural,Automatio,RWD,Taxi,urbano,si,0,0,si,1,1,,1
Catalina Ortiz,504168492,3134701474,catalinaortiz435@gmail.com,"Diagonal 51 #22-69, Neiva",NVD165,361,CDA-84983,23-02-2023,2014.0,288950,4000 cc,Ford,GAS,manual,rwd,escolar,Rural,,no,,1,1,no,0,1
Ernesto Pineda,58513312,3199635311,ernesto_pineda86@gmail.com,,MZI641,2808,,2023-07-13,2017.0,131264,1300cc,Mitsubishi,GASOLINA,semiautomatica,fwd,Escolar,Rural,0,false,si,no,yes,false,0,1
Jhon Morales,599528645,3206275085,jhon-morales278@hotmail.com,"Diagonal 81 #86-60, Armenia",NTI263,2118,CDA-42480,2024/03/26,2008.0,280.678 km,2000,Suzuki,Gasolina,Automática,4X2,Taxi,Suburbano,,false,false,0,false,no,no,0
José Hernández,562140751,3204449101,joséhernández690@gmail.com,"Carrera 119 #55-29, Pereira",WNM103,2549,CDA-41740,2019/08/01,2020.0,130641 km,2000,Hyundai,GAS,Mecanica,rwd,Carga,Rural,no,false,0,false,true,false,false,1
Marcela Fuentes,788320019,3208179115,marcela.fuentes567@hotmail.com,"Transversal 31 #34-55, Ibagué",AWI-293,1346,CDA-51947,2020/01/17,1996.0,2296,1600,Dodge,Gas,Tiptronic,4x2,escolar,URBANO,0,1,si,1,no,true,false,1
Natalia Reyes,46832367,3171364359,nataliareyes413@hotmail.com,"Carrera 27 #83-55, Ibagué",DJF 809,2967,CDA-51522,2020-09-16,2023.0,27643 km,2200 cc,Suzuki,nafta,AUTOMATICA,rwd,,URBANO,,0,1,,yes,false,no,1
Diana Herrera,554562693,3113398576,diana-herrera499@gmail.com,"Diagonal 71 #90-74, Barranquilla",LUN602,1913,CDA-24542,01/08/2023,9999.0,89.356,1100,Renault,diesel,MANUAL,,TAXI,mixto,no,no,false,false,true,no,,0
Gloria Mendoza,219940283,3141272190,gloria_mendoza928@outlook.com,"Calle 21 #67-72, Montería",HDV 463,345,CDA-19841,24/10/2024,1999.0,322.008 km,1800,Hyundai,GSL,MANUAL,,particular,Rural,true,no,1,1,0,0,,1
Gustavo Barrera,876225807,3108761190,gustavo.barrera426@hotmail.com,"Diagonal 5 #36-68, Cartagena",VNQ 995,987,CDA-28468,2021/01/11,2018.0,217k,1800cc,Peugeot,hibrido,,RWD,escolar,Rural,si,no,false,si,false,false,false,0
Fabio Arévalo,227169152,3127106436,fabioarévalo22@live.com,"Circular 87 #60-6, Bucaramanga",RPB530,2404,CDA-81427,2018/12/05,2002.0,505176,1500,Mitsubishi,Gas,cvt,awd,carga,rural,0,false,true,true,no,no,0,1
Ricardo Peña,1070303162,3012316185,ricardo_peña780@live.com,"Carrera 55 #69-39, Cali",ERE326,744,CDA-60711,23/04/2024,2013.0,277152,1800,Mazda,Electrico,manul,awd,PUBLICO,RURAL,no,true,si,no,no,no,1,1
Lina Santana,97817887,3015620798,lina.santana146@gmail.com,"Avenida 99 #31-53, Pereira",GFZ588,1619,CDA-64982,02/08/2019,2015.0,117732 km,3000,Kia,GAS,Tiptronic,4X2,particular,URBANO,true,false,yes,false,no,no,false,0
Ana Gómez,754804937,3232577572,ana.gómez466@gmail.com,"Carrera 81 #53-33, Pereira",EEX 910,1557,CDA-70555,08/04/2022,2024.0,0,2000,Dodge,Diesel,tiptronic,rwd,PUBLICO,Mixto,1,true,no,false,false,no,no,1
Ana Gómez,377992380,3248276581,ana.gómez122@hotmail.com,"Carrera 102 #25-25, Cúcuta",JPZ206,114,CDA-29472,07-08-2018,1998.0,678k,4000,Volkswagen,GNV,MANUAL,FWD,PARTICULAR,rural,1,si,false,si,,0,1,1
Ana Gómez,599113700,3153389077,ana.gómez920@hotmail.com,"Calle 61 #71-40, Bucaramanga",CAG736,1321,CDA-44148,2024-02-24,2017.0,177974,1100,Kia,eléctrico,Automatio,4X2,TAXI,RURAL,false,no,no,no,false,false,no,1
Esperanza Vega,565492640,3152444902,esperanzavega422@gmail.com,"Diagonal 108 #47-73, Manizales",YCF 726,1242,CDA-23943,2023/07/11,2020.0,93k,3500cc,Chevrolet,GASOLINA,CVT,AWD,Carga,suburbano,false,true,0,false,false,false,no,1
Felipe Ramos,100206716,3239093586,felipe-ramos521@gmail.com,"Transversal 75 #15-72, Pasto",ANO092,1143,CDA-23141,25/06/2020,2008.0,229195,,Ford,GASOLINA,cvt,4x4,PARTICULAR,RURAL,no,no,,,si,no,0,0
Guillermo Ávila,957739935,3168614033,guillermo-ávila233@yahoo.com,"Diagonal 87 #63-89, Bogotá",LUN-656,1928,CDA-83758,2024/10/07,2020.0,91k,1400,Mazda,GNV,Automática,awd,publico,Rural,no,1,no,no,,1,si,1
Iván Salcedo,932884709,3505121563,iván.salcedo605@gmail.com,"Circular 100 #46-63, Barranquilla",HDX-526,1217,CDA-73475,2023/07/01,2014.0,199.488 km,900,Renault,Gasolina,manual,RWD,carga,Mixto,yes,no,0,no,false,no,1,1
Natalia Reyes,203996723,3509360963,nataliareyes283@live.com,"Transversal 46 #71-30, Ibagué",UWF 795,1199,CDA-23961,15-05-2019,2005.0,506907,1000,Peugeot,gas,AUTOMATICA,,PUBLICO,mixto,no,0,no,no,no,0,true,1
Catalina Ortiz,384840983,3014019906,catalina.ortiz643@yahoo.com,"Calle 72 #31-25, Medellín",ZQW954,86,CDA-16955,2019/09/04,1996.0,594631,1000 cc,Peugeot,diesel,tiptronic,4x2,TAXI,URBANO,true,1,no,yes,1,false,no,1
Andrés Torres,114615351,3196227766,andréstorres776@hotmail.com,"Calle 1 #29-40, Cali",VBO583,2272,CDA-16476,05/06/2018,2018.0,128074,1000,Suzuki,Electrico,automatica,4X4,Escolar,RURAL,yes,no,,0,no,no,false,1
Jhon Morales,926174197,3199728952,jhonmorales490@outlook.com,"Avenida 1 #18-29, Bucaramanga",MDI846,669,CDA-94868,09-09-2022,2009.0,76765,1500,Mitsubishi,Híbrido,cvt,awd,Escolar,RURAL,,yes,,1,1,,yes,1
Laura García,873505438,3008631007,lauragarcía709@live.com,"Carrera 21 #10-59, Cúcuta",,1015,CDA-68181,2023-08-14,2003.0,798414,,Toyota,Gas Natural,Tiptronic,AWD,carga,Urbano,si,false,true,1,0,no,true,1
Gloria Mendoza,824099823,3046670004,gloria-mendoza852@live.com,"Calle 38 #39-62, Bucaramanga",AQK999,129,CDA-70693,2023-06-23,2000.0,617937,1500,Renault,Gas,Manual,RWD,TAXI,Urbano,0,si,0,0,false,0,no,1
Catalina Ortiz,344951785,3238433666,catalina-ortiz230@live.com,"Avenida 18 #46-93, Bogotá",GBS 915,2609,CDA-87611,17/05/2022,1995.0,920111,2500 cc,Nissan,gasolina,cvt,4x4,público,RURAL,true,true,no,1,false,0,si,1
Natalia Reyes,616061654,3171703613,natalia_reyes102@live.com,"Circular 11 #22-12, Montería",VUD351,1403,CDA-84459,26/10/2023,2013.0,372.820,1700,Ford,gas,Automática,4X2,PUBLICO,rural,no,0,si,no,,1,false,1
Sandra Castro,233303922,3223235474,sandracastro379@live.com,"Avenida 82 #23-61, Barranquilla",WSY453,892,CDA-90057,20-07-2022,2018.0,172.827,4000,Volkswagen,GASOLINA,autom,4x4,público,Urbano,0,si,no,si,no,false,0,1
Jhon Morales,462681642,3055636791,jhon-morales382@yahoo.com,"Transversal 6 #40-31, Bogotá",TPV804,2507,CDA-89183,2023/09/01,1999.0,1177955,1300,Toyota,,MANUAL,RWD,público,Urbano,no,no,0,no,no,true,no,0
Marcela Fuentes,314657099,3248142454,marcela-fuentes28@gmail.com,"Carrera 85 #95-69, Neiva",WHE 706,308,CDA-51654,09/05/2020,2000.0,296k,2400cc,Hyundai,Gas,tiptronic,AWD,particular,Urbano,no,1,yes,,si,yes,false,1
Sebastián Cruz,430428341,3026380919,sebastián-cruz61@yahoo.com,"Diagonal 57 #69-12, Villavicencio",XQX-463,384,CDA-63317,06/11/2022,2007.0,357k,1400,Fiat,Híbrido,manul,fwd,Publico,rural,si,false,no,0,no,1,no,1
Viviana Suárez,148233318,3132920551,,"Diagonal 98 #48-78, Villavicencio",YIS395,151,CDA-67345,12/07/2020,2007.0,274162,3000,Dodge,Electrico,Automática,,particular,,false,true,0,,1,no,no,1
Felipe Ramos,1047678043,3053024388,feliperamos742@live.com,"Transversal 113 #62-7, Armenia",XPR638,1318,CDA-72964,02-12-2023,1999.0,567770,1200 cc,Renault,,Tiptronic,4x2,Carga,suburbano,0,true,no,yes,si,true,no,1
Guillermo Ávila,91592998,3117174635,guillermo_ávila352@gmail.com,"Circular 5 #3-52, Pereira",CCA925,1810,CDA-31933,2020/03/30,2005.0,361525,1300,Hyundai,gasolina,automatica,4x4,Particular,URBANO,no,1,false,0,yes,no,false,1
Iván Salcedo,741238238,,iván.salcedo884@correo.com,"Carrera 99 #50-53, Manizales",TCO343,2160,CDA-87301,2024-02-12,2008.0,466.922,2400,Fiat,GNV,semiautomatica,4x2,publico,mixto,yes,no,false,0,no,no,false,1
Marcela Fuentes,506521713,3502217490,marcela-fuentes592@outlook.com,"Transversal 19 #15-1, Armenia",ACE488,427,CDA-40562,26-12-2022,2016.0,85.262,2200,Kia,nafta,Mecanica,4x4,Particular,Mixto,,0,true,1,false,yes,0,1
Esperanza Vega,34868511,3127744629,esperanza-vega55@gmail.com,"Carrera 23 #10-87, Bucaramanga",QLY697,495,CDA-44801,2021/07/18,2014.0,218540,2400,Kia,Gasolina,AUTOMATICA,FWD,particular,mixto,false,false,no,false,1,no,false,1
Felipe Ramos,1021493326,3042482204,feliperamos260@correo.com,"Transversal 19 #96-85, Cúcuta",VRP-493,1208,CDA-57636,20/10/2020,2024.0,0,2400,Kia,gnv,Automatio,awd,publico,Mixto,0,false,no,0,false,no,false,1
Darío Acosta,1043090428,3026909825,,"Carrera 22 #20-21, Bucaramanga",SWJ-175,1707,CDA-78409,26-01-2020,2007.0,510753,1950,Honda,GNV,Automatio,fwd,Carga,Suburbano,no,0,si,no,no,0,false,1
Camilo Rojas,593674277,3205152500,,"Diagonal 40 #94-40, Bucaramanga",QKY-327,1914,CDA-31676,2024-11-26,2009.0,431345,2400,Renault,GSL,tiptronic,fwd,TAXI,URBANO,no,true,no,0,1,si,false,1
Laura García,724401618,3502473553,laura-garcía952@gmail.com,"Avenida 65 #40-40, Medellín",YJH888,1209,CDA-13557,12/02/2024,2007.0,147700,2200cc,Renault,Gasolina,semiautomatica,FWD,Particular,Suburbano,0,no,,0,true,true,no,0
Luis Rodríguez,442713646,3007334130,luis_rodríguez849@outlook.com,"Calle 53 #88-59, Medellín",CBQ-114,2670,CDA-49513,2023/07/29,2015.0,267k,2200,Mitsubishi,Híbrido,manual,4x4,escolar,URBANO,false,true,no,0,1,no,no,1
Marcela Fuentes,65686409,3145421308,,"Circular 89 #73-88, Medellín",CKL864,2419,CDA-80012,2024-10-21,2017.0,195.5k km,4000 cc,Ford,Gasolina,,4x2,Carga,URBANO,false,0,no,no,,no,no,0
Mónica Aguirre,917462763,3041381798,mónica-aguirre212@hotmail.com,"Avenida 5 #60-7, Cartagena",WKB 816,3109,CDA-44984,16/08/2019,2022.0,34.055,4000,Dodge,hibrido,mecánica,4X2,PARTICULAR,URBANO,no,,no,0,,0,0,0
Carlos Martínez,962481096,3195832683,carlosmartínez173@correo.com,"Calle 113 #25-44, Manizales",BGW653,1240,CDA-72381,2019/09/13,1997.0,1.004.750,2200,Kia,Gas,cvt,rwd,PUBLICO,Suburbano,si,true,yes,yes,no,no,0,1
Lina Santana,824265799,3164986952,lina.santana375@live.com,"Diagonal 99 #56-58, Cali",CPD-640,1614,CDA-71725,24/01/2019,2015.0,131847,2500,Hyundai,hibrido,manul,4x2,particular,suburbano,,0,false,no,false,1,,0
Gustavo Barrera,92253997,3183654289,gustavo-barrera811@outlook.com,"Calle 120 #91-36, Barranquilla",ADY 207,1587,CDA-22219,2023/10/24,2015.0,236909,1500,Fiat,Gasolina,autom,4X2,Carga,mixto,no,0,1,no,0,no,false,1
Sandra Castro,168771870,3019132441,sandra.castro818@correo.com,"Transversal 20 #46-14, Ibagué",QSE387,276,CDA-28625,08-05-2022,2005.0,540k,1000,Toyota,gasolina,cvt,AWD,TAXI,Urbano,true,no,no,0,1,yes,true,0
Patricia Díaz,267709274,3108402708,patriciadíaz251@outlook.com,"Carrera 10 #12-40, Ibagué",FZC 054,490,CDA-66621,01-10-2021,2002.0,,4000,Toyota,,Automatio,awd,público,URBANO,no,no,no,0,1,no,no,0
Xiomara Pacheco,793328315,3184615600,xiomara_pacheco238@live.com,"Avenida 85 #86-65, Bogotá",EKJ985,1476,CDA-43289,07/11/2023,2016.0,238.9k km,2000,Ford,DIESEL,Automatio,AWD,taxi,Rural,no,no,true,no,no,true,false,1
José Hernández,908025843,3207995820,josé_hernández335@live.com,"Carrera 108 #56-27, Neiva",QZR-318,1230,CDA-70036,2023-11-27,2012.0,498947,2900,Kia,gas,Mecanica,awd,escolar,RURAL,no,true,si,1,yes,,no,1
Guillermo Ávila,224703816,3509627289,guillermoávila762@hotmail.com,"Avenida 77 #78-26, Medellín",ISI299,691,CDA-71072,2022-05-01,2009.0,334.391 km,,Hyundai,GSL,semiautomatica,4X4,Escolar,urbano,si,yes,no,,true,0,false,1
Camilo Rojas,533130735,3144412265,camilorojas483@yahoo.com,"Circular 6 #20-24, Cali",PJE-904,1607,CDA-96831,04/06/2024,2001.0,596k,1500,Volkswagen,GNV,Automática,AWD,público,RURAL,true,yes,yes,1,false,yes,false,1
Andrés Torres,785896951,3168311414,andrés.torres32@gmail.com,"Avenida 57 #88-56, Cúcuta",LRU837,2228,CDA-14135,2019-06-19,2018.0,122980,2500,Volkswagen,eléctrico,Manual,rwd,público,RURAL,no,yes,no,0,no,0,no,1
Yolanda Cárdenas,193057118,3131352431,yolanda_cárdenas187@yahoo.com,"Carrera 96 #66-17, Villavicencio",UNX-140,3102,CDA-15826,2021-12-07,1999.0,4832,1500,Dodge,eléctrico,Automática,4x2,Escolar,Suburbano,no,yes,0,no,no,si,no,1
Marcela Fuentes,685690561,3188055728,marcelafuentes794@hotmail.com,"Circular 24 #46-98, Manizales",UNO318,1456,CDA-21835,,2014.0,117942,2000,Volkswagen,Diesel,Automática,fwd,público,RURAL,no,false,false,true,true,0,no,1
Camilo Rojas,231839806,3508495317,camilo-rojas176@gmail.com,"Avenida 86 #38-66, Villavicencio",KXQ656,2427,CDA-37177,2021-08-19,2024.0,0,1000,Suzuki,GASOLINA,semiautomatica,rwd,público,Suburbano,no,no,,0,false,false,no,0
Lina Santana,865772551,3506019825,lina_santana602@hotmail.com,"Diagonal 95 #88-22, Cúcuta",RZX422,2290,CDA-97373,2020-10-08,2014.0,356677,2000,Hyundai,Gas Natural,manul,AWD,Publico,suburbano,no,0,true,no,false,yes,0,1
Laura García,142260930,3164723313,laura_garcía605@live.com,"Carrera 77 #58-24, Bogotá",ZTI-404,1059,CDA-28350,,2011.0,226800,1800cc,Volkswagen,Gasolina,tiptronic,4X2,particular,RURAL,false,0,false,no,true,no,1,1
Andrés Torres,1082831336,3049995633,andrés-torres258@gmail.com,"Circular 90 #50-87, Neiva",SIQ838,119,CDA-89761,2023/01/13,2021.0,100713,2550,Peugeot,GASOLINA,automatica,4X4,carga,URBANO,false,no,no,false,true,,false,0
Xiomara Pacheco,735872238,3029049251,xiomara_pacheco974@correo.com,"Diagonal 119 #77-88, Cali",XPG820,1025,CDA-17347,12-08-2023,2011.0,493.435,1600 cc,Volkswagen,,Mecanica,4x4,público,URBANO,si,1,no,no,true,yes,false,1
Fabio Arévalo,190110388,3167791060,fabio_arévalo980@hotmail.com,"Avenida 30 #20-85, Montería",DEX831,3015,CDA-63817,28/12/2019,2000.0,494952,1000,Peugeot,gasolina,mecánica,4X2,Publico,urbano,1,si,no,si,yes,yes,no,1
Lina Santana,31209244,3109636401,lina.santana335@hotmail.com,"Calle 21 #52-18, Cartagena",KOX-052,282,CDA-23680,03/01/2018,2010.0,336051,1400 cc,Ford,nafta,semiautomatica,4X2,Particular,Suburbano,false,false,si,false,false,false,0,0
Adriana Parra,251568546,3122111195,adrianaparra39@gmail.com,"Diagonal 105 #17-82, Cúcuta",VMC738,1873,CDA-90085,21-10-2018,2012.0,272.276,1100 cc,Mazda,eléctrico,MANUAL,AWD,carga,mixto,no,no,false,1,0,0,si,1
,60497829,3199178533,andréstorres819@correo.com,"Diagonal 107 #70-35, Ibagué",GQX477,1317,CDA-81213,2024/02/16,2014.0,170116,1100,Mazda,Híbrido,Manual,awd,publico,urbano,false,no,false,,false,0,0,0
Natalia Reyes,943320112,3212278996,nataliareyes688@correo.com,"Carrera 102 #83-94, Armenia",XHL-054,2567,CDA-28378,27-04-2022,1998.0,273.489 km,1200,Peugeot,GASOLINA,autom,RWD,PARTICULAR,suburbano,,,no,false,si,0,no,1
Héctor Montoya,29299555,3249599688,héctor.montoya51@correo.com,"Diagonal 109 #88-42, Cartagena",JUI165,969,CDA-63548,2024-11-30,2011.0,321.1k km,3000,Toyota,gas,Manual,4X2,escolar,rural,0,0,no,false,no,false,1,1
Mónica Aguirre,42280131,3231026249,mónica-aguirre610@correo.com,"Circular 19 #20-65, Montería",FCD-027,1405,CDA-65274,21/05/2021,2000.0,779288,1550,Fiat,Diesel,cvt,4x2,TAXI,mixto,no,false,yes,si,no,0,false,1
Alejandro Zapata,434625654,3167186434,alejandro-zapata497@yahoo.com,"Transversal 108 #26-35, Bucaramanga",TDO430,2989,CDA-49013,2022-08-05,2000.0,396563 km,2000 cc,Renault,gasolina,Tiptronic,4x2,,Rural,false,0,si,true,0,si,yes,1
Esperanza Vega,523335463,3044397593,esperanza-vega600@hotmail.com,"Calle 118 #56-49, Bogotá",CFA-116,2634,CDA-39622,2023-06-19,2000.0,656035,2000,Honda,Gas,Automática,FWD,escolar,Mixto,1,0,0,yes,1,no,false,1
Luis Rodríguez,1022032083,3047479452,luisrodríguez895@hotmail.com,"Diagonal 61 #46-2, Montería",YLQ-653,1957,CDA-58538,,2022.0,17964,3500,Mazda,GNV,Mecanica,4x2,Taxi,rural,no,,no,no,yes,no,no,0
Sebastián Cruz,332258376,3002782278,sebastián_cruz524@correo.com,"Transversal 101 #75-92, Pereira",JPR 176,156,CDA-39436,2024/06/10,1995.0,569628,3000,Hyundai,gasolina,AUTOMATICA,fwd,Escolar,RURAL,yes,si,yes,,1,false,false,1
Ingrid Bermúdez,176284304,3221424015,ingridbermúdez476@gmail.com,"Calle 52 #25-58, Neiva",XRY-211,305,CDA-46655,2020-07-05,2008.0,238495,3000,Renault,gasolina,,fwd,PARTICULAR,Urbano,false,no,,yes,si,no,0,1
Mónica Aguirre,527869920,3169752821,mónica.aguirre569@yahoo.com,"Circular 71 #40-46, Montería",MOM873,2877,CDA-67337,2024/02/20,1996.0,302000 km,4000,Renault,Gas,cvt,awd,Particular,,,yes,no,yes,si,no,no,1
Esperanza Vega,361151178,3234585665,esperanza_vega760@yahoo.com,"Calle 63 #97-87, Montería",KPE754,2802,CDA-76807,,2010.0,632768,1000 cc,Hyundai,nafta,cvt,4x2,Publico,RURAL,no,si,no,0,yes,true,no,1
Gloria Mendoza,927227582,3122352210,,"Avenida 35 #27-24, Pereira",ASD399,3025,CDA-95486,2023-01-23,2000.0,263.4k km,900,Honda,eléctrico,manul,FWD,Publico,Mixto,,yes,no,0,false,0,0,1
Ingrid Bermúdez,884973704,3041266545,ingrid.bermúdez815@live.com,"Transversal 83 #1-74, Cartagena",ZQC677,2078,CDA-54222,2018-06-16,1996.0,952.815,1100cc,Toyota,diesel,Tiptronic,FWD,público,URBANO,no,false,no,1,true,0,no,1
Esperanza Vega,877585813,3002824139,esperanzavega309@gmail.com,"Transversal 28 #6-23, Medellín",WJS312,2464,CDA-83941,30-10-2022,1998.0,408655,1100 cc,Kia,GSL,,AWD,taxi,suburbano,si,yes,no,false,no,true,yes,1
Alejandro Zapata,638944008,3053554322,alejandro-zapata667@yahoo.com,"Transversal 48 #17-81, Barranquilla",HJH856,1308,CDA-24993,2023/06/05,1995.0,723016,2500 cc,Toyota,Electrico,,4X2,TAXI,RURAL,no,0,true,0,,yes,yes,1
Mauricio Ruiz,307997706,3221040980,mauricio-ruiz199@outlook.com,"Circular 22 #62-60, Manizales",MQK429,1801,CDA-78322,2020/11/14,2013.0,431848 km,2100,Kia,GSL,manual,4X2,Escolar,Urbano,false,0,1,no,true,0,yes,1
Darío Acosta,1031783591,3502748618,darío_acosta657@outlook.com,"Carrera 81 #14-97, Villavicencio",MPR655,576,CDA-59249,02/04/2024,2006.0,90898,1500 cc,Peugeot,Gas,semiautomatica,AWD,particular,RURAL,false,no,si,yes,true,,,1
Felipe Ramos,904689066,3053262439,felipe-ramos416@live.com,"Avenida 66 #9-96, Cartagena",CFW300,2158,CDA-88585,28-02-2024,2024.0,0.0k km,2500,Kia,DIESEL,automatica,FWD,Taxi,suburbano,false,no,,0,0,true,1,1
Gloria Mendoza,114133571,3504173806,gloria_mendoza393@live.com,"Calle 81 #31-13, Bucaramanga",FXN 766,2824,CDA-26000,26/07/2021,2008.0,138826,2500,Peugeot,eléctrico,semiautomatica,RWD,particular,rural,no,no,no,no,1,0,,0
Xiomara Pacheco,689681189,3142072143,xiomara_pacheco925@outlook.com,"Diagonal 12 #46-19, Neiva",SNI 902,2879,CDA-30434,23/06/2023,2010.0,,3500 cc,Ford,Híbrido,manual,4X2,particular,Urbano,1,si,no,0,1,no,false,1
Natalia Reyes,716270602,3188919552,natalia.reyes379@correo.com,"Circular 35 #16-60, Medellín",UPJ-508,1300,,2022-01-17,2022.0,54825,,Kia,GNV,automatica,rwd,PUBLICO,suburbano,no,no,0,false,no,,no,0
Darío Acosta,960348973,3135802484,daríoacosta820@hotmail.com,"Diagonal 9 #33-10, Barranquilla",IKR 713,2471,CDA-14179,21/07/2021,2006.0,594852,1600,Hyundai,GSL,Automatio,4X4,PUBLICO,Rural,yes,0,no,no,yes,yes,no,1
Adriana Parra,168955858,3171145437,adriana-parra427@correo.com,"Transversal 41 #76-42, Ibagué",SNE214,1613,CDA-69541,31/12/2023,2021.0,94869,4100,Peugeot,Diesel,Tiptronic,RWD,taxi,rural,false,no,false,0,1,no,no,1
Fabio Arévalo,1034668672,3047140284,fabio-arévalo48@hotmail.com,"Calle 98 #94-78, Cartagena",AEG220,2679,CDA-82287,03/01/2024,1998.0,668592,1600 cc,Nissan,GSL,CVT,4X4,escolar,RURAL,si,true,si,1,false,si,0,1
Catalina Ortiz,725907044,3028657065,catalina.ortiz182@yahoo.com,"Calle 94 #75-59, Ibagué",GMS312,844,CDA-36777,10-06-2018,1999.0,418.021,3500,Fiat,GASOLINA,semiautomatica,AWD,Particular,Urbano,false,si,yes,false,0,true,no,1
Catalina Ortiz,443590150,3202030433,catalina-ortiz425@live.com,"Circular 22 #49-8, Pereira",MIU524,1538,CDA-42805,01/04/2024,2004.0,420k,1600,Fiat,gas,Automatio,awd,público,mixto,no,no,yes,true,false,false,no,1
Natalia Reyes,876581954,3238615232,nataliareyes221@gmail.com,"Diagonal 115 #62-30, Medellín",ZEL374,270,CDA-79522,2023/05/01,2008.0,415.688,2400 cc,Kia,gasolina,manul,FWD,público,Urbano,si,no,yes,0,no,yes,0,1
José Hernández,515661513,3223640755,josé_hernández623@correo.com,"Diagonal 76 #52-49, Pasto",SWS657,630,CDA-24153,22/03/2018,2005.0,630922,1800,Honda,GAS,automatica,fwd,Publico,urbano,true,yes,1,yes,false,false,no,1
Xiomara Pacheco,753629926,3011665452,xiomara-pacheco345@live.com,"Carrera 24 #94-82, Pereira",LQH702,1034,CDA-37450,16/03/2018,2011.0,232860,2000,Suzuki,gas,automatica,AWD,particular,Suburbano,false,false,no,0,yes,no,no,1
Mónica Aguirre,73747869,3216733093,mónica.aguirre794@gmail.com,"Transversal 63 #69-11, Bucaramanga",IAV 769,287,CDA-92611,2019/03/08,2000.0,343k,1900,Chevrolet,Gasolina,MANUAL,awd,PARTICULAR,urbano,0,si,no,true,false,false,yes,1
Felipe Ramos,976980162,3135191200,feliperamos788@correo.com,"Calle 95 #1-74, Armenia",LAA972,1327,CDA-90466,,2016.0,86183,2500,Renault,Electrico,manual,awd,PARTICULAR,suburbano,yes,no,yes,false,,no,yes,1
Esperanza Vega,868581361,3107856905,esperanza.vega386@live.com,"Carrera 94 #3-21, Bogotá",BIU912,880,CDA-48941,,2024.0,0,1600,Renault,Gas,semiautomatica,AWD,escolar,mixto,false,no,no,1,1,0,no,1
Xiomara Pacheco,775593623,3242986324,xiomara_pacheco714@correo.com,"Carrera 12 #42-8, Pasto",KHD040,301,CDA-95036,22/11/2020,2020.0,75k,1100 cc,Kia,Electrico,Automatio,4X4,PUBLICO,mixto,,false,no,no,1,no,false,0
Laura García,864443218,3023631860,lauragarcía707@live.com,"Transversal 22 #99-68, Manizales",LPK296,1657,CDA-87735,30/09/2018,1995.0,456k,1200 cc,Renault,gasolina,MANUAL,4X2,particular,suburbano,no,no,0,true,yes,yes,0,0
Adriana Parra,264315299,3503865882,adrianaparra650@gmail.com,"Carrera 68 #24-23, Manizales",PAT788,2342,CDA-24955,2024-01-14,2002.0,371.676,2500,Dodge,Electrico,automatica,RWD,PARTICULAR,Urbano,si,1,false,1,0,no,0,1
Iván Salcedo,524297990,3121232232,iván-salcedo35@hotmail.com,"Calle 96 #94-1, Cartagena",TWG 268,1950,CDA-82562,03/05/2019,2006.0,443061,2500cc,Dodge,GNV,semiautomatica,RWD,Carga,URBANO,si,false,no,no,si,1,no,1
Adriana Parra,237034799,3229225201,adriana_parra87@outlook.com,"Diagonal 112 #58-85, Villavicencio",HHY304,2231,CDA-50637,25/09/2021,2017.0,139056,2400cc,Volkswagen,GAS,autom,rwd,Carga,URBANO,0,yes,true,no,no,true,,1
Adriana Parra,188780606,3243605071,adrianaparra317@hotmail.com,"Avenida 57 #81-17, Cali",EAJ 984,66,CDA-81898,18/01/2024,2024.0,0,4000,Fiat,nafta,CVT,4X4,particular,urbano,false,no,no,0,false,0,0,0
Esperanza Vega,453661167,3243622839,esperanzavega28@gmail.com,"Diagonal 94 #42-55, Bogotá",YAE 644,2443,CDA-12380,2018-05-17,1998.0,238805,1200,Dodge,DIESEL,MANUAL,4X2,Particular,Mixto,yes,yes,si,1,,yes,,1
Sandra Castro,274970639,3053464296,sandra-castro270@yahoo.com,"Calle 107 #71-73, Manizales",UMB-728,891,CDA-71280,,2005.0,591918,1000,Honda,Híbrido,Tiptronic,awd,Publico,rural,false,0,no,,si,no,1,0
Adriana Parra,811781125,3004075944,adriana.parra977@gmail.com,"Carrera 25 #20-14, Bucaramanga",FTJ662,1821,CDA-72627,02-06-2020,2013.0,264.171 km,2200,Fiat,gas,Automática,4x4,escolar,,no,no,0,si,0,false,0,0
Mauricio Ruiz,80887470,3207388241,mauricioruiz542@outlook.com,"Transversal 41 #68-80, Ibagué",,2860,CDA-77438,23-04-2020,2016.0,211.646,3000 cc,Mazda,gasolina,Automatio,awd,TAXI,RURAL,no,no,,0,true,no,false,0
María López,839406408,3205743511,maría_lópez659@correo.com,"Carrera 50 #20-98, Bucaramanga",MKG253,2079,CDA-16707,2021/03/10,2016.0,191k,1800cc,Chevrolet,gas,manul,AWD,Publico,suburbano,0,0,no,0,true,0,0,0
Gustavo Barrera,634276478,3009011814,gustavobarrera103@live.com,"Transversal 54 #15-58, Neiva",SAZ 609,1492,CDA-65899,08-07-2022,1999.0,1104662,2200,Kia,Gas,Automatio,RWD,Carga,RURAL,yes,0,1,,yes,0,0,1
Darío Acosta,692375691,3206787556,darío-acosta224@outlook.com,"Circular 70 #38-40, Bucaramanga",SEP082,231,CDA-66512,05/08/2018,2019.0,317.358,1600,Renault,eléctrico,semiautomatica,4x4,Carga,rural,no,no,no,no,0,no,no,1
Felipe Ramos,763995311,3202192376,felipe_ramos114@correo.com,"Circular 90 #49-50, Bogotá",KPF-006,504,CDA-95577,2023/01/18,1997.0,789k,1600,Honda,diesel,CVT,rwd,público,urbano,si,0,si,no,0,,si,1
Esperanza Vega,300438153,3198178476,,"Avenida 40 #96-99, Pereira",KTP 931,3094,CDA-48913,21-10-2019,2022.0,33776,3000cc,Mazda,DIESEL,Automática,fwd,PARTICULAR,mixto,no,no,0,no,false,no,0,1
Camilo Rojas,736635512,3015479864,camilo.rojas12@yahoo.com,"Avenida 74 #1-35, Barranquilla",RZM591,1658,CDA-79989,11-06-2021,2000.0,837167,1200cc,Renault,gasolina,Manual,AWD,Escolar,Suburbano,,si,yes,yes,si,si,false,1
Gloria Mendoza,949506370,3124863324,gloriamendoza744@live.com,"Circular 60 #63-19, Barranquilla",CQK482,1766,CDA-64167,2023-05-13,2012.0,134k,2200,Mazda,nafta,manul,4x4,particular,Mixto,no,1,,false,si,false,no,1
Iván Salcedo,319005880,3163408840,iván.salcedo992@correo.com,"Circular 100 #69-88, Bucaramanga",XUV-148,1504,CDA-80206,2023/08/27,2000.0,599392,1500,Toyota,hibrido,tiptronic,4X4,carga,Urbano,1,true,0,no,0,,no,1
Ana Gómez,592953878,3058544389,anagómez360@hotmail.com,"Avenida 74 #32-98, Pasto",IGJ415,1005,CDA-70732,03-09-2019,2002.0,665206,2500,Nissan,nafta,autom,rwd,PUBLICO,URBANO,0,0,1,no,false,0,false,1
Marcela Fuentes,533913639,3011972955,marcela_fuentes544@hotmail.com,"Avenida 22 #99-97, Neiva",XFG 046,837,CDA-72529,07/04/2021,1998.0,952347,1200,TOYOTA,Gas,tiptronic,4x2,Escolar,rural,no,false,si,yes,no,no,false,1
Ana Gómez,436291702,3102521599,ana_gómez197@outlook.com,"Carrera 81 #50-91, Cartagena",TNW644,2981,CDA-48367,2022/11/02,2009.0,404k,1500,Volkswagen,Gas,Manual,4X4,TAXI,Urbano,no,no,,no,no,0,1,1
Lina Santana,502920770,3017908768,lina-santana190@correo.com,"Avenida 40 #2-13, Neiva",QIG298,375,CDA-97576,18/02/2021,2022.0,49k,,Suzuki,diesel,MANUAL,rwd,PARTICULAR,urbano,0,0,no,0,no,0,no,0
Andrés Torres,811850023,3149661195,andrés-torres739@yahoo.com,"Avenida 26 #41-18, Cartagena",HJU-628,2887,CDA-98699,2021-09-22,2007.0,357903,1800,Chevrolet,Gasolina,Tiptronic,AWD,TAXI,URBANO,si,false,no,false,false,no,false,1
Patricia Mejía,683817047,3012008819,patricia-mejía957@live.com,"Transversal 53 #55-92, Bucaramanga",GSH 581,2395,CDA-63399,2020-06-10,2000.0,,4000cc,Renault,GSL,CVT,AWD,TAXI,rural,yes,no,,true,no,yes,no,1
Claudia Vargas,747145044,3503181100,claudia-vargas262@gmail.com,"Diagonal 52 #71-39, Bucaramanga",PSX099,2440,CDA-34638,15/02/2023,2020.0,51.802,1000 cc,Hyundai,gasolina,CVT,FWD,Publico,mixto,no,no,no,0,no,0,true,0
Ingrid Bermúdez,944513895,3203639446,ingridbermúdez44@yahoo.com,"Circular 23 #70-12, Cartagena",MKP982,940,CDA-34662,23/05/2020,2000.0,299.1k km,,Mitsubishi,Híbrido,autom,AWD,PARTICULAR,Urbano,no,si,true,si,yes,si,no,1
Claudia Vargas,136798825,3002366580,claudia.vargas675@outlook.com,"Transversal 66 #2-87, Armenia",KQF248,1322,CDA-52836,2020/05/30,1997.0,782.262,1100,Dodge,eléctrico,Mecanica,4x4,Publico,mixto,0,si,0,yes,,si,si,1
Andrés Torres,185026978,3175440282,andréstorres259@hotmail.com,"Diagonal 12 #63-21, Villavicencio",WGV494,2282,CDA-74669,02/03/2021,2006.0,,4000,Volkswagen,GASOLINA,autom,FWD,PUBLICO,Suburbano,0,false,0,,,false,0,1
Luis Rodríguez,,3144059214,luisrodríguez830@outlook.com,"Avenida 33 #88-34, Montería",IHA483,752,CDA-83018,2024-05-07,1999.0,2176,1200cc,Nissan,GAS,,,PARTICULAR,Rural,si,false,,no,si,no,no,0
Esperanza Vega,704165453,3174560421,esperanzavega754@live.com,"Calle 72 #8-7, Pereira",MJP-687,100,,10-04-2022,2016.0,185924,4000,Fiat,GNV,autom,4x4,Taxi,urbano,false,no,no,no,no,,no,0
Omar Leal,198636139,3125022711,omar_leal166@gmail.com,"Calle 110 #10-88, Barranquilla",RZB 434,2074,CDA-16537,05-10-2023,2024.0,0 km,1050,Volkswagen,Gas Natural,tiptronic,awd,Publico,suburbano,0,no,,no,no,no,no,0
Viviana Suárez,,3237189931,viviana_suárez612@yahoo.com,"Circular 90 #73-60, Cartagena",LWB-209,867,CDA-33428,2021-04-18,2019.0,340253,1200,Nissan,Electrico,manul,4x4,publico,Mixto,0,0,no,1,false,0,,0
Guillermo Ávila,216349637,3053077920,guillermo.ávila322@hotmail.com,"Avenida 29 #25-70, Bucaramanga",AQK451,911,CDA-33108,24-07-2018,1996.0,635.366,1400,Hyundai,GSL,manual,awd,público,Urbano,true,true,no,false,0,si,false,1
Natalia Reyes,432945155,3024945353,natalia_reyes387@correo.com,"Transversal 100 #91-37, Bucaramanga",XCH021,2336,CDA-25468,04-11-2019,1998.0,762164,3000 cc,Fiat,Híbrido,AUTOMATICA,RWD,Publico,urbano,true,no,false,no,yes,no,yes,1
Xiomara Pacheco,115760054,3245665397,xiomara.pacheco853@hotmail.com,"Carrera 45 #82-89, Barranquilla",CFS 716,530,CDA-69195,12-07-2024,2001.0,419005,1300,Kia,gasolina,MANUAL,FWD,Escolar,urbano,1,0,yes,yes,false,no,false,1
Guillermo Ávila,708321269,3208069596,guillermo-ávila648@live.com,"Circular 67 #45-10, Bucaramanga",YMB731,1261,CDA-39058,14/11/2020,2009.0,437811 km,1600,Mazda,hibrido,AUTOMATICA,RWD,Publico,Rural,yes,si,false,0,true,,false,1
Patricia Díaz,713995282,,patricia-díaz959@gmail.com,"Diagonal 19 #93-35, Barranquilla",IOM997,2003,CDA-83736,2019-01-05,1996.0,533591,2200 cc,Mitsubishi,GNV,manual,RWD,Taxi,Suburbano,yes,no,yes,si,false,,no,1
Mauricio Ruiz,531726914,3144481621,mauricio_ruiz82@live.com,"Avenida 98 #57-71, Cartagena",EWY083,637,CDA-76812,31/12/2022,,904039,3500,Suzuki,Diesel,Automatio,4x2,carga,Urbano,si,yes,false,true,no,false,false,1
Felipe Ramos,751223477,3222924652,felipe_ramos307@outlook.com,"Circular 45 #19-18, Cúcuta",YXS664,1270,CDA-16147,2021/10/22,2011.0,445519,2200,Mazda,Gas Natural,tiptronic,AWD,TAXI,rural,no,,no,no,no,yes,0,1
Omar Leal,934192973,3202522272,omarleal206@hotmail.com,"Circular 82 #11-44, Cartagena",NAP903,186,CDA-79352,,2013.0,333905,2200,Honda,Gas,semiautomatica,4X4,PUBLICO,Urbano,0,no,no,yes,0,no,no,1
Patricia Mejía,365615529,3197465979,patricia_mejía421@yahoo.com,"Circular 31 #78-67, Cartagena",HTW 312,2099,CDA-75022,07/03/2021,2019.0,66734 km,1200,Fiat,Diesel,tiptronic,RWD,TAXI,RURAL,no,false,0,no,0,no,false,1
José Hernández,492046693,3004178759,josé-hernández177@live.com,"Calle 102 #8-73, Medellín",WRQ327,1645,CDA-85795,13/07/2024,9999.0,442833 km,3000 cc,Volkswagen,Electrico,MANUAL,RWD,PUBLICO,Suburbano,true,no,1,no,yes,no,no,1
Carlos Martínez,377895964,3166583640,carlos-martínez837@hotmail.com,"Circular 42 #79-9, Pereira",PFR179,489,CDA-75258,16/03/2019,2010.0,527k,1600cc,Nissan,,Manual,RWD,PUBLICO,Urbano,true,no,no,no,1,false,,1
Yolanda Cárdenas,214306808,3018431175,yolanda_cárdenas341@hotmail.com,"Calle 93 #45-91, Bogotá",XCP715,932,CDA-26171,16-09-2018,2008.0,625738,3500,Mazda,eléctrico,Mecanica,RWD,taxi,urbano,true,1,0,no,0,si,si,1
Viviana Suárez,137994092,3137536959,viviana_suárez493@hotmail.com,"Transversal 36 #2-1, Medellín",UGF337,1884,CDA-90763,09/11/2020,2022.0,41113,4000,Nissan,GASOLINA,autom,4x2,Publico,urbano,no,,,no,yes,1,,1
José Hernández,496282792,3024486191,joséhernández825@yahoo.com,"Carrera 47 #72-96, Barranquilla",HCG-693,2933,CDA-66897,2020-04-27,2014.0,109984,2200,Ford,DIESEL,AUTOMATICA,rwd,Particular,urbano,no,no,no,0,false,no,0,0
Sebastián Cruz,186515939,3124025444,,"Avenida 25 #29-90, Neiva",GCH542,2896,CDA-94560,13/02/2018,2004.0,1088k,1800,Chevrolet,gasolina,AUTOMATICA,FWD,taxi,URBANO,no,0,no,1,no,no,no,1
Carlos Martínez,361986556,3156821918,carlosmartínez82@hotmail.com,"Carrera 113 #26-6, Manizales",MAM072,2692,CDA-31380,05-07-2019,2001.0,532896 km,3500,Nissan,Electrico,Mecanica,RWD,TAXI,Rural,si,0,no,false,1,si,false,1
Claudia Vargas,804137452,3153774829,claudia-vargas975@yahoo.com,"Circular 7 #82-73, Bogotá",RJZ826,1274,CDA-72711,2018/06/03,2013.0,248.896,3900,Dodge,gas,Automatio,fwd,escolar,mixto,true,no,no,1,false,no,,1
Felipe Ramos,992519381,3204882738,feliperamos432@live.com,"Transversal 60 #32-3, Armenia",NOV197,3129,CDA-61425,12/04/2021,1998.0,664k,,Fiat,GNV,Mecanica,fwd,Publico,RURAL,true,yes,no,yes,1,1,no,1
Mauricio Ruiz,345125223,3502989557,mauricio-ruiz92@correo.com,"Diagonal 17 #3-62, Pereira",HVJ-496,608,CDA-99954,2018-02-09,1998.0,407k,1350,TOYOTA,Híbrido,tiptronic,AWD,público,rural,no,yes,si,si,1,si,false,1
Catalina Ortiz,398648961,3161578725,catalinaortiz449@live.com,"Diagonal 76 #33-18, Montería",UIU403,2749,CDA-83175,2024/06/09,2022.0,55794,2200 cc,Volkswagen,GASOLINA,manual,4x4,Carga,rural,false,,no,false,0,,no,0
Héctor Montoya,778595567,3105832995,héctor-montoya874@live.com,"Transversal 40 #52-80, Bogotá",XPY960,152,CDA-17784,19-02-2024,2012.0,331.180,1300,Suzuki,DIESEL,manual,4X2,carga,urbano,no,yes,no,no,no,0,true,1
Ricardo Peña,668872536,3238163068,ricardo-peña286@correo.com,"Transversal 103 #11-71, Bucaramanga",JGS783,2163,CDA-18590,2018-12-30,1800.0,402313,1500,Hyundai,Gas,tiptronic,RWD,publico,suburbano,yes,yes,0,true,,,0,1
Esperanza Vega,388134903,3154411278,esperanzavega58@live.com,"Transversal 66 #58-24, Barranquilla",JKT076,2360,CDA-43284,24/02/2022,,471490,2400,Kia,GSL,manual,fwd,PARTICULAR,RURAL,si,false,no,si,,false,si,1
Marcela Fuentes,1027448871,3135345256,marcela.fuentes81@live.com,"Diagonal 22 #27-3, Cúcuta",UKJ647,1624,CDA-37450,18-01-2022,2018.0,119933,1200,Toyota,DIESEL,manul,4X2,escolar,Rural,no,0,0,no,no,no,false,0
Lina Santana,80731376,3244958003,lina-santana883@outlook.com,"Avenida 113 #17-53, Cartagena",PIO794,2115,CDA-37722,03-07-2018,2008.0,488898,1200,Hyundai,gasolina,Tiptronic,4X2,Taxi,URBANO,0,false,true,no,false,no,no,1
Xiomara Pacheco,310371316,3144802075,xiomara_pacheco538@gmail.com,"Transversal 104 #76-66, Manizales",RSE 627,732,CDA-52825,2020-12-30,2010.0,247270,1500 cc,Mitsubishi,Gas Natural,autom,FWD,Taxi,Rural,0,no,true,,yes,no,no,1
Marcela Fuentes,1090102695,3228050041,marcelafuentes444@hotmail.com,"Avenida 23 #72-7, Villavicencio",IWC733,1642,CDA-36775,10-02-2019,2000.0,854k,1800,Volkswagen,Electrico,cvt,RWD,publico,Mixto,1,no,no,false,false,true,true,1
Ana Gómez,540034481,3009417519,ana-gómez879@live.com,"Carrera 72 #56-79, Neiva",QYM-610,1952,CDA-73301,2018/01/17,1998.0,896074,1100 cc,Peugeot,Gas Natural,tiptronic,4x4,publico,Mixto,true,si,0,no,yes,si,no,1
Mauricio Ruiz,478568036,3507781909,mauricio.ruiz435@live.com,"Transversal 86 #12-87, Manizales",KEN754,2996,CDA-63548,02/05/2024,2014.0,255811 km,1600,Mazda,Híbrido,cvt,rwd,carga,Mixto,no,no,1,no,no,false,false,1
Lina Santana,674196767,3209819709,linasantana844@live.com,"Avenida 83 #10-58, Cartagena",IWU619,24,CDA-17263,24/10/2023,2017.0,100200 km,1300,Hyundai,gas,AUTOMATICA,rwd,Taxi,Rural,no,false,false,no,0,no,true,1
Guillermo Ávila,443742056,3233786472,guillermo_ávila19@yahoo.com,"Circular 89 #47-59, Armenia",CWI393,2454,CDA-57568,21/01/2022,2016.0,157054,1000,Fiat,GNV,autom,rwd,público,URBANO,0,0,false,false,false,0,no,0
Sebastián Cruz,335200126,3109333686,sebastián-cruz651@gmail.com,"Circular 96 #28-1, Manizales",OFE423,159,CDA-73469,08-01-2020,2022.0,19278,1800cc,Renault,Diesel,manul,AWD,PARTICULAR,rural,si,false,0,0,false,0,no,1
Patricia Mejía,250454174,,patricia.mejía813@outlook.com,"Transversal 67 #73-62, Bucaramanga",HPZ 050,862,CDA-55214,2018/10/28,2009.0,204478,1800,Honda,gnv,cvt,fwd,público,Suburbano,no,0,no,no,false,0,no,1
Ernesto Pineda,754398828,3201321394,ernesto-pineda397@gmail.com,"Diagonal 43 #4-93, Pereira",CUJ 520,1836,CDA-10705,2024-07-03,2006.0,299281,2000 cc,Toyota,Híbrido,Manual,,particular,urbano,1,yes,yes,si,no,1,0,1
Marcela Fuentes,111524314,3161587782,marcela_fuentes434@outlook.com,"Avenida 28 #25-39, Neiva",,903,CDA-69833,16-10-2021,2014.0,252155,3500,Chevrolet,gnv,automatica,RWD,Escolar,rural,true,no,1,true,no,yes,0,1
Alejandro Zapata,816638445,3134918014,alejandro_zapata186@yahoo.com,"Circular 44 #76-11, Medellín",UAR 951,2012,CDA-72199,11/12/2019,1999.0,,3000,mazda,,Automática,FWD,particular,rural,0,si,1,si,yes,no,no,1
José Hernández,751076915,3013552136,josé.hernández533@hotmail.com,"Circular 85 #86-52, Bucaramanga",ATD961,1231,CDA-63811,02-01-2019,2008.0,333.100,2200,Nissan,GNV,MANUAL,rwd,público,URBANO,false,no,1,true,no,0,0,0
Mauricio Ruiz,91908022,,mauricio-ruiz24@live.com,"Avenida 80 #27-42, Armenia",NLY904,2482,CDA-73552,2018-10-28,1996.0,1.061.069,2400,Kia,Gas,Automática,AWD,publico,suburbano,1,no,1,,true,true,false,1
Esperanza Vega,153531148,3194434189,esperanzavega594@correo.com,"Circular 97 #41-75, Cali",RVS 584,445,CDA-73755,2018-07-09,1995.0,,1100,Chevrolet,Gasolina,tiptronic,4X2,escolar,Mixto,false,0,true,true,no,false,true,1
Patricia Díaz,738272959,3029246742,patricia-díaz583@outlook.com,"Diagonal 92 #18-73, Medellín",YXN214,1484,CDA-70508,2023/09/16,2007.0,374046 km,,Renault,Gas,automatica,4x4,Escolar,urbano,yes,true,true,false,0,no,1,1
Andrés Torres,650090800,3106218479,andrés.torres851@correo.com,"Carrera 3 #36-98, Bucaramanga",ONP134,755,CDA-12057,2019/01/10,2012.0,214.554 km,1300,mazda,Gas,MANUAL,4x2,TAXI,URBANO,yes,no,no,false,0,true,0,1
José Hernández,788245400,3244006271,joséhernández949@outlook.com,"Diagonal 58 #41-30, Montería",KNI-367,924,CDA-21420,29/03/2020,2000.0,473978,1600 cc,Suzuki,GAS,Automatio,rwd,taxi,Rural,false,,0,no,yes,false,true,0
Héctor Montoya,1090917414,3199295610,héctor_montoya298@correo.com,"Transversal 92 #70-40, Cúcuta",WUU763,2819,CDA-17350,2019-08-12,2016.0,265647,1400,Honda,Electrico,manul,4x4,PARTICULAR,mixto,no,1,no,false,0,no,no,0
Luis Rodríguez,610129489,3018216804,luisrodríguez707@live.com,"Transversal 21 #1-62, Villavicencio",UBW 156,2317,CDA-98715,2021-04-05,2011.0,406.796,1200,Nissan,GNV,MANUAL,RWD,taxi,mixto,no,0,true,no,yes,0,false,1
Fabio Arévalo,303809000,3231695624,fabioarévalo178@hotmail.com,"Circular 91 #35-9, Villavicencio",YPF-863,312,CDA-21976,14/02/2021,2009.0,299167,,Volkswagen,nafta,MANUAL,FWD,Particular,urbano,true,si,true,yes,yes,no,0,1
Mónica Aguirre,124654390,3215944045,mónica_aguirre782@yahoo.com,"Avenida 56 #44-73, Pasto",QZK959,1376,CDA-48583,2022-07-08,2023.0,14058,1700,Volkswagen,GSL,mecánica,4X2,PARTICULAR,mixto,no,no,false,0,no,no,no,0
Luis Rodríguez,201511847,3172290925,luisrodríguez789@yahoo.com,"Carrera 17 #87-34, Neiva",LTN902,549,CDA-68029,06-04-2024,2015.0,150031,2400,Ford,GSL,manul,FWD,PARTICULAR,RURAL,no,no,false,no,true,0,no,0
Fabio Arévalo,709517710,3187726571,fabio-arévalo33@hotmail.com,"Circular 78 #7-63, Cartagena",KJF593,2995,CDA-64805,29/05/2023,2021.0,53581,1300,Peugeot,diesel,CVT,4x2,TAXI,Urbano,0,0,false,si,no,false,false,1
Claudia Vargas,13766152,3109234364,claudiavargas467@correo.com,"Transversal 98 #80-7, Medellín",EXS707,1779,CDA-46857,08-04-2020,2023.0,21.780 km,2200,Peugeot,Híbrido,,4X2,taxi,Urbano,0,no,no,0,yes,no,no,0
Luis Rodríguez,425840962,3124233776,luis_rodríguez871@hotmail.com,"Carrera 76 #55-17, Bogotá",AOT 921,307,CDA-45418,2024-07-02,2003.0,726k,1550,Hyundai,Gas,semiautomatica,4X2,taxi,suburbano,si,si,si,false,0,false,0,1
Ana Gómez,274176879,3152023352,ana_gómez218@correo.com,"Diagonal 9 #44-90, Montería",MJK906,288,CDA-84494,17/12/2021,2018.0,176.474,,Peugeot,nafta,Tiptronic,AWD,Taxi,Urbano,0,si,si,no,false,no,,1
Andrés Torres,526765844,3111468326,andréstorres354@outlook.com,"Avenida 41 #49-70, Bucaramanga",VGF978,695,CDA-64313,2024-05-26,2018.0,106.013,1000,Kia,hibrido,manual,AWD,Particular,rural,no,false,0,,0,yes,no,1
Marcela Fuentes,132749728,3195862643,marcela_fuentes59@live.com,"Transversal 101 #46-95, Cúcuta",VOZ347,309,CDA-12357,2020/12/26,2018.0,174619,1500,Mitsubishi,eléctrico,CVT,fwd,público,URBANO,false,0,0,no,,no,no,0
José Hernández,182774306,3188389611,josé_hernández799@hotmail.com,"Circular 58 #19-28, Barranquilla",ZYM266,2551,CDA-17693,26-10-2023,1995.0,380k,1400,Nissan,,,fwd,Taxi,Mixto,si,0,,yes,si,no,,1
Felipe Ramos,433451994,3143805564,felipe.ramos755@outlook.com,"Avenida 68 #47-35, Medellín",FON830,2098,CDA-83030,2022-08-16,2010.0,142472,1100,Suzuki,Diesel,manul,AWD,Particular,Mixto,no,yes,yes,no,true,no,,1
Esperanza Vega,1043070959,3189032348,esperanzavega491@correo.com,"Carrera 50 #77-66, Manizales",AUR216,750,CDA-82109,2019/01/23,1800.0,199410,2200,Volkswagen,GSL,manul,awd,Particular,mixto,1,0,false,no,false,0,false,1
Ernesto Pineda,1052183016,3245412605,ernesto_pineda332@correo.com,"Carrera 89 #51-96, Bucaramanga",VSS-328,1755,CDA-24139,17-10-2024,2020.0,69201,3000,Ford,Gasolina,Tiptronic,4X2,particular,rural,false,,no,si,si,false,no,0
Catalina Ortiz,623272804,3115870858,catalina.ortiz35@outlook.com,"Transversal 75 #83-84, Bogotá",PKB 678,2124,CDA-16256,11/07/2018,2011.0,299.4k km,1150,Honda,GNV,semiautomatica,4X2,Taxi,Mixto,,,,false,yes,si,false,0
,913580020,3026723678,lina-santana234@gmail.com,"Circular 69 #11-39, Cúcuta",UAR178,1850,CDA-53914,29/12/2018,2008.0,451263,1300 cc,Nissan,GNV,autom,4X2,escolar,Urbano,1,no,false,false,no,true,no,1
Gloria Mendoza,202223078,3008720898,gloria.mendoza452@outlook.com,"Transversal 45 #14-84, Bogotá",RIZ836,1552,CDA-59778,11/01/2018,2000.0,563.338,1350,Renault,,mecánica,4x4,carga,rural,,si,0,true,0,false,no,0
Claudia Vargas,394610899,3222489849,claudia-vargas652@yahoo.com,"Circular 84 #80-83, Bucaramanga",DWM650,909,CDA-23907,2019-02-25,2013.0,328k,1100cc,Mazda,Gas Natural,Automatio,4x2,TAXI,URBANO,0,si,1,0,1,false,0,1
Ana Gómez,589164598,3051538457,ana.gómez288@hotmail.com,"Diagonal 59 #54-22, Montería",XPU 661,87,CDA-21334,2023/11/08,2011.0,248.551,1800,Nissan,GNV,autom,4X4,particular,urbano,no,no,0,no,yes,yes,no,1
Roberto Nieto,348046432,3148300115,roberto_nieto974@yahoo.com,"Circular 9 #82-61, Neiva",LUG-981,2615,CDA-20848,2018/12/25,2001.0,678292,2200,Chevrolet,Gasolina,tiptronic,4X2,publico,Mixto,no,no,no,true,1,si,no,1
María López,984876095,3229827643,maría-lópez647@outlook.com,"Transversal 78 #44-12, Cartagena",UTI613,1570,CDA-33054,2023/08/29,2007.0,357.545,1200cc,Kia,Gasolina,manual,4X4,Carga,rural,yes,,false,si,true,0,no,1
Claudia Vargas,24582662,3004426772,claudia-vargas771@live.com,"Carrera 80 #19-1, Manizales",IUP 601,2770,CDA-38901,22-04-2022,2017.0,198.732,2400,Toyota,gasolina,Mecanica,4x4,Carga,Mixto,1,0,no,false,false,no,0,0
Felipe Ramos,867485909,3018239017,felipe_ramos217@correo.com,"Calle 45 #38-8, Montería",OJH185,971,CDA-42305,2020-10-11,2015.0,233.6k km,2400,Dodge,eléctrico,manul,4X4,Carga,rural,no,no,no,no,no,no,0,0
Andrés Torres,652428853,3185195951,andrés_torres204@outlook.com,"Calle 31 #49-74, Pereira",ZHZ625,14,CDA-16428,28-07-2023,2000.0,255609,1300 cc,Nissan,GAS,mecánica,4x2,escolar,rural,true,yes,no,no,si,no,yes,1
Felipe Ramos,381664451,3127231681,felipe-ramos673@live.com,"Carrera 23 #42-93, Bucaramanga",UJA046,874,CDA-21354,28/05/2020,2004.0,390360 km,1000,Hyundai,GSL,tiptronic,AWD,público,Mixto,true,0,1,si,0,false,no,1
Patricia Mejía,235288589,3244212183,patricia-mejía433@gmail.com,"Calle 70 #87-34, Pereira",YBW-453,809,CDA-16572,2024/10/29,2012.0,413018,1200,Hyundai,diesel,Tiptronic,rwd,público,urbano,si,0,si,0,no,0,0,1
Andrés Torres,533423437,3188016100,andréstorres240@correo.com,"Avenida 94 #53-66, Manizales",IJJ-394,2830,CDA-18874,30/01/2019,2013.0,328.645,2000,Mazda,gnv,Automática,4x4,PUBLICO,URBANO,no,false,no,0,no,false,no,1
Gustavo Barrera,67063625,3027725840,gustavo.barrera116@outlook.com,"Diagonal 102 #95-69, Manizales",YAI-358,515,CDA-40652,30/11/2019,1998.0,322517,2400cc,Honda,GSL,Automatio,4x2,PARTICULAR,Rural,si,no,false,si,1,1,false,1
Natalia Reyes,920424932,,natalia_reyes970@yahoo.com,"Carrera 47 #51-91, Bogotá",AOH-695,2649,CDA-83570,2022/06/17,2022.0,30140,2000,Peugeot,gasolina,mecánica,,particular,mixto,no,0,no,no,false,0,no,0
Luis Rodríguez,606956859,3237925241,luis_rodríguez424@outlook.com,"Transversal 64 #89-25, Pereira",PJD176,410,CDA-42743,08-07-2020,2013.0,317k,3500cc,Honda,Diesel,CVT,4x2,TAXI,Suburbano,no,false,0,false,1,,false,1
Gustavo Barrera,1095327298,3057353024,gustavobarrera876@correo.com,"Calle 110 #1-87, Montería",LHD-676,1671,CDA-89148,2024-03-20,2009.0,348120,1100,Fiat,DIESEL,Tiptronic,awd,taxi,urbano,1,si,yes,no,0,1,false,1
Guillermo Ávila,178257031,3146969725,guillermoávila446@gmail.com,"Transversal 110 #92-8, Medellín",MZJ504,1338,CDA-27047,09-01-2023,2018.0,81833,2200,Peugeot,GNV,mecánica,,PARTICULAR,suburbano,yes,no,no,0,no,no,false,0
Viviana Suárez,847023902,3205007052,viviana_suárez470@yahoo.com,"Diagonal 12 #37-46, Cali",BGR-179,1414,CDA-37846,02-04-2018,2000.0,3.689,1400,Mazda,eléctrico,automatica,rwd,TAXI,RURAL,1,0,si,yes,0,no,false,1
Gustavo Barrera,624795518,3235574889,gustavo.barrera429@outlook.com,"Transversal 61 #69-9, Pasto",JQR712,2488,CDA-94708,2021-03-31,1997.0,665804,,Honda,GASOLINA,Automática,4x4,público,Suburbano,yes,,0,yes,yes,no,false,1
Natalia Reyes,491250184,3002542065,nataliareyes370@outlook.com,"Diagonal 96 #60-36, Villavicencio",NNA046,1601,CDA-77173,2019-07-08,1997.0,637963,1200,Fiat,Híbrido,AUTOMATICA,4X2,TAXI,suburbano,yes,no,yes,0,0,false,0,1
Lina Santana,456376734,3238631505,lina_santana249@outlook.com,"Avenida 113 #17-48, Cali",QIA546,1499,CDA-70751,02/05/2020,1999.0,817011,2400 cc,Nissan,DIESEL,semiautomatica,AWD,taxi,Urbano,no,si,0,yes,no,0,false,1
Sebastián Cruz,675249132,3246227466,sebastián_cruz17@hotmail.com,"Calle 57 #18-78, Armenia",HJB670,2990,CDA-92981,24-06-2020,2009.0,646313,1400,Mitsubishi,diesel,automatica,FWD,TAXI,urbano,no,yes,,0,si,yes,no,1
Mauricio Ruiz,110962994,3012588936,mauricio.ruiz980@yahoo.com,"Avenida 85 #22-13, Pereira",TRR-125,2412,CDA-54206,23/07/2021,2014.0,219k,2200,Mazda,Gasolina,autom,rwd,,suburbano,0,0,0,no,false,no,false,1
Jhon Morales,793144131,3049203376,jhon_morales352@live.com,"Calle 104 #74-67, Bucaramanga",RZX953,383,CDA-24496,14/11/2021,2018.0,54424,2200,Dodge,GSL,manual,4X4,Publico,Suburbano,yes,no,1,0,no,false,false,1
Fabio Arévalo,118144650,3056830117,fabio-arévalo437@gmail.com,"Carrera 109 #41-18, Barranquilla",EQJ 323,1923,CDA-32836,,2023.0,16954,4000,Kia,hibrido,cvt,RWD,carga,Urbano,,yes,no,no,no,no,no,0
Felipe Ramos,517463737,3244485689,feliperamos266@correo.com,"Carrera 33 #42-95, Barranquilla",CKA 596,2408,CDA-45232,2018-01-25,1999.0,468344,1000,Fiat,GASOLINA,Mecanica,,PARTICULAR,rural,yes,no,,si,si,0,true,1
Ernesto Pineda,385926391,3228597867,ernesto.pineda359@live.com,"Avenida 46 #33-62, Medellín",NRB548,1500,CDA-13428,20-02-2018,2011.0,382.771,4000,Dodge,diesel,tiptronic,4x4,PUBLICO,RURAL,,,no,0,false,no,,1
Patricia Díaz,500026530,3237803557,,"Circular 110 #16-70, Medellín",NVS-627,1629,CDA-50498,06-01-2020,2010.0,357k,4000,Peugeot,Gasolina,semiautomatica,FWD,Taxi,Rural,,no,si,no,yes,yes,false,1
Andrés Torres,929204627,3109229069,andrés-torres211@live.com,"Circular 46 #77-47, Barranquilla",XLK920,2019,CDA-91332,2023/08/31,1999.0,446.484,1600cc,Renault,GSL,mecánica,4x2,particular,Mixto,true,true,,false,no,true,0,1
,323054347,3172133574,,"Carrera 90 #34-18, Pereira",DND-592,2292,CDA-80704,,2021.0,58.214,1600,Fiat,Gas Natural,MANUAL,FWD,particular,Suburbano,no,0,,false,0,false,no,0
Sandra Castro,346700751,3504459820,sandra.castro597@live.com,"Carrera 76 #66-68, Medellín",SAV-691,3067,CDA-84072,02/06/2024,2007.0,349836,1500,Suzuki,Híbrido,AUTOMATICA,4x4,público,Suburbano,no,si,no,1,no,,no,1
Carlos Martínez,618462672,3145065125,,"Calle 62 #55-62, Medellín",SSE-319,1394,CDA-95954,01-12-2019,2015.0,234.216 km,2000,Hyundai,GNV,Mecanica,RWD,publico,Suburbano,no,no,0,false,yes,false,,0
Esperanza Vega,495281519,3053247013,esperanza_vega907@outlook.com,"Carrera 59 #59-33, Pereira",IEC853,553,CDA-46958,2022-11-05,2013.0,371342,2200cc,Fiat,DIESEL,Automatio,4x2,Escolar,Urbano,no,0,1,false,no,no,false,1
Fabio Arévalo,259524162,3143248113,fabio-arévalo789@hotmail.com,"Carrera 41 #13-23, Neiva",AJZ123,2350,CDA-83197,23/07/2019,2016.0,176479,1300,Mazda,GAS,Automática,fwd,taxi,suburbano,false,no,no,1,no,no,,1
Natalia Reyes,192622948,3058999013,natalia.reyes155@hotmail.com,"Avenida 65 #80-6, Pereira",BLA502,223,CDA-54759,15-10-2023,1996.0,844.114,1300,Chevrolet,Gas,CVT,awd,Carga,Urbano,0,1,1,false,,0,false,1
Mauricio Ruiz,698812246,3215410183,mauricio-ruiz645@live.com,"Transversal 20 #78-81, Villavicencio",QHO906,1897,CDA-38634,2019/04/18,2003.0,484239,1600,Peugeot,GASOLINA,Automatio,AWD,Carga,RURAL,1,1,false,yes,si,0,false,1
Catalina Ortiz,483671795,,catalina_ortiz590@correo.com,"Diagonal 36 #66-68, Cali",WZQ241,1097,CDA-18266,2024-08-06,2018.0,153538,1400 cc,Suzuki,Gasolina,manual,awd,escolar,,1,0,no,0,no,false,,1
Sandra Castro,608724350,3057754735,sandra-castro63@correo.com,"Avenida 41 #42-14, Cali",IPE003,2851,CDA-65041,01/11/2020,2023.0,12532,,Nissan,gasolina,semiautomatica,rwd,PARTICULAR,RURAL,no,0,no,,false,no,false,0
Alejandro Zapata,805794911,3506724909,,"Diagonal 14 #56-47, Villavicencio",LDE 566,9,CDA-70931,23-08-2024,1998.0,558452,1450,Honda,gasolina,autom,,TAXI,Rural,1,true,true,no,0,no,0,1
Mónica Aguirre,852568148,3108734924,mónicaaguirre958@outlook.com,"Avenida 108 #77-16, Villavicencio",YTT115,1804,CDA-22725,2019-03-13,2008.0,218354,1100,Mazda,nafta,Automatio,4X4,carga,suburbano,yes,no,0,0,no,0,si,1
Darío Acosta,136269399,3178530609,,"Avenida 32 #49-41, Cali",XIJ-272,317,CDA-67621,2021-02-14,2015.0,271031,1400cc,Ford,GNV,tiptronic,4X4,Escolar,URBANO,no,1,no,false,0,si,no,1
Ricardo Peña,194942976,3149634141,ricardopeña712@gmail.com,"Transversal 43 #43-15, Bucaramanga",GAW789,1329,CDA-24869,02/09/2024,2007.0,270k,4000,Volkswagen,hibrido,,AWD,escolar,rural,no,0,no,1,no,no,false,0
Jhon Morales,389855582,3118600893,jhon_morales481@outlook.com,"Transversal 34 #2-57, Bogotá",SHI470,428,CDA-90585,2024/10/20,2016.0,241.2k km,1600,Mitsubishi,diesel,mecánica,4X2,taxi,Urbano,0,no,no,no,,0,false,0
Camilo Rojas,273161962,3018400361,camilo-rojas341@live.com,,XQP 483,2719,CDA-28581,30/12/2018,2015.0,111009 km,1050,Ford,gnv,MANUAL,4x2,PARTICULAR,Urbano,1,no,true,false,no,false,no,1
Laura García,645063364,3226105693,laura_garcía932@yahoo.com,,NXS-425,106,CDA-55252,15/07/2022,2006.0,504.546,1600 cc,Hyundai,gasolina,Automatio,rwd,escolar,Mixto,no,yes,no,false,0,0,no,1
Adriana Parra,381122847,3198354808,adriana_parra201@hotmail.com,"Avenida 46 #74-89, Villavicencio",RPI-753,1692,CDA-84009,2022-11-22,1998.0,,1800,Nissan,Electrico,automatica,4X4,Particular,urbano,true,si,0,true,yes,no,no,1
Laura García,813074027,3028539737,laura.garcía982@live.com,"Diagonal 38 #78-83, Cúcuta",AEI730,143,CDA-51215,2021-07-28,2017.0,54364,1450,Mitsubishi,Electrico,manul,fwd,PARTICULAR,rural,false,no,no,true,true,no,false,0
Jhon Morales,13389983,3189807400,jhon_morales751@outlook.com,"Avenida 24 #91-18, Barranquilla",NCO-227,122,CDA-63581,24/03/2019,1998.0,472.669 km,1100,Chevrolet,Gasolina,manul,,Carga,urbano,1,yes,true,no,0,false,no,1
Patricia Mejía,1046992092,3009094304,patriciamejía401@live.com,"Circular 12 #2-81, Pasto",YUV975,2606,CDA-77380,15-12-2022,1995.0,330262,,Fiat,hibrido,,AWD,Particular,,,no,false,no,true,false,no,1
María López,890737925,3142855512,maría_lópez928@yahoo.com,"Diagonal 110 #43-30, Cúcuta",QGM724,3145,CDA-62813,30-03-2021,2011.0,367145,2200,Renault,GNV,Automática,RWD,taxi,Mixto,false,si,false,si,0,false,no,1
Omar Leal,625789828,3106680022,omar.leal199@gmail.com,"Transversal 67 #11-96, Cartagena",VCD936,1190,CDA-79123,30/03/2021,1997.0,478.910,1600,Nissan,Electrico,mecánica,rwd,Escolar,Mixto,,yes,1,0,false,0,1,1
Claudia Vargas,200301669,3149960432,claudia-vargas545@outlook.com,"Calle 56 #91-69, Pereira",HNS 550,2176,CDA-98129,2018/01/02,2023.0,40671 km,1300 cc,Honda,Gas Natural,automatica,RWD,público,Mixto,false,no,false,false,false,0,no,0
Andrés Torres,849439822,3109065625,andrés.torres32@gmail.com,"Avenida 13 #29-45, Pasto",RZG516,2853,CDA-89553,22/01/2022,2012.0,200.6k km,3000,Suzuki,nafta,tiptronic,4x2,Publico,Rural,si,yes,1,no,si,yes,no,1
Alejandro Zapata,485942028,3002618659,alejandro-zapata98@live.com,"Avenida 26 #43-61, Bogotá",KNY223,1675,CDA-67542,2023-04-30,2011.0,482499,1500,Nissan,diesel,Manual,RWD,TAXI,rural,no,no,true,true,no,no,no,1
Viviana Suárez,739762709,3187767404,viviana_suárez334@live.com,"Calle 119 #18-20, Pereira",UXO339,116,CDA-72230,2024/05/21,2021.0,81784 km,2400,Hyundai,gnv,Mecanica,FWD,PUBLICO,Mixto,si,no,no,0,no,0,no,1
Claudia Vargas,438121839,3011295813,claudia_vargas88@yahoo.com,"Avenida 22 #20-69, Ibagué",SDS 707,1718,CDA-76533,15/05/2023,2006.0,475717,1500 cc,Peugeot,GNV,Mecanica,rwd,,mixto,yes,no,false,,no,no,0,1
Laura García,1028491351,3058202910,lauragarcía498@yahoo.com,"Transversal 33 #70-61, Neiva",ZYX318,1961,CDA-35709,24/10/2018,2020.0,59.0k km,1200cc,Volkswagen,GNV,tiptronic,fwd,PARTICULAR,mixto,false,1,,no,0,0,,0
Alejandro Zapata,258519715,3503928912,alejandro_zapata578@hotmail.com,"Transversal 104 #67-7, Pasto",TEM 408,2361,CDA-34184,22/10/2020,1997.0,279931,1500 cc,Nissan,Gas Natural,Tiptronic,AWD,Particular,Mixto,false,yes,1,no,true,si,false,1
José Hernández,1072157765,3004626151,joséhernández193@outlook.com,"Carrera 105 #76-98, Cúcuta",IYS681,145,CDA-60538,16/12/2024,2005.0,512033,1200 cc,Hyundai,gasolina,tiptronic,4X2,escolar,suburbano,no,si,no,no,false,no,0,1
Sebastián Cruz,680091620,3132885246,sebastiáncruz807@outlook.com,"Avenida 57 #92-53, Neiva",VTH364,2969,CDA-46770,2018-06-12,1998.0,176989,1300,Nissan,GSL,tiptronic,FWD,Particular,Mixto,yes,0,yes,true,,0,yes,1
Iván Salcedo,524297990,3121232232,iván-salcedo35@hotmail.com,"Calle 96 #94-1, Cartagena",TWG 268,1950,CDA-82562,03/05/2019,2006.0,443061,2500cc,Dodge,GNV,semiautomatica,RWD,Carga,URBANO,si,false,no,no,si,1,no,1
Roberto Nieto,694416821,3178774352,roberto_nieto636@gmail.com,"Calle 73 #85-79, Manizales",YAC945,2425,CDA-44777,2023/09/28,2006.0,145.980 km,1350,Honda,DIESEL,Manual,4X2,PARTICULAR,mixto,0,si,no,,0,true,no,1
Andrés Torres,424409258,3209561286,andrés-torres448@live.com,"Diagonal 81 #39-86, Bucaramanga",XND691,673,CDA-68781,01/05/2024,2005.0,426.167,1000,Toyota,Híbrido,mecánica,4X2,público,Mixto,true,no,yes,,no,1,,1
,285916978,3187394735,josé.hernández553@yahoo.com,"Circular 23 #79-11, Villavicencio",AZY967,3160,CDA-33227,21-11-2022,1999.0,410233 km,2400,Peugeot,eléctrico,manul,4X4,Particular,Rural,0,si,no,si,false,yes,no,1
Natalia Reyes,777783179,3189858237,nataliareyes166@correo.com,"Circular 107 #76-89, Medellín",EDC522,3034,CDA-37351,2022/05/18,1996.0,296230,3000,Mazda,GSL,MANUAL,fwd,Particular,RURAL,false,false,1,no,si,no,no,0
Gustavo Barrera,574743373,3171963858,gustavo_barrera623@gmail.com,"Carrera 78 #28-19, Armenia",PYB678,2315,CDA-62563,2024/06/16,1997.0,809k,1400,Mazda,GAS,CVT,4x4,Taxi,URBANO,no,,,false,true,true,false,0
Andrés Torres,569584624,3179282662,andrés.torres543@live.com,"Avenida 109 #6-9, Pereira",FRR984,592,CDA-68228,09-08-2019,2011.0,167057,1100,Mitsubishi,diesel,cvt,4X2,PARTICULAR,,0,0,false,no,no,0,0,0
Sebastián Cruz,911188006,3029227333,sebastián.cruz446@hotmail.com,"Calle 63 #78-53, Barranquilla",ONO121,1794,CDA-12281,30-05-2020,2008.0,480560,1000,Nissan,GAS,tiptronic,AWD,taxi,RURAL,false,yes,no,no,no,1,0,1
Diana Herrera,634906280,3017327228,dianaherrera760@correo.com,"Avenida 10 #59-67, Cartagena",XXB409,2744,CDA-80866,14-12-2024,2024.0,0,1200,Dodge,Híbrido,CVT,4x4,publico,urbano,false,false,,no,0,0,0,0
Marcela Fuentes,873574664,3127141510,marcela-fuentes467@gmail.com,"Diagonal 96 #28-19, Barranquilla",QLP 839,889,CDA-66383,04-09-2024,2013.0,323.729,1200,Volkswagen,Gas,semiautomatica,rwd,Taxi,URBANO,false,no,no,true,false,1,no,0
Patricia Díaz,777789214,3246713655,patriciadíaz501@gmail.com,"Circular 11 #42-22, Medellín",AEA 905,2093,CDA-14271,18/05/2022,2010.0,415.331,1250,Fiat,GASOLINA,automatica,4x2,Publico,urbano,0,,1,false,false,,false,0
Fabio Arévalo,331099040,3246778361,fabio-arévalo27@yahoo.com,"Carrera 40 #2-50, Cartagena",WPQ580,2340,CDA-50314,2019/02/21,2012.0,223976 km,1800,Peugeot,Gasolina,semiautomatica,fwd,Carga,urbano,no,,0,yes,true,false,no,0
Omar Leal,506168532,3024326738,omar.leal69@hotmail.com,"Circular 42 #75-6, Armenia",URA077,2150,CDA-77558,2024/01/20,2008.0,121690,3550,Fiat,diesel,mecánica,4x4,Particular,Mixto,false,false,1,no,si,si,false,1
Ernesto Pineda,811062718,3049100012,ernesto-pineda217@hotmail.com,"Circular 110 #95-96, Cúcuta",KNP-917,214,CDA-87460,2024/01/16,1999.0,747.135,2350,Nissan,hibrido,automatica,fwd,carga,RURAL,no,0,no,false,no,true,no,1
Catalina Ortiz,460036953,3027263627,catalinaortiz172@correo.com,"Diagonal 93 #18-92, Bucaramanga",SQU796,779,CDA-68498,2019/01/04,2023.0,14665,1200,Chevrolet,Híbrido,Mecanica,4X2,Particular,Mixto,no,no,no,no,,no,no,0
Lina Santana,216881987,3048559789,linasantana293@correo.com,"Carrera 20 #23-91, Cali",GCI-128,2883,CDA-98843,2021-08-21,2009.0,306.727 km,4000,Renault,Gasolina,CVT,4X4,público,Urbano,no,si,no,0,yes,yes,no,1
Adriana Parra,937896075,3016018740,,"Circular 79 #22-91, Cali",YEK487,1449,CDA-14101,,2006.0,370k,2500,Dodge,hibrido,AUTOMATICA,4X4,Particular,Mixto,no,si,no,si,1,no,0,1
Guillermo Ávila,55497111,3189755499,guillermoávila615@yahoo.com,"Avenida 74 #13-77, Armenia",VJI993,2035,CDA-13690,05/11/2023,1996.0,922644,1900,Toyota,eléctrico,automatica,RWD,Taxi,mixto,yes,0,,false,no,yes,no,1
Natalia Reyes,958683895,3026321395,natalia-reyes232@hotmail.com,"Carrera 65 #28-64, Montería",ZEN979,801,CDA-52797,2021/03/31,2016.0,256297,1750,Suzuki,hibrido,cvt,rwd,carga,mixto,false,no,no,0,si,,no,0
Guillermo Ávila,802447015,3166870668,guillermo_ávila610@outlook.com,"Calle 68 #12-76, Cúcuta",DXP047,2724,CDA-23188,04/03/2019,2016.0,288k,3500,Kia,gnv,manul,4x4,público,Suburbano,false,no,no,0,0,0,0,0
Sandra Castro,1060912953,3162048435,sandra.castro315@live.com,"Avenida 55 #64-21, Cartagena",KXB916,1768,CDA-40164,17-12-2019,2004.0,473617 km,1600,Peugeot,hibrido,Automatio,RWD,publico,suburbano,si,,0,false,no,1,0,1
Guillermo Ávila,855711428,3122048585,guillermo_ávila142@hotmail.com,"Avenida 21 #61-62, Montería",GMD-213,1863,CDA-43378,31-10-2024,1995.0,897583,3500,Peugeot,diesel,manual,4X4,Publico,Rural,true,0,no,false,true,,0,1
Alejandro Zapata,735849202,3218023552,alejandro.zapata593@outlook.com,"Avenida 88 #88-41, Cúcuta",NMT391,3042,CDA-49461,2022/12/01,1997.0,706787,2200 cc,Ford,Híbrido,tiptronic,4X2,público,mixto,1,no,false,,false,false,0,1
Yolanda Cárdenas,394155467,3183351502,yolandacárdenas416@yahoo.com,"Avenida 106 #74-35, Ibagué",QDK093,2923,CDA-22416,2021-10-26,2022.0,47079,1600,Honda,Gas Natural,semiautomatica,awd,TAXI,Mixto,false,0,no,,0,false,no,1
Darío Acosta,529653332,3206608377,darío.acosta232@yahoo.com,"Diagonal 52 #99-91, Cartagena",LUQ-920,1519,CDA-72910,2024/09/20,2000.0,415646,1400,Dodge,Diesel,automatica,FWD,carga,rural,yes,false,true,,no,true,si,1
Roberto Nieto,477283687,3127841526,robertonieto395@hotmail.com,"Avenida 91 #82-18, Manizales",IOE-410,1848,CDA-57806,2024/06/21,2004.0,370073,1500,Renault,Gasolina,mecánica,4x4,,rural,0,,si,no,no,yes,1,1
Ingrid Bermúdez,744587938,3214215114,ingrid.bermúdez993@yahoo.com,"Circular 78 #54-94, Villavicencio",UIY 041,3027,CDA-40947,11-06-2021,2022.0,52k,4000cc,Suzuki,Electrico,cvt,RWD,carga,Urbano,0,0,no,,true,false,no,0
Roberto Nieto,684850175,3193891388,robertonieto205@gmail.com,"Calle 31 #35-26, Barranquilla",OEA103,1344,CDA-50951,26/04/2018,1998.0,882.2k km,,Honda,gasolina,CVT,4x4,público,Rural,0,1,yes,si,yes,yes,false,1
Mónica Aguirre,500444224,3161787382,mónica_aguirre433@outlook.com,"Diagonal 97 #44-94, Armenia",TFD962,274,CDA-62595,18/03/2019,2011.0,,,Ford,GSL,manul,FWD,escolar,Mixto,,0,false,0,0,no,true,1
Gustavo Barrera,39492016,3046119031,gustavo.barrera340@hotmail.com,"Carrera 27 #70-67, Montería",MSD605,72,CDA-32324,02-04-2020,2012.0,438423,,Mazda,gas,CVT,4x2,TAXI,Suburbano,1,false,0,true,no,no,0,1
Ricardo Peña,630902051,3136166053,ricardo-peña31@gmail.com,"Avenida 101 #44-87, Montería",LMX-188,721,CDA-55394,16/08/2023,2011.0,213.006,4000,Renault,GNV,Tiptronic,awd,Particular,Mixto,,no,0,no,true,1,no,0
Marcela Fuentes,549501364,3235828291,marcela.fuentes463@hotmail.com,"Carrera 17 #4-53, Armenia",ZOM-142,1088,CDA-60408,2019/06/07,2006.0,482k,1400,Honda,Gas Natural,autom,,escolar,Suburbano,1,no,0,yes,yes,no,no,1
Yolanda Cárdenas,1047029741,3231177286,yolandacárdenas446@gmail.com,"Carrera 100 #60-49, Cali",JMR 604,395,CDA-15478,2023/11/15,2004.0,676.916 km,1600cc,Volkswagen,Electrico,Mecanica,AWD,Carga,urbano,false,1,si,1,yes,yes,,1
Marcela Fuentes,816923258,3215261068,marcela_fuentes389@live.com,"Avenida 98 #83-65, Ibagué",ERC-625,584,CDA-41729,05-06-2019,2005.0,798573,1850,Suzuki,gnv,MANUAL,AWD,TAXI,Urbano,1,yes,no,no,0,no,si,1
Luis Rodríguez,741386590,3501192013,luis.rodríguez349@outlook.com,"Transversal 109 #46-5, Manizales",IEN203,2423,CDA-78537,04/11/2020,2009.0,349193,1400,Honda,Diesel,autom,4x2,público,Suburbano,no,no,no,true,no,false,false,1
Esperanza Vega,999420192,3192035537,esperanza.vega745@gmail.com,"Carrera 26 #20-15, Montería",CPV 205,2219,CDA-68486,2020/11/23,2021.0,122k,1500,Suzuki,DIESEL,automatica,4x4,público,Rural,0,false,no,true,no,false,,1
Omar Leal,328262439,3046279955,omarleal735@yahoo.com,"Circular 112 #52-16, Bogotá",MDQ-334,2576,CDA-19774,2019-05-31,2009.0,249903,3000 cc,Mitsubishi,DIESEL,autom,4x2,PUBLICO,Suburbano,si,no,no,1,false,no,no,1
Andrés Torres,570042961,3144375409,andrés_torres110@outlook.com,"Circular 97 #49-58, Bucaramanga",LXO-845,501,CDA-57173,03-01-2023,2005.0,364.188 km,1600 cc,Hyundai,gasolina,Tiptronic,4X2,Particular,rural,yes,no,false,false,true,false,0,0
Lina Santana,52440894,3029303800,lina-santana632@live.com,"Calle 27 #92-93, Cali",JLP124,3104,CDA-23103,01/11/2023,2009.0,495443,2200,Mitsubishi,hibrido,automatica,4x2,Escolar,Mixto,no,yes,true,yes,si,yes,false,1
Natalia Reyes,547574916,3118766070,natalia_reyes211@yahoo.com,"Transversal 62 #39-33, Villavicencio",TXA-170,2699,CDA-87506,2019/01/11,2023.0,29665,1400,Suzuki,gas,automatica,FWD,taxi,Rural,si,no,false,no,false,false,false,1
Sebastián Cruz,1048874040,3509367523,sebastián.cruz189@yahoo.com,"Transversal 76 #15-19, Bogotá",RRI 651,1309,CDA-71147,12/01/2020,2023.0,33144,1600,Mitsubishi,Gas Natural,mecánica,awd,TAXI,URBANO,no,no,0,0,0,no,no,0
Héctor Montoya,534940207,3133606313,héctor_montoya794@yahoo.com,"Carrera 33 #57-22, Cali",LBH776,3009,CDA-22545,2019-01-01,1996.0,927365,2000,Toyota,GAS,cvt,AWD,carga,Rural,0,0,true,1,true,0,si,1
Marcela Fuentes,302595703,3163271279,marcela.fuentes528@outlook.com,"Diagonal 10 #54-42, Barranquilla",RPD539,3041,CDA-32911,2019/02/10,1996.0,828145,1000,Dodge,hibrido,Automatio,4X2,taxi,mixto,,false,no,,no,true,no,1
Mónica Aguirre,,3013632108,mónica-aguirre689@live.com,"Diagonal 86 #29-72, Cartagena",ZFH-776,1260,CDA-56322,06-04-2022,2010.0,344144 km,2550,Dodge,gnv,Automatio,4X4,carga,rural,no,,no,no,no,yes,,1
Gustavo Barrera,191968973,3189222865,gustavo_barrera307@outlook.com,"Avenida 106 #40-92, Manizales",HEH374,1962,CDA-51324,2019/08/08,2018.0,162.849,1000,Toyota,GSL,mecánica,awd,taxi,suburbano,0,1,no,false,no,false,no,1
Héctor Montoya,513945709,3236320198,héctor.montoya537@hotmail.com,"Carrera 16 #80-4, Cartagena",PUG615,2758,CDA-89125,14/07/2021,2000.0,463.509,1200cc,Ford,gnv,automatica,RWD,TAXI,rural,true,,true,false,yes,0,1,1
Catalina Ortiz,605049813,3184341853,catalinaortiz644@outlook.com,"Diagonal 56 #50-41, Medellín",DTZ001,206,CDA-22568,30/09/2022,2009.0,269.494,1100,Peugeot,diesel,automatica,fwd,TAXI,Suburbano,no,false,no,false,false,false,no,1
Andrés Torres,146799988,3219131617,andrés.torres66@outlook.com,"Calle 88 #49-74, Montería",VDH149,734,CDA-86072,13/06/2022,2018.0,73.383,3000 cc,Hyundai,GSL,CVT,FWD,taxi,suburbano,false,no,0,yes,0,no,0,0
Patricia Mejía,732447226,3022145771,patricia_mejía19@yahoo.com,"Calle 10 #73-94, Cartagena",MJU061,1860,CDA-42810,07-06-2018,2007.0,458191,3000,Honda,gnv,CVT,rwd,Escolar,Suburbano,false,0,si,true,true,si,no,1
Roberto Nieto,1056527368,3052473086,roberto_nieto359@outlook.com,"Carrera 63 #45-37, Villavicencio",NXW877,527,CDA-54361,2021-12-25,2018.0,76760,2000,Chevrolet,Diesel,CVT,FWD,TAXI,Rural,0,0,,no,no,no,,1
Patricia Mejía,46775444,3146979613,patricia.mejía495@hotmail.com,"Diagonal 49 #11-52, Pasto",IRX541,2594,CDA-22980,30-03-2023,2011.0,330657 km,,Hyundai,DIESEL,cvt,fwd,Escolar,rural,1,yes,yes,no,,no,,0
Lina Santana,830647662,3159700424,lina_santana327@outlook.com,"Calle 80 #82-64, Barranquilla",NTK393,2623,CDA-85365,22-03-2023,,563k,1500,Dodge,gas,manul,rwd,público,URBANO,true,yes,yes,no,si,yes,no,1
Xiomara Pacheco,839590155,3123679651,xiomarapacheco617@correo.com,"Diagonal 30 #60-96, Cartagena",YTY960,899,CDA-28074,02-06-2019,2012.0,408585 km,,Nissan,GNV,MANUAL,4X4,PUBLICO,Urbano,no,1,no,0,si,,no,1
Lina Santana,10110635,3029475567,lina.santana703@gmail.com,"Circular 38 #34-73, Neiva",EHF966,378,CDA-12444,13-02-2021,2003.0,,1600,Suzuki,hibrido,autom,4x4,Taxi,Urbano,0,no,true,0,,false,no,1
Roberto Nieto,11755447,3135194864,roberto-nieto236@hotmail.com,"Carrera 34 #97-90, Pereira",ZFX545,1560,CDA-86747,13-02-2024,2004.0,459.331,2100,Ford,gas,Automática,4x2,Taxi,Mixto,no,true,true,1,si,true,no,1
Andrés Torres,1025183338,3181120083,andrés-torres903@correo.com,"Carrera 117 #94-36, Bucaramanga",UMR601,2426,CDA-32591,2024/09/14,2019.0,144284,3000,Kia,eléctrico,automatica,4x2,TAXI,mixto,no,1,false,false,false,no,si,1
Sandra Castro,1092035682,3146499421,sandracastro142@hotmail.com,"Avenida 17 #44-80, Neiva",XMV037,2943,CDA-34926,25-02-2019,2002.0,312646 km,1100,Nissan,gasolina,automatica,4x2,taxi,URBANO,si,si,0,0,0,si,true,1
Carlos Martínez,928218849,3113447866,carlosmartínez941@gmail.com,"Avenida 56 #55-21, Manizales",MJP283,1765,CDA-55416,2024/08/29,2014.0,231k,2000 cc,Nissan,Híbrido,tiptronic,awd,escolar,Urbano,0,1,no,0,,true,,0
Laura García,955966038,3127013072,lauragarcía486@hotmail.com,"Transversal 43 #94-29, Cali",KAO874,387,CDA-64246,2021/09/20,2020.0,110252,1500cc,Renault,gasolina,Mecanica,4x4,escolar,Rural,false,0,no,1,false,false,0,1
Sebastián Cruz,453139054,3176492169,sebastiáncruz617@hotmail.com,"Diagonal 72 #77-37, Montería",WGQ 886,199,CDA-10001,12/04/2022,2001.0,585.041,1600 cc,Kia,gasolina,Automatio,4X2,PUBLICO,rural,yes,0,no,true,false,si,false,1
Sandra Castro,617251900,3044091259,sandra_castro534@correo.com,"Circular 103 #79-14, Manizales",VBG640,1747,CDA-10259,2020-10-04,2022.0,38776,1400,Nissan,gas,Automatio,AWD,PARTICULAR,Urbano,no,false,si,0,no,no,false,0
Adriana Parra,701802508,3144507070,adriana-parra267@correo.com,"Avenida 2 #90-1, Armenia",AHL121,1051,CDA-39387,2018/07/25,2023.0,20308,1450,Renault,Híbrido,Mecanica,awd,Taxi,mixto,true,,no,no,0,si,no,0
Sebastián Cruz,251603811,3157819007,sebastián-cruz494@outlook.com,"Carrera 103 #90-36, Montería",TZP482,591,CDA-59286,19-04-2023,0.0,740565,3500,Chevrolet,Gas,Tiptronic,RWD,publico,urbano,no,true,false,1,0,,0,1
Carlos Martínez,834478451,3144449195,carlos.martínez944@yahoo.com,"Calle 55 #54-95, Pasto",CAV 547,520,CDA-29272,2018/09/19,2009.0,459.5k km,1500,Chevrolet,GSL,CVT,4X2,PUBLICO,urbano,no,no,0,no,0,,yes,0
,530088802,3244028662,adriana-parra955@hotmail.com,"Calle 84 #29-47, Medellín",NFD 328,2227,CDA-32552,2018-09-18,2014.0,356470,1000,Nissan,GSL,Tiptronic,rwd,escolar,Suburbano,no,false,yes,no,0,,0,1
Patricia Mejía,617263877,3001185826,patricia-mejía689@hotmail.com,"Avenida 54 #36-93, Cartagena",XLF346,2247,CDA-29111,2019/04/13,2013.0,200.850,1300,Nissan,GASOLINA,CVT,4X4,Escolar,Suburbano,no,false,0,false,0,no,yes,1
Iván Salcedo,503155723,3243946501,,,QXJ662,430,CDA-96980,29/09/2021,2017.0,49.599,2600,Nissan,gnv,cvt,fwd,PARTICULAR,rural,1,0,,no,no,,,1
Luis Rodríguez,1041679745,3028077825,luisrodríguez156@gmail.com,"Avenida 94 #73-66, Bucaramanga",NSZ-264,1084,CDA-39284,2019/02/05,2015.0,365k,2400cc,Honda,Gas,AUTOMATICA,awd,público,Urbano,true,1,false,yes,no,false,no,1
Omar Leal,868533007,3205442330,omarleal430@outlook.com,"Transversal 110 #67-77, Manizales",EQI699,1780,CDA-60099,2021-05-07,2023.0,19k,1400,Nissan,Diesel,Automatio,4x2,Taxi,RURAL,no,0,no,no,no,false,no,0
Roberto Nieto,117513920,3215280628,roberto_nieto146@outlook.com,"Carrera 30 #53-40, Cali",GCB 679,208,CDA-81819,30/09/2022,2020.0,69248,2500,Mitsubishi,GAS,manul,rwd,Particular,Mixto,,no,no,false,no,false,,0
Mónica Aguirre,890230381,3028654520,mónica-aguirre288@gmail.com,"Circular 4 #64-75, Villavicencio",IRG-618,492,CDA-91240,2024-05-18,2010.0,505394 km,2400,Volkswagen,diesel,Automatio,4X4,escolar,Suburbano,no,no,0,1,no,0,0,1
Guillermo Ávila,312368913,3231016657,guillermo-ávila572@correo.com,"Calle 89 #53-50, Manizales",KQT-262,2031,CDA-64263,2018-02-19,2023.0,31.053 km,2400,Peugeot,Electrico,mecánica,4X2,público,Suburbano,no,no,no,no,0,no,0,0
Yolanda Cárdenas,445216970,3503134627,yolanda.cárdenas825@correo.com,"Circular 46 #14-96, Cúcuta",KXQ238,1742,CDA-48173,14/09/2022,2021.0,71201,1200,Renault,Híbrido,Automatio,awd,Escolar,Rural,no,no,,true,,false,false,0
Ingrid Bermúdez,156468663,3184336636,,"Diagonal 57 #46-81, Cartagena",PXD014,3199,CDA-36801,25-09-2018,2007.0,377.529,2400,Chevrolet,gasolina,autom,RWD,Publico,Rural,no,true,false,si,,1,,1
Laura García,274413923,3145515253,lauragarcía890@yahoo.com,"Avenida 76 #78-58, Pereira",AHK253,793,CDA-21699,06/08/2019,2021.0,81.110,2000 cc,Volkswagen,GAS,mecánica,awd,escolar,Rural,,false,no,0,true,no,no,0
Patricia Díaz,41979960,3004629724,patricia.díaz358@yahoo.com,"Diagonal 66 #31-76, Pasto",SZJ569,3155,CDA-84422,11-04-2023,2020.0,68k,1800 cc,Nissan,hibrido,manual,RWD,carga,rural,false,0,no,no,no,no,0,0
Natalia Reyes,995251325,3177386921,natalia.reyes793@gmail.com,"Calle 22 #58-27, Montería",CMT 799,1187,CDA-54639,27/06/2024,2010.0,246k,2400,Toyota,gas,manual,4X4,Publico,RURAL,1,no,no,yes,0,no,no,1
Xiomara Pacheco,800029891,3128045581,,"Transversal 110 #56-78, Bogotá",NMZ949,1186,CDA-45451,2021/04/07,2002.0,423k,2400,Kia,Gas,Tiptronic,4x2,Particular,Rural,no,,1,,yes,no,no,1
Laura García,680668012,3041061628,laura-garcía961@correo.com,"Diagonal 34 #65-49, Bucaramanga",LFH652,2331,CDA-63908,2022/07/01,,255960,3000,Mitsubishi,Diesel,Automática,,particular,Mixto,no,false,yes,0,,no,,1
Fabio Arévalo,1069827759,3012709353,fabio_arévalo227@outlook.com,"Calle 9 #4-27, Ibagué",SUE448,2122,CDA-24625,15-07-2022,2004.0,617690,3600,Chevrolet,GSL,tiptronic,4x4,taxi,,no,no,false,si,no,no,1,1
José Hernández,606622518,3117153595,josé_hernández104@live.com,"Avenida 94 #60-99, Ibagué",VTG471,1648,CDA-83664,2018/04/25,2021.0,58307,1500 cc,TOYOTA,Gas Natural,Automática,4x4,Particular,Mixto,0,no,no,false,no,0,false,0
Viviana Suárez,547896853,3135135788,viviana-suárez997@yahoo.com,"Calle 76 #80-75, Bucaramanga",JAE 710,3161,CDA-25093,31/07/2022,2010.0,286k,2000,Toyota,Electrico,cvt,RWD,Publico,Suburbano,0,yes,no,false,false,no,false,1
Guillermo Ávila,249834568,3126210481,guillermo_ávila353@yahoo.com,"Carrera 99 #37-22, Montería",OVK151,1531,CDA-66135,2021-11-03,1997.0,703k,1000,Suzuki,Gas,autom,4x4,Publico,RURAL,true,no,true,yes,true,1,1,1
Diana Herrera,658471466,3208375838,diana-herrera238@gmail.com,"Transversal 54 #35-59, Neiva",EAU594,1411,CDA-94164,2022-04-14,2007.0,594344,1300,Chevrolet,Gasolina,manual,rwd,TAXI,URBANO,si,false,no,false,no,0,true,1
Catalina Ortiz,1013575678,3207658515,catalina_ortiz993@outlook.com,"Calle 90 #44-68, Ibagué",OPE066,1477,CDA-77086,13-05-2020,2019.0,120464 km,3000cc,Nissan,GASOLINA,Manual,rwd,público,URBANO,no,0,false,no,0,no,,1
Iván Salcedo,718306385,3231062138,ivánsalcedo490@outlook.com,"Circular 100 #9-70, Barranquilla",,84,CDA-73185,02-01-2024,1996.0,591163,2400,Kia,Gasolina,tiptronic,AWD,público,rural,yes,si,1,0,,,0,1
Héctor Montoya,1065027684,3207664423,héctor_montoya836@gmail.com,"Carrera 65 #73-29, Villavicencio",SXS392,2604,CDA-86820,12-03-2019,2015.0,144697 km,1600 cc,Chevrolet,nafta,Tiptronic,,público,Urbano,no,no,0,no,no,0,no,1
Patricia Díaz,85987227,3186451349,patricia_díaz922@yahoo.com,"Circular 105 #12-52, Medellín",HNC499,2528,CDA-96229,2019/11/26,2000.0,182344,1000,Hyundai,Gas,autom,awd,Particular,Rural,false,si,0,,no,true,si,1
Gloria Mendoza,595814854,3213472100,gloria.mendoza970@hotmail.com,"Avenida 120 #4-54, Bogotá",JKC-230,21,CDA-29142,2021/03/21,2014.0,359923,1800 cc,Nissan,,mecánica,fwd,público,mixto,no,no,no,no,no,yes,0,0
Viviana Suárez,234708396,3224644563,viviana_suárez765@yahoo.com,"Transversal 17 #64-82, Pereira",PVK355,879,CDA-99104,2021/05/09,2000.0,597043,1200,Honda,diesel,Mecanica,4x2,público,rural,no,si,true,si,true,si,0,1
Guillermo Ávila,1042994602,3126996471,guillermo.ávila955@gmail.com,"Circular 51 #2-3, Bogotá",EDA927,1867,CDA-19640,2018/08/27,2016.0,261952,1200,Kia,DIESEL,Automatio,4x2,carga,mixto,false,true,0,false,0,0,no,1
Diana Herrera,527146288,3505248062,diana-herrera979@gmail.com,"Calle 24 #63-43, Manizales",DXH 137,2430,CDA-95619,2023-09-18,2009.0,337k,1000,Nissan,Gas,automatica,fwd,Taxi,urbano,no,1,1,si,yes,true,0,1
Omar Leal,544892398,3223929864,omar_leal390@outlook.com,"Transversal 93 #25-63, Neiva",ZWO 186,1406,CDA-55928,2022/11/25,2024.0,0,,Honda,GSL,automatica,4X2,PARTICULAR,Suburbano,no,no,no,false,false,no,no,0
Fabio Arévalo,322890192,3228463260,fabio.arévalo914@live.com,"Diagonal 118 #19-12, Manizales",UTK390,2197,CDA-63985,14-02-2020,1997.0,761242 km,3500,Kia,Gas,CVT,RWD,Escolar,mixto,yes,si,yes,0,yes,si,no,1
Alejandro Zapata,423645033,3044844330,alejandro.zapata292@correo.com,"Avenida 40 #93-10, Bucaramanga",LME267,1563,CDA-58585,2024-02-28,2004.0,81818,1200cc,Kia,GSL,AUTOMATICA,4x2,Particular,urbano,si,0,true,0,yes,no,si,1
Iván Salcedo,990465727,3239767276,iván.salcedo522@gmail.com,"Diagonal 81 #26-14, Villavicencio",TJN012,2452,CDA-30084,25-03-2020,2008.0,180.108,1300,Peugeot,GASOLINA,Automatio,FWD,PARTICULAR,RURAL,no,0,no,si,no,,no,1
Sandra Castro,552739731,3003654959,sandra.castro280@hotmail.com,"Diagonal 42 #79-45, Neiva",SXB399,2956,CDA-92627,12/07/2021,2016.0,304k,2200,Peugeot,Gasolina,Tiptronic,fwd,Escolar,suburbano,false,no,false,no,no,0,0,1
Claudia Vargas,760046789,3501471172,claudia_vargas925@gmail.com,"Circular 68 #70-51, Bucaramanga",HLS495,2196,CDA-32214,13/08/2018,1998.0,312548,3100,Honda,gas,AUTOMATICA,AWD,PARTICULAR,Rural,true,no,1,true,si,no,false,1
Viviana Suárez,625374041,3173254117,viviana_suárez352@hotmail.com,"Avenida 115 #46-45, Cúcuta",ZPT857,974,CDA-71831,29-10-2020,2004.0,402.106 km,2000,Honda,hibrido,manul,4X2,Carga,RURAL,no,true,no,true,true,yes,true,1
Patricia Díaz,314775305,3139805934,patriciadíaz971@yahoo.com,"Avenida 1 #22-38, Cali",QDF911,714,CDA-75953,27/05/2019,1999.0,699838,2500,Mitsubishi,GAS,Tiptronic,RWD,PUBLICO,urbano,false,yes,yes,,false,no,si,1
Iván Salcedo,1080839243,3172937862,iván-salcedo490@gmail.com,"Avenida 27 #70-98, Neiva",BFI534,884,CDA-29899,02/11/2018,1996.0,551k,1600 cc,Peugeot,DIESEL,cvt,4X2,particular,Suburbano,1,true,1,1,1,true,0,1
Adriana Parra,89927503,3244751761,adrianaparra733@correo.com,"Circular 8 #51-16, Ibagué",MNB904,1099,CDA-60409,24/05/2024,2002.0,420716,4000,Chevrolet,gasolina,tiptronic,4x4,Particular,mixto,si,no,no,1,false,no,no,1
Gloria Mendoza,435425561,3191260252,gloriamendoza270@live.com,"Diagonal 96 #13-17, Armenia",LRZ 189,157,CDA-62732,15-09-2020,2019.0,194.966,2200 cc,Peugeot,gas,CVT,FWD,PUBLICO,Rural,no,0,no,no,yes,false,0,1
Patricia Mejía,354261726,3212224141,patricia.mejía415@hotmail.com,"Avenida 91 #69-12, Barranquilla",XXT871,2555,CDA-32279,01/09/2024,2000.0,443.707,1800,Peugeot,GSL,manul,fwd,escolar,mixto,false,si,si,no,no,false,no,1
Lina Santana,389207780,3185946582,lina_santana533@hotmail.com,"Calle 73 #94-94, Pereira",YDT282,887,CDA-71698,2019-01-31,1995.0,852004,1000 cc,Ford,DIESEL,Manual,4X4,publico,URBANO,1,yes,no,false,0,no,false,1
Camilo Rojas,197990005,3161535573,camilo.rojas788@yahoo.com,"Carrera 35 #63-54, Ibagué",VAL-047,1841,CDA-78278,06/05/2023,2001.0,331.696,1000,Chevrolet,GSL,AUTOMATICA,,particular,RURAL,yes,,no,yes,false,yes,si,1
Sandra Castro,687713841,3196071747,sandra.castro708@correo.com,"Carrera 29 #30-61, Montería",LND-856,2588,CDA-92245,2024-02-06,2008.0,375.642 km,1800 cc,Mitsubishi,gasolina,Automática,fwd,taxi,Mixto,yes,0,0,0,no,1,no,1
Lina Santana,984705842,3222904887,,"Avenida 62 #12-58, Barranquilla",KNV 058,1513,CDA-37916,2019/04/13,2002.0,431.724,1500 cc,Honda,nafta,semiautomatica,rwd,publico,suburbano,si,true,true,,si,no,0,1
Patricia Mejía,982175615,3243890578,patriciamejía95@hotmail.com,"Circular 74 #90-2, Cali",OZZ289,2722,CDA-60944,31-07-2019,2001.0,,4000,Hyundai,GSL,Tiptronic,4x4,taxi,Urbano,no,1,1,no,no,yes,no,0
Laura García,580209706,3113972255,laura.garcía440@gmail.com,"Transversal 11 #77-53, Bucaramanga",SKS-711,1830,CDA-64143,2024-05-16,2003.0,527968 km,1100cc,Mitsubishi,Diesel,semiautomatica,RWD,publico,suburbano,true,si,false,yes,yes,,0,1
Ingrid Bermúdez,574159620,3029112046,ingridbermúdez781@live.com,"Circular 30 #63-65, Cartagena",WOK-633,2784,CDA-75732,2022-04-21,2021.0,30932,2200,Dodge,Diesel,MANUAL,4X4,PARTICULAR,rural,true,yes,false,no,false,no,no,1
Carlos Martínez,1011333035,3174605121,carlosmartínez942@outlook.com,"Carrera 50 #3-65, Cúcuta",QAE-159,2420,CDA-84826,18/06/2023,2005.0,285977,2400,Hyundai,Gasolina,AUTOMATICA,awd,carga,rural,no,true,no,no,true,false,false,1
Fabio Arévalo,205871474,3122542309,fabioarévalo326@live.com,"Calle 22 #75-46, Neiva",VLY-908,1838,CDA-94561,2021-10-01,1996.0,722.797,1800cc,Honda,nafta,,awd,Escolar,URBANO,si,yes,si,1,false,1,,1
Carlos Martínez,343357466,3218566635,carlos.martínez928@live.com,"Carrera 46 #61-22, Montería",RMA539,1454,CDA-87606,2020/02/06,2018.0,267.075,3000 cc,Peugeot,GAS,tiptronic,4X4,Publico,RURAL,si,no,false,no,no,no,no,1
Patricia Mejía,114352579,3114910659,patriciamejía290@correo.com,"Carrera 104 #54-48, Cali",SXG006,1506,CDA-13713,25/01/2024,2011.0,168486,1500,Kia,Diesel,Mecanica,FWD,PARTICULAR,Rural,no,yes,yes,no,no,1,0,1
Fabio Arévalo,277262251,3239813139,fabioarévalo193@outlook.com,"Carrera 77 #92-92, Pereira",ZFR554,2645,CDA-31435,2024-07-06,2005.0,319.727,1400,Mitsubishi,Gas Natural,semiautomatica,rwd,TAXI,suburbano,true,yes,0,,1,1,false,1
José Hernández,686782980,3014382354,josé-hernández779@live.com,"Carrera 48 #48-66, Cartagena",PSS-654,2909,CDA-18176,09/01/2019,2011.0,168.7k km,2500cc,Kia,GAS,cvt,FWD,PARTICULAR,Rural,no,si,false,true,,false,false,1
Carlos Martínez,209135152,3249674575,carlos.martínez669@gmail.com,"Circular 73 #50-20, Armenia",ZIM774,459,CDA-76051,02-03-2021,1997.0,337731,1400,Suzuki,eléctrico,semiautomatica,4x4,PARTICULAR,suburbano,false,0,yes,si,no,false,,1
María López,845656674,3021498106,maría_lópez907@live.com,"Transversal 98 #66-55, Barranquilla",HDG289,2171,CDA-78942,2021/08/10,2018.0,194.4k km,4000,Toyota,Gas,Automática,FWD,público,urbano,true,no,false,0,true,false,,1
María López,719373884,3158604827,maría.lópez487@gmail.com,"Diagonal 109 #22-37, Montería",ONK715,79,CDA-70420,21/08/2022,2007.0,262019,1600,Renault,GSL,Tiptronic,awd,Particular,urbano,no,si,0,no,yes,yes,no,1
Laura García,485162919,3044834678,laura.garcía695@hotmail.com,"Carrera 84 #86-46, Cúcuta",OOB778,2938,CDA-61774,21-03-2023,2007.0,395.732 km,4000cc,Honda,gas,mecánica,RWD,,Urbano,1,no,yes,si,,no,no,1
Fabio Arévalo,86547577,3166146608,fabio_arévalo66@hotmail.com,"Avenida 63 #31-62, Villavicencio",ONA088,1057,CDA-77961,2018/07/31,2013.0,272.9k km,2500,Ford,Híbrido,mecánica,4x4,Taxi,suburbano,false,no,no,0,no,,false,0
Ernesto Pineda,212026365,3105769388,ernesto.pineda808@gmail.com,"Circular 60 #23-85, Bucaramanga",NWV-774,907,CDA-39214,10/10/2021,2017.0,103k,1150,Ford,Diesel,manual,4x2,Publico,URBANO,true,false,0,false,0,,no,1
Patricia Mejía,154677715,3507292523,patriciamejía659@gmail.com,"Avenida 115 #74-13, Medellín",SBU150,2460,CDA-39455,10/07/2024,2023.0,28540,2050,Dodge,Gas,manul,awd,carga,Rural,no,false,true,0,no,false,0,1
Darío Acosta,485917157,3182911368,darío_acosta735@hotmail.com,"Circular 46 #16-49, Pasto",UEB321,2437,CDA-76477,2020/02/29,2001.0,552.320,1200,Hyundai,Gas,Mecanica,fwd,escolar,suburbano,0,1,true,si,,0,0,1
Mauricio Ruiz,75480033,3042445010,mauricio_ruiz65@hotmail.com,"Carrera 102 #71-94, Montería",KQI610,2959,CDA-33196,2021-01-02,1998.0,871445,1200,Ford,gasolina,Mecanica,4x2,Taxi,URBANO,false,,,1,no,no,no,0
Viviana Suárez,78486843,3001617723,viviana.suárez876@live.com,"Calle 8 #95-32, Armenia",ZRV067,381,CDA-62311,2018-11-26,1997.0,504.956,1300 cc,Renault,gasolina,MANUAL,AWD,PUBLICO,mixto,1,0,1,true,true,true,no,1
Iván Salcedo,733107676,3054595955,iván-salcedo673@hotmail.com,"Avenida 117 #98-17, Cali",BDQ918,948,CDA-54232,2023/01/26,1800.0,71318,1400,Mazda,Diesel,Automatio,fwd,Particular,mixto,no,no,no,si,0,,no,1
Jhon Morales,600749632,3185742863,jhon_morales838@yahoo.com,"Calle 104 #87-31, Pasto",BXR802,2067,CDA-79679,24-09-2024,2007.0,114k,1800,Suzuki,eléctrico,Automatio,fwd,escolar,rural,0,,1,false,false,,1,1
Gustavo Barrera,754368270,3121206658,gustavo.barrera935@live.com,"Avenida 9 #86-69, Villavicencio",XNV395,2213,CDA-31739,07-03-2021,2016.0,252939 km,2400,Peugeot,Electrico,mecánica,4x2,taxi,URBANO,true,no,si,1,no,no,no,1
Natalia Reyes,902049799,3207183877,natalia-reyes681@gmail.com,"Carrera 108 #90-79, Cúcuta",,716,CDA-93303,2022-06-13,2003.0,698.770,1800,mazda,Gas Natural,MANUAL,rwd,Escolar,Urbano,1,yes,false,no,si,no,no,0
Felipe Ramos,41373460,3104001812,felipe.ramos719@yahoo.com,"Carrera 37 #29-67, Cali",TAK025,2203,CDA-84554,2024/09/05,2009.0,273.583,1600 cc,TOYOTA,GNV,CVT,4X2,PARTICULAR,suburbano,si,yes,no,si,true,no,1,1
Iván Salcedo,57524142,3167997437,iván.salcedo26@gmail.com,"Carrera 63 #47-2, Ibagué",KVH865,687,CDA-21402,02/04/2019,2010.0,324765,1800cc,Renault,Electrico,Tiptronic,rwd,publico,RURAL,false,no,si,0,no,1,no,1
Xiomara Pacheco,653696067,3226620142,xiomara.pacheco673@yahoo.com,"Diagonal 7 #31-26, Cúcuta",VKW062,2817,CDA-87776,2023-08-27,2018.0,103k,2400 cc,Chevrolet,GASOLINA,Tiptronic,awd,particular,Urbano,no,,no,0,no,false,,0
Esperanza Vega,518800198,3201528218,esperanza-vega461@live.com,"Calle 101 #21-96, Manizales",WUW858,1294,CDA-14283,2020/09/09,2023.0,31288,2100,Dodge,eléctrico,tiptronic,4X2,carga,URBANO,0,no,no,no,no,no,false,0
Ernesto Pineda,378605850,3106095616,ernesto-pineda603@outlook.com,"Circular 81 #76-48, Bogotá",AWL844,306,CDA-12844,2024-02-13,1996.0,434k,3500cc,Hyundai,GSL,CVT,AWD,PARTICULAR,RURAL,si,yes,no,no,yes,false,no,1
Viviana Suárez,676453886,3101185491,viviana-suárez763@correo.com,"Calle 4 #66-28, Villavicencio",AKU462,210,CDA-26160,2023/06/20,2002.0,711.420 km,2500 cc,Ford,gnv,cvt,RWD,PARTICULAR,Urbano,yes,si,si,false,yes,0,no,1
,300915321,3118860496,sebastián_cruz811@yahoo.com,"Circular 47 #19-70, Manizales",VRE-077,1815,CDA-12330,2018-03-06,2018.0,137k,2400,Toyota,gas,mecánica,,escolar,rural,0,no,false,false,1,1,no,0
Patricia Díaz,503012128,3227795537,patricia-díaz926@outlook.com,"Transversal 78 #76-94, Medellín",NCS 888,2444,CDA-12229,2020-11-04,2023.0,18103,1100,Volkswagen,GSL,Manual,4x2,Particular,,true,no,yes,0,false,false,false,1
Ricardo Peña,318030236,3205133729,ricardopeña257@live.com,"Carrera 20 #46-40, Pasto",GMR029,1763,CDA-34806,2023-10-24,2006.0,460183 km,2350,Renault,,MANUAL,4X4,escolar,Rural,si,no,false,1,yes,false,false,1
Alejandro Zapata,202152907,3124451928,alejandrozapata606@outlook.com,"Calle 52 #49-31, Barranquilla",VAR217,2660,CDA-93389,2022-12-02,2010.0,408091,1000,Peugeot,Híbrido,Automática,FWD,taxi,mixto,1,no,no,0,1,0,no,1
Patricia Mejía,330177707,3229577002,patricia_mejía906@outlook.com,"Transversal 98 #49-2, Bucaramanga",OMH402,886,CDA-75478,12/10/2019,2007.0,660455,1250,Kia,gasolina,automatica,4X4,Carga,Rural,no,no,si,true,1,true,no,1
Sandra Castro,453575346,3151835134,sandracastro722@correo.com,"Avenida 87 #43-85, Bogotá",XWR 261,3063,CDA-37316,2018/10/25,1996.0,680.388 km,1300,Honda,Diesel,manual,FWD,Taxi,Suburbano,si,no,si,1,no,no,no,0
María López,530590298,3048187472,maría-lópez206@correo.com,"Carrera 16 #31-34, Armenia",JLU183,918,CDA-19025,2023/12/31,9999.0,411833,1200cc,Kia,Gas,AUTOMATICA,AWD,PARTICULAR,Suburbano,no,yes,no,false,no,no,,1
María López,402633713,3247071516,maríalópez54@correo.com,"Calle 116 #98-33, Barranquilla",SYG721,2033,CDA-35189,2023-03-17,2003.0,600026,2400,Peugeot,Gas Natural,autom,4X2,Escolar,URBANO,si,0,false,si,1,no,no,1
Lina Santana,522644772,3191597146,lina_santana779@outlook.com,"Transversal 29 #43-37, Bogotá",NLU620,2026,CDA-60880,2019-01-07,2005.0,,1050,Volkswagen,gnv,MANUAL,AWD,,urbano,no,si,si,0,yes,false,false,1
José Hernández,788214201,3234050662,josé.hernández994@outlook.com,"Transversal 45 #44-11, Neiva",EQR 919,192,CDA-93128,07-12-2018,2014.0,314229,,Kia,Electrico,AUTOMATICA,AWD,PUBLICO,suburbano,true,no,yes,no,no,no,1,1
Ingrid Bermúdez,97244307,3129069660,ingrid_bermúdez504@gmail.com,"Circular 41 #49-78, Manizales",LZY342,2088,CDA-37792,2019/10/17,2001.0,329704,1500,Toyota,Diesel,automatica,4X2,particular,URBANO,no,no,no,true,false,yes,no,0
Patricia Díaz,1096070893,3059844473,patricia.díaz45@gmail.com,"Avenida 51 #98-11, Medellín",BWT637,2243,CDA-41585,2020/01/11,2004.0,796466,3450,Ford,GASOLINA,AUTOMATICA,4x2,Escolar,Rural,true,no,false,yes,true,no,yes,1
Mónica Aguirre,103448114,3117335846,mónicaaguirre699@outlook.com,"Transversal 118 #14-76, Armenia",BUC095,1266,CDA-24017,18-09-2022,2023.0,14.397,2200,Kia,Diesel,CVT,,carga,Mixto,,true,,0,0,0,no,1
Andrés Torres,201453576,3201630550,andrés_torres470@yahoo.com,"Circular 12 #53-37, Armenia",RJH 992,484,,21/05/2019,2020.0,218248 km,2500 cc,Chevrolet,Gas Natural,semiautomatica,4X2,escolar,urbano,false,no,0,no,0,no,false,1
Laura García,96497748,3152453893,laura-garcía557@correo.com,"Diagonal 73 #52-89, Cali",QYJ700,916,CDA-87110,2022/01/08,2008.0,433482,4000,Nissan,GSL,cvt,FWD,público,Suburbano,0,0,no,si,0,si,no,1
Mónica Aguirre,256058816,3241953543,mónica_aguirre628@gmail.com,"Calle 73 #87-49, Cali",UWB348,2852,CDA-76797,24/11/2020,2002.0,687k,2000,Hyundai,GSL,CVT,FWD,Carga,Rural,no,1,true,true,1,no,no,1
Héctor Montoya,492001702,3102077639,héctor.montoya182@hotmail.com,"Carrera 101 #10-48, Pasto",RWS585,278,CDA-49053,2019-03-02,1996.0,344.372,1600,Mazda,gasolina,Manual,FWD,PARTICULAR,suburbano,yes,no,true,0,true,true,1,1
Carlos Martínez,293107804,3232311812,carlos.martínez670@correo.com,"Diagonal 13 #41-24, Armenia",GWS-791,989,CDA-65335,2023-04-01,2002.0,513k,2000cc,Kia,gasolina,manul,,público,mixto,no,,no,no,1,0,no,1
Andrés Torres,336130413,3247402260,andrés.torres439@live.com,"Diagonal 52 #58-47, Medellín",OZR878,2667,CDA-51116,13/01/2020,1998.0,815k,,renoult,eléctrico,Automatio,RWD,público,suburbano,1,yes,0,yes,no,1,,1
Sebastián Cruz,1018917788,3015749016,sebastián.cruz640@hotmail.com,"Carrera 100 #84-17, Cúcuta",PUO591,1246,CDA-28859,16-06-2021,2009.0,237306,1400,Mazda,Diesel,Mecanica,awd,carga,mixto,no,yes,0,no,1,yes,false,1
Adriana Parra,838405357,3048141809,adrianaparra399@outlook.com,"Avenida 17 #66-42, Bogotá",JGZ 236,2871,CDA-82558,2019/08/06,2023.0,20220,1550,Ford,gasolina,Tiptronic,4x2,Carga,Rural,no,,false,false,no,no,0,0
Camilo Rojas,1083315523,3011909520,camilo.rojas455@hotmail.com,"Calle 102 #30-99, Pereira",SAF283,572,CDA-12409,08-12-2018,2015.0,202895 km,1350,Mazda,,Mecanica,FWD,particular,Suburbano,0,,no,no,no,false,false,0
Jhon Morales,105969609,3214982910,jhonmorales740@hotmail.com,"Calle 117 #30-57, Bucaramanga",EVW084,1436,CDA-11594,2018-07-22,2003.0,569k,2000cc,Ford,gasolina,Automática,4x2,Escolar,Rural,,false,no,0,false,yes,no,1
Alejandro Zapata,30970124,3132860006,alejandro-zapata753@hotmail.com,"Diagonal 99 #21-72, Manizales",CKP462,994,CDA-19310,17-10-2022,2022.0,23.9k km,1500,Toyota,Híbrido,automatica,4x2,PARTICULAR,Suburbano,no,false,no,yes,0,0,false,0
Patricia Díaz,1013613525,3231884447,patricia.díaz676@gmail.com,"Avenida 37 #13-38, Barranquilla",JSD494,1715,CDA-13221,08/07/2024,2000.0,503.640,1500,Dodge,gnv,Manual,FWD,Publico,Suburbano,true,no,yes,0,no,no,si,1
Marcela Fuentes,,3505808831,marcela-fuentes635@correo.com,"Diagonal 92 #68-20, Bucaramanga",UUY628,1710,CDA-26573,2018/08/10,2022.0,35.382,2550,Honda,nafta,manual,awd,público,RURAL,0,false,false,,1,false,no,1
Mónica Aguirre,1063580122,3135514526,mónica_aguirre727@correo.com,"Diagonal 107 #97-87, Manizales",VRZ 093,586,CDA-38287,15/01/2023,2016.0,214.893,2400 cc,Honda,hibrido,semiautomatica,rwd,carga,Mixto,no,0,no,0,0,false,false,0
Gloria Mendoza,570645619,3167854892,gloria.mendoza745@outlook.com,"Circular 39 #50-52, Cartagena",WNP-848,1791,,08-09-2019,2019.0,54681,1400,Fiat,gnv,cvt,awd,taxi,rural,yes,no,no,true,0,,no,1
Catalina Ortiz,108630596,3217922233,catalinaortiz799@correo.com,"Calle 85 #23-69, Neiva",GQI275,3132,CDA-46379,2022/04/27,0.0,642673,2200,Hyundai,GSL,semiautomatica,AWD,taxi,mixto,si,1,yes,no,,0,0,1
Andrés Torres,144519948,3213405113,andréstorres816@correo.com,"Diagonal 46 #89-87, Cúcuta",WKE461,1432,CDA-74074,2019-06-03,2001.0,715.7k km,3400,Mitsubishi,Gas,Automatio,4x4,publico,RURAL,true,false,false,no,false,true,no,1
Adriana Parra,981166851,3156327063,adriana.parra300@outlook.com,"Circular 56 #29-76, Bogotá",RJP811,1350,CDA-45895,2018/04/29,2022.0,46628,1100,Honda,Gas,manul,FWD,Publico,Rural,false,si,yes,no,no,,0,1
Fabio Arévalo,411643097,3119944436,fabioarévalo115@outlook.com,"Diagonal 96 #57-99, Pereira",XPT761,1008,CDA-78046,12-07-2019,2000.0,714330 km,2400,Dodge,GSL,Tiptronic,FWD,Taxi,URBANO,0,yes,yes,si,true,false,no,1
Darío Acosta,475336140,3181302736,darío_acosta216@live.com,"Circular 109 #26-84, Bucaramanga",MDA501,675,CDA-92668,29-04-2018,2021.0,43330,1600 cc,Ford,Gas,Manual,AWD,TAXI,Urbano,yes,no,,false,no,,1,1
Lina Santana,343406321,,lina.santana713@hotmail.com,"Avenida 14 #41-51, Neiva",AQM 960,3001,CDA-11394,26/03/2023,1998.0,277.977,1200,Toyota,DIESEL,,rwd,TAXI,URBANO,,1,false,false,yes,si,0,1
Lina Santana,722169106,3011529453,lina_santana481@correo.com,"Diagonal 69 #43-80, Cali",WWZ-037,856,CDA-72694,2021-06-06,2000.0,497265,2000 cc,mazda,Electrico,,rwd,publico,mixto,true,0,,no,false,yes,1,1
Felipe Ramos,353940314,3195554112,felipe_ramos4@gmail.com,"Avenida 98 #17-97, Cali",LEP-901,448,CDA-43513,2022/03/01,1996.0,,3000,Toyota,hibrido,manual,4X4,Taxi,Urbano,true,no,yes,no,yes,false,no,1
Natalia Reyes,256101002,3003608265,natalia.reyes331@outlook.com,"Circular 19 #72-81, Pereira",BTZ659,1736,CDA-27879,04-06-2023,2006.0,231k,1000 cc,Fiat,Gasolina,autom,4x2,PUBLICO,Suburbano,yes,true,si,0,no,1,si,1
Sebastián Cruz,595555796,3018472147,,"Transversal 78 #23-17, Armenia",MNV 903,2034,CDA-31036,04/08/2020,2003.0,604611,1350,Renault,,,AWD,público,Urbano,no,1,false,si,,no,0,1
Luis Rodríguez,501448141,3211636141,luisrodríguez759@live.com,"Circular 102 #74-87, Cali",NQX229,2291,CDA-51926,02-05-2021,2003.0,798.9k km,1100,Hyundai,gasolina,Automatio,4x4,Escolar,,true,false,true,si,true,no,no,0
Patricia Díaz,75131511,3221589866,patricia_díaz897@outlook.com,"Avenida 5 #7-81, Villavicencio",IZG-100,2487,CDA-70452,06/10/2019,2019.0,110482,3000,Dodge,hibrido,AUTOMATICA,rwd,Carga,suburbano,no,no,0,0,,false,false,0
Felipe Ramos,538690954,3144522601,felipe-ramos559@live.com,"Avenida 64 #76-28, Bogotá",XEX050,2936,CDA-36295,2022/06/07,1999.0,901125,1000,Ford,Gas Natural,MANUAL,RWD,escolar,Rural,true,no,,false,si,si,,1
Felipe Ramos,581224559,3132704052,feliperamos306@outlook.com,"Calle 90 #27-10, Bucaramanga",DGP662,2620,CDA-55934,21/07/2019,2021.0,107756,1500cc,Kia,eléctrico,mecánica,4X4,publico,mixto,0,no,no,no,no,false,no,0
Natalia Reyes,423362461,3224543122,natalia_reyes467@correo.com,"Avenida 40 #43-81, Manizales",JFG017,1419,CDA-69526,2024/09/22,2014.0,218k,1300,Kia,GAS,manual,rwd,Particular,Mixto,no,false,no,no,0,no,0,1
Darío Acosta,922564389,3052530431,daríoacosta782@gmail.com,"Avenida 104 #10-49, Pasto",UMH917,1738,CDA-13863,2020/03/17,2013.0,186906,1600,Hyundai,gasolina,Tiptronic,4x2,Carga,URBANO,no,yes,,no,1,0,0,1
Darío Acosta,637509710,3106510340,darío_acosta508@outlook.com,"Avenida 95 #37-35, Armenia",ZHC100,3051,CDA-80818,29-06-2020,2005.0,279536,1800 cc,Mazda,GSL,semiautomatica,4x4,taxi,suburbano,false,yes,0,yes,,no,no,1
Xiomara Pacheco,744221028,3226172620,xiomara_pacheco990@live.com,"Diagonal 85 #22-70, Cúcuta",MEN-194,2733,CDA-75704,2022-03-27,2004.0,584432,1100 cc,Mazda,gnv,AUTOMATICA,RWD,PUBLICO,rural,no,,0,1,yes,0,0,1
Viviana Suárez,797541914,3057290303,viviana-suárez606@yahoo.com,"Transversal 50 #24-99, Barranquilla",HXC199,1248,CDA-25338,26/04/2023,1997.0,519080,1800,Hyundai,Gasolina,manual,awd,escolar,RURAL,no,0,true,yes,true,no,yes,1
Lina Santana,923233323,3137518080,lina.santana24@live.com,"Transversal 66 #36-88, Barranquilla",DCV 900,295,CDA-96789,21-02-2022,1995.0,802.650,3000,Chevrolet,Gasolina,Manual,4X4,taxi,Suburbano,1,1,no,yes,yes,no,,1
José Hernández,142004832,3012415198,joséhernández78@outlook.com,"Transversal 104 #96-36, Armenia",LPZ-345,1548,CDA-50860,2020-06-11,2003.0,572532,1450,Chevrolet,Gas,MANUAL,rwd,Carga,Suburbano,false,no,yes,1,1,no,no,1
Sandra Castro,180205615,3218318221,sandracastro492@yahoo.com,"Transversal 50 #79-11, Bogotá",LSW-136,589,CDA-46922,2021/07/21,2009.0,468412,1000,Fiat,Gas Natural,,fwd,Taxi,URBANO,1,true,yes,true,no,yes,no,1
Xiomara Pacheco,327159148,3205967958,,"Diagonal 91 #10-57, Pereira",QGD115,1282,CDA-17033,01/06/2023,1997.0,644k,1600,Fiat,nafta,mecánica,AWD,taxi,rural,no,false,0,yes,true,yes,yes,1
Carlos Martínez,68445078,3244835610,carlos_martínez713@outlook.com,"Avenida 19 #19-44, Cartagena",OTB-161,1740,CDA-10825,2018/12/12,2023.0,37829,2400,Mazda,nafta,AUTOMATICA,RWD,taxi,Suburbano,yes,no,0,1,false,false,false,1
Darío Acosta,665147834,3127141898,darío.acosta170@hotmail.com,"Carrera 29 #65-32, Cúcuta",DHJ-764,2133,CDA-77701,22-09-2022,2023.0,209529 km,1800,Honda,Gasolina,semiautomatica,4X2,escolar,Urbano,,no,false,0,0,no,,1
Ana Gómez,766328862,3054631110,anagómez174@gmail.com,"Transversal 61 #71-80, Barranquilla",ATP567,2542,CDA-73019,2021-07-25,2009.0,233k,2500 cc,Volkswagen,Electrico,CVT,AWD,escolar,RURAL,0,no,no,false,1,si,false,1
,92695251,3194335291,laura.garcía713@hotmail.com,"Avenida 77 #32-59, Armenia",ZWU457,2484,CDA-82513,21/02/2021,2016.0,154.000,4000,Kia,Gas Natural,mecánica,fwd,Publico,mixto,0,false,no,no,false,no,si,1
Carlos Martínez,143850384,3178028010,carlosmartínez638@gmail.com,"Carrera 83 #52-30, Cartagena",AHI555,2644,CDA-22392,2018/05/04,1996.0,563061,1300cc,Toyota,GSL,Manual,4x2,Taxi,Rural,true,0,yes,yes,,yes,true,1
Viviana Suárez,258695566,3249596527,viviana.suárez66@correo.com,"Carrera 101 #74-86, Villavicencio",QEY 738,1745,CDA-59567,2023-05-29,2012.0,216538,1800cc,Ford,Gas Natural,Automática,AWD,público,mixto,true,0,si,0,1,1,yes,1
Camilo Rojas,402337111,3168075291,camilo.rojas563@live.com,"Circular 37 #33-12, Manizales",ACU 545,2481,CDA-17132,2021/06/02,2004.0,409.120,1800 cc,Renault,Gas,manul,AWD,carga,urbano,,1,1,1,si,false,0,1
Claudia Vargas,201737894,3157923177,claudia_vargas892@hotmail.com,"Carrera 99 #6-23, Neiva",MZW-344,1418,CDA-95088,2018-08-13,2021.0,81.043,2500,Mitsubishi,GNV,manual,AWD,Carga,rural,si,0,no,false,si,false,,0
Xiomara Pacheco,885936959,3158192458,,"Transversal 78 #87-40, Neiva",GDK956,426,CDA-14635,30/12/2019,2002.0,775k,3500cc,Suzuki,Híbrido,Manual,4x4,Escolar,suburbano,0,yes,si,si,false,true,true,1
Iván Salcedo,81933092,3244115522,iván.salcedo215@outlook.com,,NCW 174,535,CDA-54774,2023-03-22,2011.0,156867,1600,Mazda,GNV,Automatio,RWD,PARTICULAR,Urbano,true,1,,false,no,no,0,1
Ricardo Peña,833425495,3158304930,ricardo.peña267@live.com,"Calle 10 #95-48, Ibagué",,1055,CDA-33908,21/02/2018,2003.0,262k,2000,Honda,Gas,CVT,4X4,Particular,Rural,si,true,,no,true,no,false,1
Iván Salcedo,97883295,3143684175,iván-salcedo416@outlook.com,"Avenida 4 #40-42, Manizales",VXS992,2858,CDA-21076,2019/01/07,2005.0,442k,1100,Hyundai,Gasolina,,AWD,Carga,RURAL,true,true,yes,true,,no,true,1
Natalia Reyes,789938956,3123583176,nataliareyes790@gmail.com,"Calle 46 #1-42, Medellín",PZV433,2750,CDA-13365,2022/08/24,2006.0,422396,2400,Mitsubishi,Diesel,Tiptronic,rwd,publico,URBANO,si,yes,0,si,false,yes,no,1
Lina Santana,396093416,3048157003,lina-santana139@yahoo.com,"Avenida 21 #68-95, Pereira",PQK486,1744,CDA-18630,23-11-2020,2011.0,438283,3450,Chevrolet,diesel,cvt,awd,taxi,suburbano,true,false,no,true,no,false,false,1
Diana Herrera,452723088,3126440230,dianaherrera160@outlook.com,"Circular 56 #48-19, Neiva",MLV159,133,CDA-50653,2019/12/29,1999.0,425818,1600,Dodge,diesel,mecánica,4x2,público,Urbano,1,false,false,true,1,true,0,1
Ernesto Pineda,21907395,3048132769,ernestopineda52@live.com,"Calle 59 #18-60, Villavicencio",OIT488,7,CDA-68446,2023/04/29,2009.0,552661 km,3000cc,Nissan,Electrico,Automatio,awd,Taxi,Rural,0,false,no,si,yes,no,no,1
Patricia Díaz,48474604,3105385110,patriciadíaz245@hotmail.com,"Carrera 54 #16-63, Bogotá",LSE721,2922,CDA-36755,25/08/2024,2021.0,91762,1100,Ford,GASOLINA,Mecanica,rwd,Publico,Urbano,false,no,no,0,0,false,no,0
Yolanda Cárdenas,398794777,3167824387,yolandacárdenas508@live.com,"Calle 14 #88-25, Montería",POA334,422,CDA-52616,2019-03-03,2000.0,,4000cc,Fiat,DIESEL,manual,4X2,Taxi,mixto,1,1,true,0,0,true,si,1
Adriana Parra,886923045,3216497163,adrianaparra68@hotmail.com,"Avenida 86 #83-5, Pereira",EMF068,1691,CDA-81745,03/07/2018,2008.0,470403 km,1500,Mazda,hibrido,Automatio,AWD,escolar,Mixto,no,no,yes,,0,no,false,1
Yolanda Cárdenas,589697373,3162221209,yolanda-cárdenas610@gmail.com,"Avenida 86 #51-59, Neiva",IRZ181,2919,CDA-18524,25-01-2024,2011.0,200k,2000,Dodge,Híbrido,Automática,,PARTICULAR,Mixto,false,no,no,no,false,no,0,0
Catalina Ortiz,620107457,3127127624,,"Carrera 101 #46-16, Ibagué",GBN-946,2274,CDA-22781,13/06/2018,2003.0,318k,3000,Toyota,GSL,cvt,RWD,Particular,Urbano,true,0,si,no,si,si,no,1
Luis Rodríguez,436632271,3115061143,luis_rodríguez894@live.com,"Calle 33 #30-57, Barranquilla",XCX680,1926,CDA-53920,17-09-2023,2017.0,126.7k km,1800cc,Suzuki,gas,cvt,FWD,Taxi,Mixto,1,no,true,,false,no,0,1
Camilo Rojas,395886322,3112567945,camilo-rojas941@live.com,"Avenida 47 #18-84, Montería",JEZ041,1717,CDA-48320,2023/09/10,2012.0,197926,1250,Honda,Gasolina,semiautomatica,awd,particular,URBANO,0,no,false,yes,no,0,no,0
Andrés Torres,789355820,3045693714,andréstorres757@correo.com,"Carrera 22 #76-34, Villavicencio",BTY175,1369,CDA-97285,26-11-2024,2024.0,0,3450,Kia,GAS,AUTOMATICA,rwd,TAXI,Rural,0,no,no,false,false,no,0,1
Xiomara Pacheco,488814019,3016341250,xiomara_pacheco403@outlook.com,"Calle 8 #84-51, Barranquilla",SDZ302,557,CDA-94931,2021-05-15,1997.0,576259,3550,Peugeot,Híbrido,automatica,awd,escolar,Urbano,false,false,1,true,no,no,no,1
Lina Santana,218824288,3048889046,linasantana588@yahoo.com,"Carrera 120 #8-91, Bogotá",YMY093,2249,CDA-10130,2021/04/17,2011.0,,1500,Toyota,gasolina,manual,AWD,escolar,rural,no,0,0,no,1,no,0,0
Lina Santana,520517672,3211455440,linasantana154@outlook.com,"Calle 90 #95-27, Pasto",XZE070,1816,CDA-50366,26-10-2018,2018.0,109k,1000,Peugeot,Diesel,semiautomatica,4x2,publico,RURAL,no,no,false,si,0,false,false,1
Marcela Fuentes,675659621,3008603022,marcela.fuentes738@gmail.com,"Carrera 65 #94-9, Cartagena",QWS-053,2974,CDA-94811,01-12-2024,2008.0,638473,2400,Dodge,,Automatio,AWD,Escolar,Suburbano,yes,0,no,0,true,1,0,1
Sebastián Cruz,625821144,3249493563,sebastián-cruz868@hotmail.com,"Diagonal 62 #84-70, Neiva",HCK613,3139,CDA-50630,03/01/2019,2012.0,342612,1100,Fiat,hibrido,Tiptronic,AWD,TAXI,urbano,no,si,0,si,no,0,0,1
Gloria Mendoza,973968405,3028165320,,"Diagonal 54 #82-79, Bucaramanga",QOB899,2319,CDA-30069,2020/02/15,2002.0,274728,2300,Toyota,GAS,Automatio,4X4,particular,Urbano,no,no,yes,si,si,1,0,1
Adriana Parra,1045894207,,adriana_parra505@yahoo.com,"Avenida 115 #84-58, Ibagué",NNE 245,571,CDA-30011,28/04/2020,2024.0,0,3000,Volkswagen,Electrico,automatica,AWD,Carga,URBANO,no,,false,no,no,,,0
Mauricio Ruiz,461635807,3051691961,mauricio_ruiz684@gmail.com,"Avenida 21 #90-55, Manizales",LWW838,353,CDA-51408,22/06/2020,1996.0,528065,1400,Chevrolet,Gasolina,tiptronic,fwd,Particular,Rural,no,0,true,yes,yes,true,no,1
José Hernández,403521004,3243804075,josé_hernández847@correo.com,"Avenida 88 #90-89, Pereira",PVA534,92,CDA-23424,24/08/2023,2018.0,193589,2500cc,Suzuki,GASOLINA,manul,4X2,PUBLICO,suburbano,0,0,0,no,true,false,,1
Viviana Suárez,429528952,3122398996,viviana-suárez866@correo.com,"Diagonal 50 #87-3, Manizales",GQH997,3176,CDA-62902,25-05-2018,2020.0,77426,1500,Toyota,GASOLINA,MANUAL,,taxi,rural,0,0,no,false,0,false,0,1
Camilo Rojas,908569228,3203633882,camilorojas546@outlook.com,"Carrera 81 #60-77, Bogotá",CLM859,2783,CDA-25179,2021/02/27,2016.0,127k,2500,Volkswagen,GASOLINA,Automática,rwd,PUBLICO,Mixto,si,yes,,no,true,true,0,1
Mauricio Ruiz,913938295,3005730534,mauricioruiz959@hotmail.com,"Calle 84 #58-40, Ibagué",VLE459,1171,CDA-64829,2018/08/11,2022.0,61383,2400,Ford,Gasolina,Automatio,4x4,PUBLICO,rural,false,no,no,yes,,no,0,0
Sebastián Cruz,763849266,3109578895,sebastián-cruz803@yahoo.com,"Transversal 20 #51-1, Villavicencio",XJQ178,2713,CDA-15005,12-07-2023,1996.0,804971,1000 cc,Dodge,eléctrico,tiptronic,RWD,público,RURAL,true,no,si,1,1,true,true,1
Mauricio Ruiz,969512102,3215787693,mauricio.ruiz13@outlook.com,"Circular 51 #36-81, Villavicencio",HJB989,1286,CDA-67975,15-01-2024,2011.0,195204,1000 cc,Volkswagen,gnv,automatica,awd,público,Mixto,true,true,yes,si,0,no,false,1
Lina Santana,1006342540,3223421747,lina.santana150@live.com,"Circular 120 #75-47, Cali",WOJ554,2338,CDA-26823,2018/01/05,2018.0,152239,1200,Nissan,hibrido,manul,4x4,Escolar,,false,0,0,false,no,,no,0
Sebastián Cruz,250955620,3503341657,sebastián-cruz557@outlook.com,"Carrera 36 #28-64, Pereira",EWV687,2358,CDA-89229,2023/09/15,2022.0,52150 km,3500,Hyundai,gas,Mecanica,4X4,taxi,suburbano,yes,0,no,1,0,no,1,1
Darío Acosta,1093123075,3012678004,daríoacosta59@gmail.com,"Transversal 18 #18-88, Pereira",RFW871,2929,CDA-55957,2023-02-24,2013.0,405194,3000,Kia,diesel,manul,RWD,Escolar,suburbano,no,,no,yes,0,no,no,1
Ernesto Pineda,650357649,3009657077,ernesto-pineda743@correo.com,"Transversal 89 #69-98, Armenia",KVC295,1592,CDA-65905,2022/07/30,2023.0,3089 km,2400 cc,Nissan,GNV,autom,4x2,publico,suburbano,no,0,no,0,0,0,0,0
Ricardo Peña,202029769,3045126224,ricardo.peña989@correo.com,"Calle 120 #66-97, Bogotá",PRO514,2131,CDA-99199,2023-12-12,2018.0,169.731 km,2500,Mitsubishi,Electrico,manul,4X2,publico,suburbano,no,0,,no,,yes,no,0
Viviana Suárez,1055362900,3021919227,vivianasuárez177@live.com,"Diagonal 42 #46-15, Cali",MQM-679,698,CDA-13027,11-10-2019,2014.0,93699,2000 cc,Nissan,Gas,Tiptronic,4X4,PARTICULAR,Urbano,no,,1,false,true,no,si,1
Fabio Arévalo,431076587,3189857785,fabio-arévalo401@hotmail.com,"Diagonal 37 #85-88, Medellín",EVR873,2752,CDA-55976,2021-07-20,2019.0,110k,1500 cc,Fiat,diesel,semiautomatica,awd,PARTICULAR,urbano,false,false,si,false,no,,false,0
Lina Santana,114090545,3188712448,linasantana775@yahoo.com,"Calle 11 #52-41, Cali",CFR055,349,CDA-12686,2020/03/07,2023.0,19.611 km,2200cc,Mitsubishi,nafta,semiautomatica,4x4,escolar,mixto,0,false,false,0,0,no,false,0
María López,420992813,3505888759,maría.lópez455@live.com,"Diagonal 78 #43-34, Montería",TVH581,2324,CDA-62697,07-01-2023,2005.0,713615,2400cc,Honda,Gas,Manual,4X2,Taxi,Suburbano,1,no,false,si,yes,false,1,1
Roberto Nieto,721602272,3152804879,roberto-nieto673@hotmail.com,"Calle 97 #24-58, Bucaramanga",YAV883,2578,CDA-10997,,2016.0,155k,1500,Nissan,GNV,Automática,fwd,Particular,urbano,false,0,false,false,no,1,true,1
Felipe Ramos,808226003,3247674462,felipe-ramos380@yahoo.com,"Calle 93 #67-17, Manizales",XVK-164,2669,CDA-31173,2024/11/14,2003.0,611987,1100cc,Fiat,Híbrido,Manual,AWD,TAXI,Mixto,yes,si,no,0,0,false,no,1
José Hernández,872650642,3161038939,josé-hernández969@hotmail.com,"Transversal 78 #21-6, Cúcuta",KMM875,2678,CDA-74227,2023-01-30,2000.0,191.001,,Dodge,Gasolina,mecánica,AWD,Particular,Suburbano,no,false,1,si,0,true,no,0
Camilo Rojas,401546176,3224544195,camilo.rojas12@gmail.com,"Avenida 75 #45-19, Pereira",BAT389,1138,CDA-82617,28/11/2024,2015.0,142136,3500,Suzuki,Electrico,tiptronic,FWD,publico,Urbano,,0,false,no,no,yes,no,0
Sandra Castro,523526455,3136440665,sandra.castro974@hotmail.com,"Calle 100 #7-73, Pereira",EVY-206,2113,CDA-29625,06/05/2023,2002.0,556751,1600,Fiat,Híbrido,Tiptronic,4x4,taxi,URBANO,,no,no,si,false,,,1
Omar Leal,728199704,3185236650,omar.leal197@live.com,"Avenida 26 #46-6, Barranquilla",KYW166,2805,CDA-83927,25-10-2020,2010.0,339976 km,1500,Mitsubishi,Gas,mecánica,4x4,Taxi,mixto,1,true,false,true,1,0,true,1
Alejandro Zapata,203139090,3003927239,alejandro_zapata33@correo.com,"Transversal 7 #63-45, Bucaramanga",LEO317,3114,CDA-19928,2021-05-15,2009.0,238.9k km,2200 cc,Fiat,GASOLINA,autom,RWD,Escolar,suburbano,no,no,no,si,false,,no,1
Esperanza Vega,697505147,3236344600,esperanzavega591@correo.com,"Diagonal 31 #10-49, Barranquilla",JUT641,3098,CDA-83986,20/08/2022,2003.0,,4000 cc,Renault,gasolina,autom,4x2,Taxi,mixto,si,0,1,no,0,no,no,1
Omar Leal,255704199,3162960838,omar-leal671@yahoo.com,"Transversal 14 #20-8, Ibagué",DIR 764,1712,CDA-90416,2020/10/21,2011.0,313262,1500,Honda,gas,cvt,fwd,PUBLICO,mixto,true,no,false,0,0,false,0,0
Adriana Parra,772096036,3027477337,adriana-parra53@live.com,,DYO521,1340,CDA-42655,2023-09-17,2004.0,525562 km,2500 cc,Nissan,Gasolina,manul,4x4,publico,Rural,,0,no,no,yes,1,no,1
Natalia Reyes,700180110,3134053885,,"Circular 19 #53-48, Cali",ABN494,2906,CDA-50382,2021-08-15,1995.0,532.950 km,1400,mazda,GAS,autom,,particular,Urbano,si,0,no,yes,false,si,true,1
Claudia Vargas,,3106683046,claudiavargas198@live.com,,WBW880,454,CDA-83260,07-01-2019,2005.0,328095 km,4000,Peugeot,Híbrido,autom,4X2,Particular,Rural,true,0,0,,si,yes,0,1
Adriana Parra,620813676,3505860335,adriana-parra229@correo.com,"Circular 8 #15-7, Cartagena",YMU027,914,CDA-81779,2019/02/13,1995.0,1068096,4000,Hyundai,gasolina,manual,FWD,publico,Rural,1,yes,si,false,si,yes,true,1
Catalina Ortiz,475336099,3139248942,catalina_ortiz889@hotmail.com,"Calle 51 #60-27, Ibagué",QKI023,2367,CDA-45839,12/01/2022,1999.0,524537,1800 cc,Nissan,hibrido,Manual,FWD,Taxi,urbano,true,no,0,yes,true,true,false,1
Patricia Mejía,775984525,3014525707,patricia.mejía931@live.com,"Circular 81 #77-49, Cali",SLR 708,1200,CDA-88039,2021/12/27,2000.0,845545 km,2400 cc,Volkswagen,gnv,AUTOMATICA,FWD,público,mixto,yes,1,0,no,no,0,false,1
,634172954,3162105130,yolanda_cárdenas800@gmail.com,"Diagonal 43 #61-66, Armenia",QGJ869,1275,CDA-61605,2024-07-22,2016.0,272k,3000,Suzuki,GNV,tiptronic,4X4,TAXI,Suburbano,no,no,no,0,no,0,false,0
Patricia Mejía,450938785,3116627657,patricia_mejía440@hotmail.com,"Calle 76 #31-40, Montería",NYH682,2568,CDA-68684,2019/10/09,2017.0,125510,2500cc,Dodge,nafta,Mecanica,4X4,Particular,RURAL,0,no,false,false,no,false,no,0
Gustavo Barrera,929481768,3054466502,gustavo.barrera584@yahoo.com,"Transversal 69 #22-42, Pasto",OYN-981,38,CDA-17770,04/06/2019,2019.0,51512,3000cc,Mitsubishi,hibrido,Tiptronic,4X2,Carga,mixto,false,no,0,no,no,0,no,1
Omar Leal,1039015608,3006977037,omar_leal38@yahoo.com,"Transversal 113 #7-8, Cúcuta",KIY 086,975,CDA-29136,16/09/2020,2001.0,298820,3000,Fiat,GNV,CVT,fwd,PARTICULAR,urbano,yes,1,no,1,no,yes,0,1
Yolanda Cárdenas,1072771428,3137370610,yolanda.cárdenas429@yahoo.com,"Carrera 23 #48-17, Armenia",YCB387,3044,CDA-46127,2021-05-23,1996.0,747.085,1400,Mazda,Gas,cvt,4x4,Escolar,Suburbano,,no,si,1,true,,no,1
Iván Salcedo,296072599,3509273027,,"Circular 110 #48-48, Cartagena",QVA803,984,CDA-78784,2024-09-06,2009.0,369632,4000 cc,Suzuki,DIESEL,manul,RWD,Carga,URBANO,false,0,false,false,false,no,no,1
Yolanda Cárdenas,599471753,3509795876,yolanda-cárdenas189@gmail.com,"Calle 90 #61-87, Barranquilla",RWN808,1250,CDA-31090,2023-08-17,1995.0,187536,2250,Ford,Electrico,Mecanica,4X4,Publico,Suburbano,yes,yes,no,si,0,yes,1,1
Mónica Aguirre,293468367,3174457987,mónica_aguirre628@live.com,"Diagonal 95 #63-45, Villavicencio",CXY607,2663,CDA-77475,2021-02-16,2018.0,106k,1500,Suzuki,GSL,Mecanica,RWD,Particular,Urbano,no,no,no,1,no,false,,0
Natalia Reyes,423362461,3224543122,natalia_reyes467@correo.com,"Avenida 40 #43-81, Manizales",JFG017,1419,CDA-69526,2024/09/22,2014.0,218k,1300,Kia,GAS,manual,rwd,Particular,Mixto,no,false,no,no,0,no,0,1
Gustavo Barrera,652471447,3182475901,gustavobarrera176@hotmail.com,"Circular 107 #42-78, Medellín",ATX623,1285,CDA-59808,2024/06/30,2010.0,267k,1300,Kia,nafta,CVT,4X2,publico,URBANO,no,no,no,no,true,true,no,0
Camilo Rojas,440493047,3057275253,camilo-rojas223@outlook.com,"Calle 73 #35-20, Cali",JOX 548,2006,CDA-30291,16/12/2022,2014.0,342414,1200,Fiat,GNV,manul,awd,publico,suburbano,,0,false,true,no,yes,false,1
Carlos Martínez,225747198,3047442986,carlosmartínez323@hotmail.com,"Circular 11 #32-71, Ibagué",PUR863,40,CDA-61347,12/08/2018,2005.0,503052,2200,Mitsubishi,,autom,fwd,carga,urbano,yes,0,no,no,0,si,no,1
Ricardo Peña,373462472,3151744653,ricardo-peña816@yahoo.com,"Transversal 19 #62-15, Cúcuta",QBM-648,1487,CDA-95518,04/11/2018,1997.0,387780 km,3500,Mitsubishi,Híbrido,AUTOMATICA,FWD,PUBLICO,Urbano,si,0,0,false,no,1,no,1
Patricia Díaz,670256653,3199852807,patricia-díaz467@live.com,"Calle 12 #32-34, Cali",FXY-401,2109,CDA-54340,2024/06/28,2016.0,180282,3500,Hyundai,gasolina,Mecanica,RWD,publico,RURAL,false,no,0,false,si,1,no,1
Sebastián Cruz,1003084967,3506337828,sebastián-cruz19@correo.com,"Calle 79 #37-94, Pasto",LKP545,170,CDA-68246,06/08/2023,2015.0,174122,1600,Mitsubishi,eléctrico,CVT,rwd,escolar,urbano,true,no,yes,false,false,yes,false,1
Mauricio Ruiz,430665570,3211864812,mauricio.ruiz310@yahoo.com,"Transversal 41 #15-17, Bogotá",QVL392,1356,CDA-66479,2020-01-01,1995.0,96868 km,3500,Suzuki,eléctrico,automatica,4x4,particular,RURAL,true,0,1,true,,yes,0,1
Omar Leal,851984885,3173687227,omar-leal414@hotmail.com,"Transversal 8 #85-48, Montería",CJQ093,738,CDA-68232,2019/11/03,2006.0,582663,1850,Volkswagen,DIESEL,manul,FWD,público,RURAL,no,no,false,si,no,0,yes,1
Mauricio Ruiz,313593626,3157604301,mauricioruiz633@outlook.com,"Calle 20 #14-13, Barranquilla",CXO 899,1898,CDA-15548,2024-12-10,2003.0,466072,3500,Peugeot,GSL,Mecanica,4X2,Particular,Rural,true,0,false,true,no,1,false,1
Laura García,117456167,3221505597,laura.garcía925@gmail.com,"Calle 107 #96-21, Pereira",VOU208,2963,,2024/08/05,2010.0,294457,1100,Toyota,eléctrico,CVT,4x2,Carga,RURAL,si,,no,,no,0,0,1
Lina Santana,359987647,3205154969,lina-santana259@gmail.com,"Circular 98 #12-94, Pereira",OKK 265,1673,CDA-35849,07/07/2020,2009.0,198556,1500,Suzuki,,AUTOMATICA,AWD,PARTICULAR,suburbano,false,true,no,false,no,si,false,1
Omar Leal,445830097,3052385966,omar.leal39@outlook.com,"Transversal 77 #39-61, Pereira",TUX444,1565,CDA-28484,10-02-2018,2018.0,183157,2400cc,Toyota,gnv,automatica,4x4,Publico,Suburbano,0,0,false,no,0,0,no,1
Claudia Vargas,537961352,3135706796,claudia-vargas189@correo.com,"Circular 78 #89-3, Manizales",,2175,CDA-37288,2018-06-12,2013.0,206100,1600,Nissan,hibrido,cvt,4x2,taxi,Mixto,no,si,true,no,false,0,false,1
Héctor Montoya,483265674,3225705112,héctormontoya466@correo.com,"Avenida 39 #87-7, Medellín",YTQ 756,635,CDA-53770,23-10-2021,2021.0,52227 km,3500,Fiat,gas,Manual,rwd,escolar,URBANO,0,0,0,no,no,false,false,1
Omar Leal,1091658525,3167580424,omar_leal96@hotmail.com,"Circular 17 #73-27, Bucaramanga",JZY864,2908,CDA-59693,,2006.0,178.5k km,1300 cc,Dodge,Híbrido,MANUAL,4X2,particular,suburbano,,0,,no,true,1,no,0
Adriana Parra,918669576,3206477295,adrianaparra649@outlook.com,"Avenida 109 #62-4, Medellín",BXK619,2185,CDA-86613,2021/06/04,2002.0,185.042,3550,Mazda,Gas,CVT,4X2,Publico,Mixto,true,no,false,no,no,no,0,1
Alejandro Zapata,160884592,3006306935,alejandro-zapata419@correo.com,"Carrera 71 #17-7, Cartagena",MER053,1641,CDA-99758,31-10-2024,2002.0,553996,2200,Mazda,gas,CVT,4X2,carga,mixto,0,yes,true,true,no,no,,1
Ricardo Peña,643535279,3183623252,ricardo.peña602@live.com,"Transversal 25 #45-66, Villavicencio",EQZ432,1291,CDA-89099,2021-11-28,2015.0,251229 km,1100,Mazda,Diesel,mecánica,rwd,Publico,Rural,no,1,true,false,1,false,no,1
Luis Rodríguez,952002107,3163475089,luis_rodríguez773@gmail.com,"Diagonal 111 #20-31, Ibagué",DHO526,3189,CDA-20240,16/06/2024,1995.0,551.530 km,1100,Hyundai,gasolina,automatica,FWD,PARTICULAR,suburbano,no,si,no,true,true,yes,true,0
Catalina Ortiz,911638061,3213427625,catalina_ortiz214@outlook.com,"Carrera 68 #82-97, Medellín",HXK226,1381,CDA-19898,2022/09/08,2008.0,481k,1450,Nissan,nafta,mecánica,4x4,escolar,suburbano,no,true,yes,si,0,0,no,1
Xiomara Pacheco,607658064,3194880735,xiomara.pacheco229@hotmail.com,"Circular 33 #74-35, Manizales",VIA880,580,CDA-56671,11/09/2023,2009.0,503672,1100 cc,Dodge,,Mecanica,4X4,taxi,Rural,no,no,0,no,si,,false,0
Catalina Ortiz,1092365519,3029613285,catalina-ortiz931@hotmail.com,"Transversal 83 #70-84, Cartagena",RZH 306,329,CDA-43478,2022/02/24,1999.0,742022,2100,Toyota,GAS,Tiptronic,fwd,escolar,Rural,si,0,false,true,1,si,true,1
Jhon Morales,333758080,3233054036,jhonmorales741@outlook.com,"Calle 77 #27-48, Montería",MEN862,2004,CDA-98274,26-03-2019,2011.0,294973,1300,Ford,Diesel,Tiptronic,RWD,escolar,URBANO,no,no,si,no,si,true,false,1
Sebastián Cruz,171194497,3215193096,sebastián.cruz33@live.com,"Transversal 92 #77-70, Medellín",TMB120,893,CDA-43163,01/08/2020,2003.0,693001,3450,Fiat,gas,MANUAL,,carga,suburbano,false,false,0,si,,false,0,1
Roberto Nieto,376360954,3243672000,robertonieto893@hotmail.com,"Calle 102 #40-74, Montería",NAI029,1144,CDA-18786,2022/10/25,2020.0,103767,2400,Toyota,GASOLINA,CVT,AWD,escolar,Suburbano,false,no,0,,no,0,0,1
Marcela Fuentes,615057211,3233169556,marcela_fuentes177@live.com,"Circular 87 #31-1, Pereira",OSW-501,781,CDA-10565,09/10/2023,2024.0,0k,1500,Kia,DIESEL,AUTOMATICA,4X4,Particular,Suburbano,false,0,0,false,yes,false,no,0
José Hernández,857504239,3146274105,josé_hernández720@live.com,"Transversal 114 #76-70, Pereira",CPF 531,1916,CDA-11996,04/07/2019,2021.0,62.789,2350,Suzuki,hibrido,autom,4X2,PUBLICO,RURAL,0,no,,true,no,,no,0
Gloria Mendoza,107986528,3184712966,gloria-mendoza549@hotmail.com,"Calle 79 #79-43, Cali",ASU-079,160,CDA-95843,12-05-2020,2008.0,287271,1650,Honda,diesel,Tiptronic,4X4,particular,URBANO,no,no,0,no,,true,no,1
Xiomara Pacheco,867100241,3185482884,xiomarapacheco444@hotmail.com,"Circular 99 #19-2, Bucaramanga",JUN-426,1892,CDA-18451,15/11/2021,1995.0,726396 km,4000,Toyota,nafta,CVT,4x2,escolar,URBANO,false,0,1,0,yes,no,,1
Luis Rodríguez,764333828,3175612742,luis-rodríguez905@outlook.com,"Avenida 78 #35-22, Ibagué",UJN174,2017,CDA-34221,2023-02-17,1996.0,2958,1050,Fiat,gnv,Manual,4x4,Particular,RURAL,1,0,si,no,si,yes,1,1
Omar Leal,1084682874,3216746861,omar_leal210@live.com,"Carrera 30 #29-60, Manizales",TVM563,2556,CDA-29996,2023-02-22,2001.0,667.2k km,1500,Toyota,Gas,autom,rwd,taxi,Mixto,,1,true,false,0,0,0,1
Alejandro Zapata,749499534,3173316405,alejandro.zapata766@hotmail.com,"Circular 21 #13-28, Cúcuta",IOS719,62,CDA-29048,2024/09/24,2002.0,519.366 km,2200,Peugeot,gnv,Automatio,fwd,carga,urbano,1,1,true,yes,yes,no,no,1
Yolanda Cárdenas,858544207,3175981076,yolanda.cárdenas450@hotmail.com,"Diagonal 115 #50-89, Bogotá",JSB277,850,CDA-59315,06/10/2024,2013.0,138715,1200,Mitsubishi,Electrico,Automatio,4X2,particular,Rural,0,0,no,no,true,,si,0
Mónica Aguirre,265088779,3026677128,mónicaaguirre807@gmail.com,"Circular 20 #32-18, Pereira",KBN457,2345,CDA-97914,2019-06-25,1998.0,230k,1300,Honda,GNV,tiptronic,4X4,publico,RURAL,0,,false,si,0,true,no,1
Omar Leal,670741061,3231100885,omar_leal421@gmail.com,"Calle 18 #72-9, Armenia",CBQ660,3177,CDA-37442,25/07/2018,2003.0,176k,1400,Mazda,eléctrico,Manual,rwd,Particular,rural,0,no,si,false,1,yes,no,1
Ernesto Pineda,635217900,3176640932,ernesto-pineda169@yahoo.com,"Circular 80 #79-6, Cúcuta",UUV384,1964,CDA-56471,2024-07-14,2015.0,268k,1600 cc,Kia,gnv,mecánica,,Taxi,urbano,no,no,false,false,no,false,no,0
Gloria Mendoza,973474485,3217327011,gloria.mendoza257@gmail.com,"Avenida 37 #56-56, Bucaramanga",ZZL631,1597,CDA-39111,2018/03/22,2012.0,213434,1800,Suzuki,Diesel,AUTOMATICA,rwd,particular,suburbano,no,0,no,no,si,false,false,1
Mónica Aguirre,1004658849,3048436777,mónica_aguirre289@yahoo.com,"Transversal 64 #57-85, Cartagena",GVB170,1777,CDA-41127,24-02-2021,2002.0,449058,2500,Volkswagen,gasolina,Tiptronic,,escolar,Rural,no,no,0,0,1,true,1,1
Patricia Díaz,1004151184,3051780027,patricia-díaz579@outlook.com,"Calle 81 #11-54, Villavicencio",DDI998,1044,CDA-61848,2023/07/24,1997.0,667202 km,2400,Ford,gasolina,autom,rwd,Taxi,RURAL,yes,1,1,1,1,true,no,1
Lina Santana,919515651,3165983888,,"Carrera 84 #7-27, Villavicencio",BWP265,2741,CDA-69432,2022/09/15,2000.0,674.675 km,1900,Renault,GSL,,awd,Escolar,Suburbano,,1,yes,no,yes,0,false,1
Laura García,1073538382,3246492505,laura-garcía798@correo.com,"Circular 4 #34-60, Neiva",PHL 819,1545,CDA-86657,29/12/2024,2007.0,348217,2000,Volkswagen,,CVT,awd,Publico,Suburbano,yes,true,no,false,no,0,yes,1
Sandra Castro,128759388,,sandracastro441@yahoo.com,"Diagonal 14 #47-8, Neiva",OYZ-507,2195,CDA-93091,2024/11/20,2012.0,,1400,Honda,gnv,Mecanica,4X2,PARTICULAR,rural,true,yes,0,false,si,0,0,1
Diana Herrera,674779172,3214594999,diana.herrera113@live.com,"Circular 96 #67-33, Cúcuta",DSZ870,1974,CDA-63677,2020/10/10,2003.0,555.670,4000 cc,Volkswagen,GSL,autom,4x4,escolar,rural,yes,yes,yes,1,false,no,no,1
Mónica Aguirre,1092093078,3013876240,mónicaaguirre687@live.com,"Carrera 79 #81-98, Neiva",HDM572,1071,CDA-23669,19/04/2020,1996.0,414088,1300 cc,Honda,gasolina,cvt,rwd,Particular,urbano,false,false,,1,1,no,no,1
Lina Santana,205196703,3246110305,lina-santana671@correo.com,"Avenida 47 #7-29, Armenia",OQM-671,54,CDA-54742,10-04-2021,1995.0,858039,1200cc,Chevrolet,GSL,Automática,FWD,Escolar,URBANO,yes,0,,no,yes,yes,yes,1
Sebastián Cruz,529417178,3051542855,sebastián_cruz166@gmail.com,"Avenida 64 #80-31, Cali",QZL325,3174,CDA-73090,15-04-2018,2018.0,184k,2500,Volkswagen,Gas Natural,manul,awd,taxi,Urbano,false,no,no,0,false,no,no,0
Camilo Rojas,235703887,3159534592,camilo.rojas609@gmail.com,"Transversal 61 #93-76, Cartagena",QXV-872,3170,CDA-72008,,1997.0,354.460,1500cc,Peugeot,Gas Natural,Mecanica,4X4,particular,Mixto,yes,si,no,,no,0,0,1
Luis Rodríguez,47510632,3054182050,luis_rodríguez557@hotmail.com,"Carrera 24 #11-54, Neiva",NLS-975,1798,CDA-88954,04/07/2022,1997.0,513804 km,1000 cc,Chevrolet,Gas,Manual,4X2,escolar,Mixto,false,true,false,false,yes,no,yes,1
Luis Rodríguez,1097662424,3142080611,luis_rodríguez642@live.com,"Carrera 84 #44-79, Ibagué",YJT235,259,CDA-19261,2022/07/28,2010.0,237960 km,1600,Fiat,gasolina,MANUAL,RWD,particular,mixto,false,false,0,,si,0,0,1
Diana Herrera,949230098,3028784213,diana-herrera335@correo.com,"Calle 89 #16-77, Ibagué",ZUX424,506,CDA-65168,20/11/2019,2008.0,341544,1400,Mazda,hibrido,tiptronic,RWD,TAXI,mixto,false,,no,0,yes,no,no,0
Catalina Ortiz,22827272,3215713889,catalina_ortiz781@gmail.com,"Diagonal 12 #87-49, Ibagué",RKE855,753,CDA-95823,10/08/2020,1998.0,459k,4000 cc,Suzuki,GAS,automatica,4x4,público,urbano,yes,si,,yes,true,,si,1
Esperanza Vega,539529492,,esperanzavega690@outlook.com,"Calle 114 #36-56, Pereira",NPY689,2224,CDA-44372,06-02-2020,2019.0,118204,1400,Hyundai,Diesel,manual,fwd,escolar,Urbano,no,no,0,no,si,no,0,0
Luis Rodríguez,302509846,3237904546,luis_rodríguez276@hotmail.com,"Calle 91 #54-33, Villavicencio",ACP-765,218,CDA-97952,14/06/2018,2020.0,92895,2400,Nissan,GSL,Manual,4X2,PUBLICO,,no,1,si,no,true,no,no,1
Fabio Arévalo,616574898,3102350212,fabio_arévalo584@outlook.com,"Transversal 115 #83-27, Montería",SDD-337,825,CDA-24533,2023/10/24,1995.0,628103 km,3500,Renault,GSL,CVT,rwd,taxi,Mixto,no,yes,false,yes,no,true,no,1
Natalia Reyes,302014362,3054583473,,"Calle 39 #56-27, Manizales",VUS 544,1861,CDA-72935,2018-02-11,2015.0,215.934,1100,TOYOTA,Electrico,tiptronic,AWD,taxi,Suburbano,no,no,0,false,no,no,0,0
Mauricio Ruiz,295213813,3154199451,mauricioruiz578@yahoo.com,"Diagonal 98 #56-37, Ibagué",UNL325,3085,CDA-12047,03-06-2024,2023.0,23.606,1600,Peugeot,gnv,mecánica,awd,Carga,Urbano,0,0,no,0,false,no,false,0
Patricia Díaz,987112577,3248359910,patricia.díaz253@hotmail.com,"Avenida 67 #71-87, Pereira",COC375,2502,CDA-23363,2021-10-09,2009.0,290.352,2400,Chevrolet,Gas,tiptronic,fwd,particular,RURAL,no,true,true,no,yes,0,false,1
Patricia Díaz,419385151,3232783423,patriciadíaz330@gmail.com,"Circular 2 #35-33, Bucaramanga",QMB698,1390,CDA-41404,2022/05/08,1995.0,561.131,1200,Hyundai,GSL,Automatio,,taxi,suburbano,yes,0,true,true,si,false,no,1
Ana Gómez,103456986,3015579368,ana.gómez149@correo.com,"Transversal 84 #52-10, Villavicencio",FPZ-272,1934,CDA-38540,2024/08/04,2012.0,290464,2200,Dodge,DIESEL,manual,awd,carga,Suburbano,0,yes,1,0,0,no,0,1
Lina Santana,418124751,3011367852,lina_santana694@outlook.com,"Transversal 63 #7-36, Medellín",MYQ 220,1267,CDA-65193,09/01/2024,2016.0,193.326,2300,Nissan,GSL,tiptronic,RWD,carga,URBANO,si,false,1,,no,no,,1
Catalina Ortiz,209817039,3195891986,catalina.ortiz425@gmail.com,"Avenida 39 #59-70, Cartagena",SJF601,2708,CDA-52623,29/06/2024,2002.0,553.944,1450,Kia,Gasolina,semiautomatica,awd,público,rural,false,true,true,,0,true,no,1
Camilo Rojas,229050175,3224713735,camilorojas731@correo.com,"Circular 101 #1-86, Pereira",KIT886,2179,CDA-25591,22/12/2024,,120k,2000,Mitsubishi,gnv,AUTOMATICA,FWD,escolar,suburbano,0,no,true,yes,no,no,0,1
Ricardo Peña,297084212,3104821905,ricardo.peña945@outlook.com,"Calle 74 #1-32, Neiva",SCT938,1599,CDA-66175,23/07/2019,1995.0,437.713 km,1200,Toyota,hibrido,manual,RWD,PARTICULAR,urbano,0,no,true,si,1,0,,0
Darío Acosta,658422129,3243986448,darío.acosta663@gmail.com,"Carrera 20 #87-9, Medellín",FKW 136,2998,CDA-14392,29-10-2018,2009.0,235301,3500,Mazda,Gas Natural,CVT,4X2,escolar,Mixto,true,si,yes,0,0,0,true,1
Ingrid Bermúdez,352721576,3058149852,ingrid-bermúdez270@correo.com,"Calle 88 #80-15, Bogotá",EFX303,1608,CDA-18650,12-05-2018,2024.0,0k,1800,Peugeot,eléctrico,cvt,FWD,TAXI,urbano,no,0,,0,no,0,0,0
Catalina Ortiz,649851960,3161479621,catalina_ortiz720@yahoo.com,"Carrera 91 #93-12, Cartagena",KGE669,2562,CDA-55539,2020/01/01,2001.0,589.781,1500 cc,Peugeot,DIESEL,autom,AWD,taxi,Urbano,true,true,yes,true,si,1,si,1
Mauricio Ruiz,760961389,3228717767,mauricio-ruiz261@correo.com,"Calle 93 #6-65, Cúcuta",GZX-206,772,CDA-31441,18/12/2022,2007.0,353k,2400cc,Mitsubishi,Diesel,MANUAL,RWD,Publico,urbano,yes,yes,no,true,no,no,no,1
Ernesto Pineda,179165362,3113936890,ernesto_pineda607@live.com,"Circular 48 #22-28, Pasto",WMT 403,3080,CDA-17237,2024/09/07,2020.0,92.544,1400,Mitsubishi,GAS,CVT,,TAXI,RURAL,,no,false,0,no,1,,1
Alejandro Zapata,694644696,3055202472,alejandro_zapata156@correo.com,"Calle 95 #79-57, Neiva",YVB-227,3049,CDA-30582,28-10-2019,2003.0,592014,3500cc,Mitsubishi,Gasolina,Mecanica,,PUBLICO,suburbano,no,true,si,no,0,false,0,1
Roberto Nieto,940200732,3138050427,roberto_nieto534@gmail.com,"Circular 91 #46-86, Cali",EXH468,1177,CDA-31655,30/12/2024,1996.0,206687,1100,Mazda,Híbrido,cvt,AWD,Particular,suburbano,si,1,1,si,false,false,,1
Claudia Vargas,1073245681,3139198005,claudia_vargas173@correo.com,"Carrera 50 #56-39, Medellín",SIR 701,2947,CDA-15422,06/12/2021,2019.0,128195,3500,Honda,,Automática,RWD,taxi,rural,false,1,0,false,no,no,no,1
Alejandro Zapata,375750418,3505555138,,"Calle 100 #65-89, Ibagué",XZH254,1086,CDA-67780,2023/10/29,1999.0,705k,2000cc,Nissan,hibrido,manul,fwd,Escolar,RURAL,true,0,yes,yes,true,no,,1
Xiomara Pacheco,201823887,3508463456,xiomarapacheco443@correo.com,"Avenida 8 #54-25, Cartagena",TAL 704,2255,CDA-54430,03-12-2018,1995.0,452604,2200,Mazda,diesel,Automatio,4X2,Taxi,suburbano,0,1,0,1,yes,,true,1
Patricia Díaz,428909060,3129337783,patricia_díaz579@yahoo.com,"Diagonal 68 #88-40, Ibagué",EVV034,1877,CDA-71860,09-01-2024,2015.0,187053,2000,Suzuki,Diesel,manual,RWD,público,Rural,false,no,si,no,false,no,no,0
Catalina Ortiz,843460746,3048507049,catalinaortiz697@correo.com,"Circular 108 #71-79, Medellín",KGH388,1326,CDA-10329,2019-07-27,1996.0,285152,1500 cc,Dodge,gasolina,tiptronic,RWD,Taxi,urbano,true,yes,si,yes,yes,,no,1
Ernesto Pineda,123567959,3168866653,ernesto.pineda293@correo.com,"Avenida 35 #81-14, Barranquilla",MHU270,2334,CDA-60403,02/05/2024,2019.0,111611,1150,Nissan,gasolina,manul,4x4,publico,Suburbano,false,false,no,no,no,,no,0
Laura García,469104604,3141553125,laura.garcía390@gmail.com,"Avenida 36 #83-7, Medellín",KIU650,2725,CDA-97444,07-05-2023,2014.0,397194,2500,Dodge,Gas Natural,Automática,,público,,no,no,false,no,no,,yes,0
Héctor Montoya,156639867,3009535436,héctor_montoya637@correo.com,"Carrera 102 #66-44, Medellín",GJK 266,807,CDA-43053,2019-02-11,2024.0,0,1800 cc,Ford,Gas,autom,awd,Carga,mixto,false,,no,no,false,0,no,0
Sebastián Cruz,935854198,3161179208,sebastián-cruz220@correo.com,"Circular 33 #29-5, Cúcuta",NXX869,2156,CDA-38662,11/02/2024,1997.0,550186,900,Renault,Gas,Mecanica,4x2,Carga,rural,1,true,1,true,si,no,0,1
Ricardo Peña,248892445,3059125672,,"Transversal 14 #57-75, Cúcuta",BEF816,1404,CDA-82970,11-01-2020,2016.0,243137,1500,Mazda,Gas Natural,Mecanica,4X4,Taxi,urbano,no,,0,0,true,true,no,1
Iván Salcedo,843776135,3233528906,iván_salcedo487@gmail.com,"Diagonal 111 #83-90, Neiva",FQY326,342,CDA-66251,2024-06-24,2006.0,482k,1200,Toyota,GSL,MANUAL,awd,Carga,Rural,true,false,true,false,true,yes,false,1
José Hernández,278157849,3135056425,joséhernández527@live.com,"Circular 31 #57-67, Medellín",CLQ604,2356,CDA-81272,19/10/2023,2024.0,0 km,1500,Ford,Electrico,Automatio,4X2,taxi,Urbano,no,0,no,no,0,,0,1
Camilo Rojas,902607139,3019049929,camilo-rojas725@outlook.com,"Transversal 8 #5-23, Pasto",BGS 919,2351,CDA-62169,08-03-2019,2005.0,375624 km,1200,mazda,Híbrido,Automatio,4x4,particular,urbano,,0,yes,yes,,0,no,1
Felipe Ramos,385271247,3129245320,felipe.ramos845@yahoo.com,"Carrera 94 #70-86, Armenia",TFG770,2068,CDA-73054,2019-07-03,1995.0,,2950,Peugeot,eléctrico,autom,4x4,Escolar,Suburbano,1,si,si,true,false,1,true,1
Natalia Reyes,165294699,3105942239,natalia.reyes304@correo.com,"Carrera 62 #18-40, Villavicencio",YWV315,1164,CDA-82569,08-12-2020,2015.0,113935,1600,Volkswagen,eléctrico,tiptronic,4X4,TAXI,suburbano,no,no,0,0,false,0,no,1
Ernesto Pineda,882078386,3207725374,ernestopineda542@correo.com,"Avenida 67 #56-4, Villavicencio",GZF-743,964,CDA-90336,25/07/2023,2016.0,242540 km,2500,Ford,GNV,AUTOMATICA,4x2,PUBLICO,Rural,no,0,true,yes,0,no,false,1
Iván Salcedo,344198044,3046883207,ivánsalcedo459@hotmail.com,"Diagonal 92 #81-97, Cali",YMY 734,3188,CDA-10338,2021/06/24,1995.0,919.4k km,1200,Kia,Gasolina,Automatio,FWD,Publico,suburbano,no,1,no,false,false,0,si,1
Ernesto Pineda,341316423,3144212214,ernesto.pineda165@yahoo.com,"Transversal 15 #47-81, Cali",MLK915,3186,CDA-53600,2024/10/17,2003.0,734k,1400,Renault,GSL,Manual,FWD,PUBLICO,suburbano,true,0,,no,false,true,,1
Esperanza Vega,961033111,3198365749,esperanzavega42@correo.com,"Transversal 115 #53-19, Manizales",MET746,399,CDA-41242,20/05/2019,2000.0,579k,3000,Toyota,nafta,Automatio,4X4,publico,suburbano,0,false,true,yes,no,no,,1
Patricia Mejía,986199827,3058488794,patriciamejía827@outlook.com,"Circular 52 #97-8, Pasto",PPX181,585,CDA-37603,2022/11/18,2024.0,181k,1500,Dodge,gas,CVT,FWD,TAXI,rural,false,no,no,no,no,no,0,1
Gustavo Barrera,821856839,3183644131,gustavo_barrera613@correo.com,"Calle 24 #71-21, Cartagena",LHP795,949,CDA-51082,23-09-2020,2001.0,206286,1200,Dodge,Híbrido,automatica,4x4,escolar,suburbano,1,yes,no,0,yes,no,no,1
Natalia Reyes,971575159,3184874405,natalia.reyes964@yahoo.com,"Avenida 13 #37-39, Bucaramanga",SJI023,705,CDA-77058,2023/12/28,2015.0,119927,,Chevrolet,DIESEL,,4X2,carga,urbano,false,,false,false,false,false,0,1
José Hernández,1073734730,3051145154,josé_hernández304@live.com,"Transversal 67 #62-71, Armenia",PZW846,432,CDA-68570,21-01-2018,2003.0,203k,1100,Volkswagen,diesel,Mecanica,FWD,publico,Mixto,no,true,si,,no,0,si,1
Guillermo Ávila,843851148,3222300798,guillermo-ávila812@yahoo.com,"Diagonal 103 #89-5, Bogotá",IPV468,1689,CDA-84760,21-07-2018,1999.0,678116,1200,Renault,GSL,Automatio,,Escolar,mixto,1,true,yes,no,no,false,false,1
Héctor Montoya,212665287,3058890740,héctormontoya618@yahoo.com,"Calle 87 #18-35, Pereira",JOC015,293,CDA-80388,08/01/2019,1999.0,514494,3000 cc,Chevrolet,GSL,AUTOMATICA,FWD,carga,Rural,no,0,,true,1,yes,no,1
Sandra Castro,86639302,3122104735,sandra_castro232@live.com,"Diagonal 51 #51-13, Barranquilla",WGF732,146,CDA-22352,2024/12/23,1995.0,895046,1200,Hyundai,Gasolina,mecánica,RWD,Taxi,Suburbano,yes,yes,true,yes,true,true,no,1
Omar Leal,1005291102,3205953905,omar_leal831@yahoo.com,"Transversal 18 #6-41, Bucaramanga",ZHH351,324,CDA-81830,25-11-2021,1998.0,634k,1400cc,Suzuki,nafta,CVT,RWD,Particular,Rural,si,si,,si,true,false,si,1
Mauricio Ruiz,958187646,3176773380,mauricio.ruiz38@correo.com,"Circular 37 #20-3, Medellín",BNP 371,2842,CDA-42885,2018/10/19,2002.0,299.8k km,2000 cc,Suzuki,GNV,Automatio,4x4,TAXI,rural,yes,true,true,1,,,no,1
Gustavo Barrera,114086507,3229462379,gustavo.barrera283@hotmail.com,"Circular 98 #62-82, Villavicencio",KAZ008,2323,CDA-70571,03/08/2024,2000.0,682399,3500,Kia,gasolina,AUTOMATICA,4X4,Escolar,Suburbano,,true,1,no,no,si,false,1
Omar Leal,815535134,3505808875,omarleal56@live.com,"Diagonal 67 #57-17, Villavicencio",BRU948,1166,CDA-31967,12/12/2024,,1.212.348 km,2000 cc,Nissan,GASOLINA,CVT,4X4,PUBLICO,RURAL,,false,false,si,si,si,no,1
Gloria Mendoza,810742954,3221314670,gloria_mendoza994@hotmail.com,"Carrera 102 #89-20, Cali",NNP132,1453,CDA-66283,2021/02/07,2019.0,134028,2500,Hyundai,Diesel,manual,4x2,carga,Mixto,no,0,si,no,yes,false,,0
Gustavo Barrera,719589790,3125672073,gustavo-barrera553@hotmail.com,"Transversal 74 #61-32, Montería",KCR348,3,CDA-94696,08-07-2022,1997.0,806.2k km,2000,Renault,gasolina,MANUAL,rwd,escolar,mixto,yes,yes,no,true,1,1,si,1
Laura García,255468409,3149686757,laura_garcía310@gmail.com,"Avenida 119 #32-87, Manizales",RZY784,1713,CDA-83320,06-04-2022,2024.0,0.0k km,3000cc,Renault,gas,MANUAL,RWD,PUBLICO,RURAL,no,0,0,0,no,no,no,1
Darío Acosta,48331558,3163837899,darío_acosta742@correo.com,"Calle 77 #45-62, Neiva",NNL 130,577,CDA-89474,06-12-2019,2002.0,588876,2200,Nissan,nafta,cvt,RWD,publico,suburbano,no,si,,false,,no,1,1
Adriana Parra,889799725,3138911606,adrianaparra306@outlook.com,"Calle 85 #1-60, Villavicencio",BXC129,2531,CDA-16264,28/02/2018,1995.0,828014,1500,Ford,gnv,autom,4X4,Escolar,Rural,true,yes,false,0,true,si,false,1
Andrés Torres,1088471677,3156622669,andrés.torres692@yahoo.com,"Carrera 22 #37-95, Medellín",UAK-032,340,CDA-12502,2022/07/04,1995.0,602389,1200,Peugeot,GAS,autom,fwd,Taxi,Suburbano,,0,yes,1,si,0,si,1
Viviana Suárez,915133033,3015272760,viviana.suárez11@outlook.com,"Carrera 111 #99-84, Villavicencio",ZKB-462,1383,CDA-33184,15-04-2021,2010.0,576517,2100,Mitsubishi,hibrido,automatica,4X2,taxi,suburbano,yes,yes,true,no,no,0,yes,1
Ricardo Peña,186109727,3211253592,ricardopeña88@outlook.com,"Circular 93 #54-83, Manizales",SQQ003,1938,CDA-19192,31-10-2020,2012.0,342092,2000 cc,Hyundai,Electrico,manual,4X2,Publico,rural,1,0,true,false,,true,false,1
Felipe Ramos,308512969,3118826533,felipe.ramos516@correo.com,"Transversal 47 #62-11, Pereira",ZWT 000,926,CDA-19171,2021-04-08,2011.0,176.489,1500cc,Dodge,Gas,Manual,FWD,taxi,URBANO,si,no,true,no,no,no,0,1
Mónica Aguirre,368655976,3042332124,mónicaaguirre95@live.com,"Carrera 27 #47-85, Bucaramanga",EXN 426,266,CDA-24736,2019-11-02,2003.0,197084 km,2500cc,Renault,GSL,Tiptronic,awd,PARTICULAR,Mixto,,si,no,true,1,yes,0,1
Héctor Montoya,811478707,3201138525,héctormontoya827@live.com,"Diagonal 37 #42-27, Pereira",VMI215,377,CDA-87583,25-10-2021,2001.0,725k,4000,Mazda,Gasolina,cvt,FWD,Carga,rural,si,yes,0,false,si,si,no,1
Adriana Parra,365308303,3055815037,adriana_parra636@hotmail.com,"Transversal 103 #6-54, Montería",AGJ281,2577,CDA-77256,2022/03/12,1996.0,1.007.477 km,2500 cc,Fiat,diesel,,fwd,taxi,Urbano,si,si,false,no,si,false,0,1
Patricia Díaz,557980034,3204981983,patricia_díaz639@yahoo.com,"Diagonal 72 #74-89, Neiva",ZNU-526,1772,CDA-53689,16/10/2020,2012.0,452.554,1450,Fiat,Gas Natural,Mecanica,FWD,Taxi,mixto,0,1,no,false,false,1,,1
Gustavo Barrera,701961471,3208105606,gustavo-barrera33@correo.com,"Calle 110 #56-57, Cartagena",UVZ605,1464,CDA-31432,2023-05-29,1996.0,521.390,2200,Mazda,hibrido,Automática,AWD,carga,mixto,si,0,no,true,no,si,0,0
Héctor Montoya,496222413,3137877280,héctor-montoya150@hotmail.com,"Avenida 65 #54-17, Ibagué",SFO868,272,CDA-23075,2019-03-01,2001.0,327313,1000 cc,Honda,diesel,autom,rwd,publico,rural,true,true,true,false,true,false,no,1
Gloria Mendoza,202480905,,gloriamendoza232@hotmail.com,"Transversal 24 #57-50, Pereira",YHR865,697,CDA-32448,01-04-2024,2013.0,301905 km,1000,Suzuki,Diesel,CVT,AWD,escolar,Mixto,true,si,,false,0,false,no,1
Sebastián Cruz,246665999,3003855300,sebastián.cruz740@outlook.com,"Diagonal 6 #34-42, Cúcuta",WPQ922,3020,CDA-31940,2021-01-06,2008.0,466.2k km,1400,Mitsubishi,diesel,MANUAL,rwd,taxi,mixto,si,false,false,false,0,no,no,1
Omar Leal,774613401,3128387907,omar_leal449@gmail.com,"Calle 104 #4-34, Cúcuta",MMC883,245,CDA-21993,11/12/2018,2000.0,230367 km,1400cc,Fiat,Gas,mecánica,FWD,particular,urbano,false,0,no,0,false,0,false,1
Darío Acosta,366758319,3157834861,darío_acosta220@outlook.com,"Diagonal 109 #22-68, Bucaramanga",MPM678,3091,CDA-72637,16/06/2020,2001.0,261398 km,,Chevrolet,GSL,CVT,awd,Carga,URBANO,1,0,no,si,yes,no,yes,1
Alejandro Zapata,988768036,3118715867,alejandrozapata245@hotmail.com,"Carrera 11 #79-17, Cartagena",UEL381,477,CDA-64240,2021-10-23,2017.0,123161,1500,Chevrolet,gas,automatica,RWD,PARTICULAR,RURAL,no,no,,yes,false,1,,0
Xiomara Pacheco,248301481,3141597281,xiomara_pacheco36@gmail.com,"Transversal 3 #45-38, Pasto",WKR831,2804,CDA-32030,22-11-2023,1995.0,303.970,1800 cc,Dodge,eléctrico,Tiptronic,4x2,Particular,Mixto,true,no,true,no,no,yes,no,1
Felipe Ramos,278700797,3215986368,feliperamos527@hotmail.com,"Carrera 86 #28-71, Armenia",ZVL777,2416,CDA-72698,21/09/2018,2003.0,567.760 km,2500cc,Kia,GSL,CVT,4x4,publico,RURAL,0,no,1,false,no,yes,no,1
Xiomara Pacheco,1009926624,3175214195,xiomarapacheco146@correo.com,"Transversal 100 #98-94, Barranquilla",QOX808,814,CDA-70901,13-06-2018,2005.0,503.0k km,1800,Ford,eléctrico,autom,4x4,público,URBANO,no,1,false,1,,si,si,1
Esperanza Vega,781221393,3175748491,esperanza_vega637@gmail.com,"Carrera 30 #34-32, Cali",RHT-363,2044,CDA-45126,2022-05-09,2016.0,209141 km,1400 cc,Dodge,gnv,cvt,RWD,TAXI,mixto,0,no,0,1,0,0,no,1
Natalia Reyes,775738412,3195255103,natalia_reyes600@gmail.com,"Transversal 35 #5-46, Armenia",VGY115,1915,CDA-41028,2023/08/31,2004.0,229.841,2500 cc,Chevrolet,gasolina,Manual,fwd,Carga,RURAL,no,si,,true,yes,no,no,1
Adriana Parra,1023100392,3214858514,adriana.parra842@yahoo.com,"Transversal 51 #39-24, Cali",CEN-987,2058,CDA-52439,13-05-2018,2005.0,599600,2400,Nissan,GNV,AUTOMATICA,AWD,escolar,suburbano,1,no,yes,0,no,no,0,1
María López,596404674,3165247106,maría.lópez921@live.com,"Avenida 53 #94-68, Barranquilla",OPP995,2787,CDA-72025,,2010.0,269150,2250,Ford,,Tiptronic,4X2,público,Suburbano,si,no,,no,0,true,no,1
Carlos Martínez,215372174,3054632607,carlos_martínez877@gmail.com,"Calle 28 #2-45, Barranquilla",BWK163,3060,CDA-86710,2022/12/16,1998.0,572k,1400,Mitsubishi,eléctrico,tiptronic,4X2,Escolar,urbano,true,si,yes,,,si,0,1
Mónica Aguirre,266940568,3041500593,mónica.aguirre245@correo.com,"Carrera 65 #48-97, Barranquilla",SMR681,2322,CDA-40942,22/01/2018,2017.0,276405,1500,Toyota,Gas Natural,automatica,awd,,Rural,0,,,0,0,false,no,1
Patricia Mejía,289432396,3193296370,patricia-mejía524@hotmail.com,"Avenida 33 #95-19, Ibagué",XDZ921,1165,CDA-10494,07/04/2023,2007.0,555377,2500,Mitsubishi,gnv,manul,RWD,Taxi,Rural,no,0,yes,1,si,true,,1
Catalina Ortiz,96392835,3248439147,catalina.ortiz346@outlook.com,"Circular 92 #92-5, Barranquilla",XQN-361,1805,CDA-28643,15-04-2023,2002.0,807,2000,Honda,DIESEL,Automática,AWD,particular,RURAL,1,true,true,no,yes,1,1,1
Mónica Aguirre,714815614,3013361486,mónica_aguirre696@hotmail.com,"Circular 70 #17-72, Villavicencio",TJS367,2955,CDA-55069,2020-06-05,2006.0,321k,1500,Mitsubishi,DIESEL,CVT,rwd,escolar,Rural,no,no,no,si,yes,0,no,0
Mauricio Ruiz,140520217,3027493199,mauricio.ruiz262@yahoo.com,"Carrera 5 #50-78, Montería",IOV283,251,CDA-14687,2019-03-02,2023.0,9326,1400,Fiat,gnv,AUTOMATICA,awd,particular,urbano,false,no,0,no,false,no,yes,0
María López,971511993,3124914015,maría_lópez680@live.com,"Circular 119 #44-48, Cali",ZMR 873,414,CDA-17261,26/07/2024,2023.0,198826,2500,Dodge,hibrido,tiptronic,RWD,Taxi,mixto,no,false,0,0,no,false,0,1
Darío Acosta,1074218207,3226432673,daríoacosta3@correo.com,"Avenida 119 #29-90, Bogotá",ZEJ 701,546,CDA-62015,20-03-2023,2023.0,19023 km,,Toyota,gasolina,tiptronic,FWD,carga,RURAL,no,false,false,no,0,false,no,1
Guillermo Ávila,187747421,,guillermo-ávila951@outlook.com,"Calle 18 #1-43, Medellín",ZUF-771,1194,CDA-55599,18/04/2018,2010.0,230146 km,1300,Dodge,gasolina,mecánica,awd,Particular,urbano,false,no,no,false,no,1,,0
Héctor Montoya,129336006,3215075450,héctor_montoya153@yahoo.com,"Transversal 5 #77-41, Bucaramanga",CXR 231,739,CDA-81716,2018/10/01,2000.0,539871,4000cc,Volkswagen,Híbrido,Automatio,4X4,PARTICULAR,RURAL,false,true,false,,1,yes,0,1
Patricia Díaz,435690071,3041208554,patricia_díaz290@correo.com,"Diagonal 39 #18-26, Pasto",JXH911,311,CDA-78597,2022-09-18,2010.0,327143,2200,Nissan,Diesel,Tiptronic,RWD,Escolar,Urbano,no,yes,no,false,,si,no,1
Guillermo Ávila,925623877,3028630125,guillermo.ávila780@outlook.com,"Calle 95 #90-19, Montería",LEZ814,2587,CDA-18800,14/03/2020,2020.0,36.3k km,1300cc,Nissan,GNV,manul,,PARTICULAR,Suburbano,no,no,,0,no,true,0,0
Ricardo Peña,164296110,3204369193,ricardopeña883@correo.com,"Transversal 87 #78-93, Bogotá",YLC018,894,CDA-69584,28/07/2021,2006.0,607854,2450,Ford,Diesel,Manual,FWD,Carga,Suburbano,true,1,yes,1,no,true,no,1
Laura García,817267342,3193313154,lauragarcía675@correo.com,"Circular 90 #63-94, Manizales",ZTZ220,1132,CDA-14663,2019-07-11,2015.0,253479 km,,Renault,GNV,Automática,rwd,taxi,Urbano,no,1,false,no,no,false,false,0
Xiomara Pacheco,238682823,3056060297,xiomarapacheco62@gmail.com,"Transversal 13 #30-46, Villavicencio",DNU841,1450,CDA-53042,2022/01/17,2019.0,125797,2500,Fiat,Híbrido,Automatio,fwd,público,URBANO,,false,,no,,0,no,0
Camilo Rojas,1082998239,3102184478,camilo-rojas150@gmail.com,"Carrera 106 #84-89, Ibagué",QKV261,3194,CDA-88770,26/04/2024,2014.0,203676,2000,Kia,Diesel,Manual,4X4,carga,rural,0,no,false,no,0,0,false,1
Luis Rodríguez,510360855,3051047572,luis-rodríguez134@live.com,"Carrera 15 #85-4, Cali",UGI107,16,CDA-72422,2022-01-22,2006.0,374091,2500cc,Mitsubishi,GSL,Manual,RWD,Publico,mixto,false,false,,no,1,,no,1
Mauricio Ruiz,304166120,3151287518,mauricio_ruiz26@live.com,"Avenida 20 #86-38, Villavicencio",HEE466,2204,CDA-99997,09-11-2024,2002.0,336k,2000 cc,Honda,GASOLINA,manul,awd,PUBLICO,RURAL,true,true,true,no,1,no,false,1
Fabio Arévalo,567670119,3131234883,fabio_arévalo201@live.com,"Avenida 66 #27-41, Ibagué",KAW560,722,CDA-92860,2024-03-08,2007.0,206953,2400,Fiat,diesel,automatica,4X2,publico,Urbano,0,no,false,,no,yes,no,1
Alejandro Zapata,899361065,3001802870,alejandro-zapata33@outlook.com,"Carrera 10 #81-90, Cartagena",MCD185,1421,CDA-46668,2019/04/30,1998.0,754967,2900,Ford,gnv,CVT,AWD,carga,Suburbano,si,0,0,no,no,false,false,0
Patricia Díaz,139288066,3142610688,patricia.díaz18@hotmail.com,"Circular 11 #15-31, Pasto",OEE093,2891,CDA-83321,2018/05/28,2023.0,26k,3500,Dodge,Diesel,Automática,rwd,escolar,urbano,0,false,no,no,no,0,0,0
Roberto Nieto,67361250,3022738018,roberto-nieto909@gmail.com,"Diagonal 16 #7-76, Villavicencio",ARB777,982,CDA-64840,2024/08/30,1995.0,,3000,Fiat,Gas,Automática,AWD,TAXI,Suburbano,false,0,false,no,true,si,no,1
Esperanza Vega,754203774,3501854792,esperanza_vega865@live.com,"Transversal 120 #24-50, Cartagena",UEQ585,2199,CDA-72457,29/05/2022,2007.0,343.2k km,4000,Kia,gasolina,automatica,awd,TAXI,rural,,true,no,false,no,0,,1
Gloria Mendoza,94961637,3107306278,gloria.mendoza992@gmail.com,"Transversal 16 #85-42, Pasto",GHU723,1540,CDA-95755,2022/12/10,2013.0,38038,1300,Toyota,eléctrico,manul,awd,PUBLICO,urbano,no,no,,si,no,no,no,0
Omar Leal,53931794,3142967308,omar.leal590@correo.com,"Diagonal 57 #77-96, Manizales",XER165,2780,CDA-72917,2023/05/17,1999.0,714.895 km,3450,Ford,diesel,cvt,FWD,Carga,Suburbano,si,true,si,no,no,yes,no,1
Ana Gómez,1015227079,3507022772,ana-gómez382@yahoo.com,"Diagonal 68 #3-19, Medellín",RUH704,1912,CDA-88612,16-03-2023,2023.0,41734 km,2400,Volkswagen,DIESEL,manual,fwd,Publico,Mixto,false,no,0,no,no,no,false,1
Andrés Torres,273627790,3238049388,andrés.torres800@live.com,"Avenida 78 #64-64, Cúcuta",SKT542,1551,CDA-12571,29/05/2023,1996.0,678967,2200,Ford,Gas,autom,rwd,TAXI,urbano,false,false,no,yes,yes,si,no,1
Catalina Ortiz,787550612,3055747084,catalina_ortiz619@yahoo.com,"Calle 2 #87-89, Neiva",JPV739,2659,CDA-60739,18-02-2019,2000.0,630931,1100,Peugeot,gasolina,Manual,rwd,publico,suburbano,no,true,false,true,1,0,no,1
Adriana Parra,629077373,3159301670,adriana.parra827@correo.com,"Avenida 51 #85-77, Pereira",RXG754,364,CDA-43181,15-06-2020,2015.0,252115,1500,Honda,GNV,AUTOMATICA,AWD,TAXI,RURAL,si,0,0,no,,no,no,1
Roberto Nieto,121723051,3183641979,,"Carrera 33 #3-15, Montería",DLF105,983,CDA-36961,19-01-2020,2013.0,117134,1500,Hyundai,GAS,cvt,4X4,Particular,Suburbano,yes,false,false,true,no,0,no,1
Mónica Aguirre,866186128,3508244357,mónica.aguirre222@live.com,"Circular 43 #13-38, Neiva",ALX 363,183,CDA-16265,13/12/2020,2002.0,373302,1500 cc,Nissan,GNV,semiautomatica,awd,TAXI,Mixto,no,no,,0,si,no,0,1
Carlos Martínez,747775910,3115648504,carlosmartínez712@correo.com,"Transversal 37 #8-28, Montería",TWO572,986,CDA-22140,2019/04/12,2015.0,146810,1100,Nissan,Diesel,Automática,AWD,PUBLICO,suburbano,false,false,no,0,0,0,no,0
Ernesto Pineda,317497480,3507818449,ernesto-pineda104@correo.com,"Diagonal 74 #47-21, Neiva",OCL-384,2229,CDA-73241,2021/08/03,2008.0,176015,1300cc,Volkswagen,nafta,Automatio,4x2,TAXI,mixto,false,1,0,false,si,1,false,1
Ingrid Bermúdez,350943919,3114379879,ingrid.bermúdez737@gmail.com,"Diagonal 41 #7-73, Cali",WBV393,1195,CDA-22345,05-06-2023,,39.157,3000,Volkswagen,Híbrido,mecánica,awd,publico,mixto,si,no,,,,no,false,0
Sebastián Cruz,1057996284,3172356352,sebastián-cruz334@live.com,"Diagonal 30 #12-56, Bucaramanga",AYA-082,2499,CDA-31679,09-03-2023,2018.0,185566,2000,Volkswagen,eléctrico,tiptronic,4x2,Taxi,RURAL,1,0,no,false,0,no,false,1
Alejandro Zapata,300635773,3165955109,alejandrozapata353@hotmail.com,"Carrera 105 #72-10, Pasto",MIQ 434,2121,CDA-91121,16-02-2018,2009.0,646419,2400,Mitsubishi,DIESEL,Automática,FWD,publico,suburbano,,0,,yes,true,false,false,1
Sebastián Cruz,642601610,3165605591,sebastián_cruz466@hotmail.com,"Avenida 67 #96-48, Montería",IAE607,1122,CDA-59619,16/01/2024,2017.0,237319,1300,Mitsubishi,GNV,manual,AWD,PUBLICO,URBANO,false,false,0,,false,no,no,1
Viviana Suárez,249480797,3047468806,viviana_suárez155@gmail.com,"Calle 41 #23-3, Pasto",PCT437,2467,CDA-73059,,2015.0,104086,1500cc,Dodge,,Automática,,particular,Rural,,no,0,0,0,no,no,1
Ingrid Bermúdez,166687885,3204468470,ingrid.bermúdez47@outlook.com,"Circular 15 #38-1, Neiva",VVZ-983,188,CDA-28568,21-12-2024,2019.0,122268,3600,Peugeot,GAS,AUTOMATICA,4x2,público,Urbano,no,0,,0,no,no,0,0
Ana Gómez,1017202798,3238345724,ana_gómez224@gmail.com,"Avenida 75 #48-46, Bogotá",YBQ897,620,CDA-51305,07/11/2020,2007.0,272.127,1300,Hyundai,Gasolina,Mecanica,4x2,particular,Mixto,false,no,no,si,yes,si,no,1
Carlos Martínez,13232350,3135566035,carlos.martínez94@outlook.com,"Transversal 23 #64-3, Pasto",NJS 811,1967,CDA-74419,2024/09/13,1999.0,588.0k km,4000 cc,Hyundai,Gasolina,CVT,4X4,público,Rural,true,,no,no,1,1,0,1
Xiomara Pacheco,30742127,3228496464,xiomarapacheco25@outlook.com,"Diagonal 120 #31-70, Montería",HIS 899,1176,CDA-97733,07/01/2021,2020.0,91579,1600 cc,Hyundai,DIESEL,Automática,awd,escolar,Rural,no,false,false,0,yes,no,0,0
Ricardo Peña,336020423,3001107757,ricardo_peña396@hotmail.com,"Transversal 11 #71-54, Ibagué",PRY048,1183,CDA-20588,2024-05-24,2013.0,350761,3000,Fiat,,Manual,4x4,taxi,Suburbano,no,0,no,0,,si,,1
Guillermo Ávila,230907083,3237016549,guillermo-ávila618@hotmail.com,"Circular 110 #37-55, Bucaramanga",PRG 286,2619,CDA-63281,2022/09/26,2005.0,540.162,1200,Mazda,Gas Natural,Automatio,FWD,PUBLICO,Urbano,0,,no,true,yes,si,no,1
Gustavo Barrera,404372118,3231370722,gustavo-barrera146@hotmail.com,"Calle 70 #84-90, Armenia",PGN-391,2422,CDA-83735,2024-05-22,2006.0,607894 km,1100,Dodge,gnv,autom,4X2,Escolar,mixto,no,true,,0,no,true,no,1
José Hernández,292416854,3173047221,josé.hernández459@gmail.com,"Diagonal 6 #94-56, Ibagué",QPG096,615,CDA-29918,2018/10/17,2000.0,1.040.235,1600,Peugeot,diesel,semiautomatica,4X2,escolar,URBANO,no,true,no,true,true,si,no,1
Adriana Parra,819784839,3212441462,adriana.parra484@outlook.com,"Avenida 41 #86-22, Cartagena",FPK097,1514,CDA-56062,2019/01/28,2018.0,66.005 km,2050,Renault,gas,Tiptronic,4x4,TAXI,mixto,si,0,0,0,no,no,no,1
Gloria Mendoza,854590471,3114837379,gloria-mendoza341@hotmail.com,"Diagonal 82 #15-73, Neiva",BZS 162,1467,CDA-44510,2018-03-19,2017.0,262.669,2900,Ford,Diesel,Mecanica,4x4,Escolar,urbano,false,false,yes,no,false,0,false,0
José Hernández,32474917,3025355629,josé-hernández235@hotmail.com,"Calle 35 #95-85, Cúcuta",SQL001,402,CDA-73358,24/04/2018,2022.0,41.009 km,3500,Chevrolet,Diesel,automatica,fwd,público,,0,no,0,0,false,no,false,0
Omar Leal,117739544,3193795210,omarleal839@live.com,"Transversal 92 #47-65, Montería",YQY 436,995,CDA-44583,2024/01/11,2006.0,314781,1400,Kia,GSL,AUTOMATICA,fwd,público,Urbano,0,0,no,0,no,no,no,1
Mauricio Ruiz,1000453444,3213779281,mauricio-ruiz60@live.com,"Diagonal 61 #19-41, Cúcuta",VBQ896,935,CDA-45636,2022/04/23,,0.0k km,4000cc,Hyundai,nafta,Mecanica,rwd,escolar,suburbano,no,no,no,no,0,,no,0
Gustavo Barrera,117115570,3052580209,gustavobarrera175@hotmail.com,"Avenida 62 #16-67, Barranquilla",NLP-940,372,CDA-68746,03-11-2023,2013.0,316084,2200,Ford,diesel,mecánica,4X2,taxi,mixto,no,,si,1,no,1,0,1
Patricia Díaz,1001346245,3177547581,patricia_díaz782@correo.com,"Transversal 5 #90-15, Barranquilla",KPU 370,2186,CDA-86240,25/03/2024,2000.0,876018,,Renault,Gasolina,Automatio,fwd,Carga,Suburbano,yes,yes,yes,true,si,false,false,1
Roberto Nieto,773440322,3233562233,robertonieto242@live.com,"Circular 99 #34-77, Pereira",BTL 361,2384,CDA-84626,2023/09/09,2019.0,73.905 km,4000,Suzuki,Gasolina,mecánica,AWD,Particular,Urbano,no,no,no,,no,no,no,0
Patricia Mejía,92645586,3173825325,patriciamejía736@hotmail.com,"Carrera 116 #48-44, Ibagué",WCD-430,594,CDA-85044,2021/11/23,2013.0,181516,1000,Honda,gas,semiautomatica,4x4,particular,URBANO,false,no,0,no,no,,1,0
Catalina Ortiz,166986306,3138122017,catalinaortiz829@hotmail.com,"Transversal 6 #39-78, Manizales",CHE020,2506,CDA-86623,2018/02/12,2015.0,101570,2000,Mazda,Gas Natural,CVT,4x2,Particular,suburbano,false,no,false,no,no,1,no,1
Gustavo Barrera,788830299,3023990576,gustavo.barrera33@live.com,"Transversal 119 #6-40, Bogotá",AEC604,727,CDA-74346,2020-06-10,2019.0,125691,1100,Toyota,GSL,semiautomatica,FWD,escolar,suburbano,no,no,no,no,no,no,no,0
Xiomara Pacheco,477566191,3508904597,xiomara_pacheco612@gmail.com,"Transversal 17 #76-88, Ibagué",EAG473,827,CDA-10923,2021-08-11,2019.0,110540,2200 cc,Honda,GNV,mecánica,4X4,particular,Rural,no,true,1,no,no,no,1,1
Claudia Vargas,357308008,3151962201,claudiavargas71@correo.com,"Circular 102 #54-75, Neiva",TLL580,2084,CDA-97607,2023/07/14,2021.0,14001,2200,Suzuki,Electrico,manul,4x2,PARTICULAR,Mixto,no,false,no,false,false,no,no,0
Mauricio Ruiz,633872372,3142678821,mauricio_ruiz282@correo.com,"Circular 23 #12-72, Barranquilla",SEJ-961,2242,CDA-84189,16/11/2024,2017.0,205681,2200,Mazda,GNV,mecánica,rwd,Escolar,Urbano,no,no,no,,false,true,no,0
Ernesto Pineda,506336251,3108341566,ernesto_pineda797@yahoo.com,"Carrera 24 #62-47, Ibagué",KGD 771,688,CDA-51336,02/09/2020,2000.0,532532,3500,Hyundai,Gasolina,tiptronic,4X2,Taxi,Mixto,no,no,yes,0,false,yes,0,1
Felipe Ramos,741573533,3209316883,felipe.ramos883@live.com,"Calle 22 #95-82, Cali",KSY302,2438,CDA-32150,2023/04/13,2021.0,56k,1600,Ford,gas,MANUAL,awd,particular,Urbano,no,false,false,false,0,0,no,0
José Hernández,332523398,,joséhernández601@gmail.com,"Carrera 88 #60-11, Neiva",YGF 617,137,CDA-89788,2021/10/30,2014.0,114753,3450,Mazda,Gas Natural,Automática,fwd,Particular,rural,0,no,,0,no,no,0,0
Camilo Rojas,435053743,3173079593,,"Diagonal 103 #17-42, Bogotá",REL894,2689,CDA-44834,24/01/2023,2015.0,276083 km,2300,Volkswagen,GSL,automatica,4x4,Publico,RURAL,,false,si,0,yes,0,0,1
Ana Gómez,634770201,3012106611,anagómez383@outlook.com,"Avenida 61 #39-67, Manizales",DBA947,629,CDA-17775,13-10-2021,2001.0,584612,3500,Hyundai,gasolina,Tiptronic,4X2,Taxi,rural,0,true,yes,yes,yes,no,1,1
Esperanza Vega,611631919,3147168050,esperanza-vega108@gmail.com,"Avenida 114 #62-7, Villavicencio",CDF630,335,CDA-24920,2022-05-31,2014.0,323133 km,3500,Volkswagen,Diesel,automatica,AWD,publico,Suburbano,true,yes,no,no,0,no,si,1
Andrés Torres,671198217,3141413203,andréstorres680@yahoo.com,"Transversal 106 #61-86, Montería",FXR973,1806,CDA-91149,01/09/2023,2020.0,31k,2100,Volkswagen,gnv,Mecanica,RWD,PARTICULAR,Urbano,true,no,no,false,1,0,,0
Omar Leal,580439267,3019168438,omar-leal306@gmail.com,"Avenida 76 #60-60, Medellín",RCY-648,391,CDA-44449,21-10-2018,2011.0,237k,1500,Toyota,gas,autom,RWD,Carga,Rural,no,false,1,true,false,no,yes,1
Héctor Montoya,635365219,3186175233,héctor.montoya873@hotmail.com,"Circular 20 #63-87, Villavicencio",QRY-449,2690,CDA-98864,2018/02/15,2003.0,621.5k km,2400,Hyundai,Gasolina,Automatio,fwd,publico,Rural,1,no,false,no,0,no,true,1
Adriana Parra,775710877,3045877501,adriana.parra776@outlook.com,"Circular 94 #12-11, Cali",DXU693,1110,CDA-27637,2023/12/23,2013.0,432.907,1800,Honda,hibrido,,fwd,,Urbano,yes,no,true,si,false,true,no,1
Carlos Martínez,285633692,3244568167,carlosmartínez852@gmail.com,"Carrera 44 #10-56, Manizales",CMT150,2917,CDA-88652,2021/11/23,1998.0,369459,1500,Renault,gasolina,manul,FWD,particular,RURAL,1,yes,true,true,si,true,false,1
Camilo Rojas,355467707,3008296328,camilo-rojas547@outlook.com,"Circular 39 #62-25, Manizales",AMJ028,1818,CDA-85104,20/08/2020,1995.0,568.584,1300cc,Suzuki,nafta,semiautomatica,4x4,Escolar,Suburbano,si,,si,yes,true,0,no,1
Viviana Suárez,263134583,3121743394,vivianasuárez301@live.com,"Avenida 51 #98-89, Pereira",PWP101,2341,CDA-48865,2024-06-07,1999.0,453618,4000,Fiat,GAS,MANUAL,rwd,,RURAL,false,yes,no,yes,yes,false,no,1
Andrés Torres,610087966,3206282604,andréstorres756@hotmail.com,"Calle 23 #82-76, Armenia",AIJ-676,2980,CDA-73735,09/07/2022,2006.0,476974,1100,Suzuki,hibrido,manul,RWD,carga,URBANO,yes,yes,no,yes,no,si,1,1
Marcela Fuentes,983076355,3508232803,marcelafuentes949@hotmail.com,"Carrera 8 #98-66, Medellín",AWZ578,711,CDA-88964,13-10-2019,2006.0,478487,2200 cc,Dodge,gasolina,manul,,,Rural,yes,no,true,0,no,yes,no,1
Ana Gómez,529622548,3052831440,ana-gómez653@gmail.com,"Calle 63 #76-28, Pasto",FHA463,1040,CDA-41944,27-03-2019,2008.0,525.7k km,1350,Nissan,Gas,CVT,4x4,PUBLICO,rural,true,0,1,1,si,si,no,1
Luis Rodríguez,938653861,,luis.rodríguez292@correo.com,"Diagonal 68 #11-1, Manizales",NHY632,2537,CDA-90046,2024/01/16,2023.0,32318,4050,Fiat,GAS,mecánica,rwd,publico,Urbano,yes,no,no,no,no,,0,0
Xiomara Pacheco,865259955,3171442743,xiomara.pacheco71@gmail.com,"Diagonal 59 #28-23, Cartagena",WXY663,2149,CDA-28214,2019/10/08,2009.0,363k,1800,Honda,gnv,Automática,4X2,TAXI,Suburbano,true,1,0,no,no,no,false,1
Catalina Ortiz,806373532,,catalina_ortiz733@hotmail.com,"Circular 30 #27-73, Medellín",YEE079,2848,CDA-99910,2024/08/15,2012.0,,1300 cc,Mazda,GSL,Tiptronic,fwd,particular,suburbano,no,0,true,0,1,yes,false,1
Catalina Ortiz,501803216,3023452013,catalinaortiz243@gmail.com,"Diagonal 112 #73-9, Bucaramanga",GIZ430,1562,CDA-33340,22-03-2021,2008.0,186200,1400cc,Hyundai,Gasolina,Tiptronic,FWD,particular,urbano,false,no,no,,,1,no,1
Camilo Rojas,450008780,3143585887,camilo_rojas112@hotmail.com,"Transversal 118 #70-37, Neiva",HUL-940,2801,CDA-69147,08-05-2019,2016.0,211.030 km,2500,Dodge,nafta,,4x4,TAXI,URBANO,,false,no,false,no,true,,0
Roberto Nieto,875389618,3188684169,robertonieto952@hotmail.com,"Calle 8 #32-55, Cali",FHC313,3028,CDA-94213,2020/02/12,2018.0,102128,1000cc,Peugeot,Gas,Automatio,RWD,Particular,suburbano,false,no,false,false,no,false,0,0
Camilo Rojas,166996484,,camilo-rojas655@yahoo.com,"Calle 8 #32-74, Cartagena",RSS733,1946,CDA-36515,2024/03/12,1999.0,1.202 km,3500,Toyota,DIESEL,AUTOMATICA,4x4,taxi,Rural,false,,1,no,false,false,0,1
Ernesto Pineda,974166440,3241192845,ernestopineda981@yahoo.com,"Diagonal 60 #64-82, Cartagena",KQK 600,1595,CDA-91115,22-12-2021,,138.282,2400,Dodge,GAS,manual,rwd,Carga,urbano,,yes,0,no,1,true,no,0
Fabio Arévalo,808788749,3137761347,fabio-arévalo244@yahoo.com,"Circular 90 #46-69, Cartagena",GAG-801,3127,CDA-48636,31/03/2021,2013.0,70486,2200 cc,Peugeot,Diesel,Tiptronic,awd,PARTICULAR,urbano,no,no,si,no,no,no,no,0
Fabio Arévalo,621169276,,fabio-arévalo915@correo.com,"Avenida 84 #45-31, Cúcuta",XUQ418,2979,CDA-35132,2020/05/25,2024.0,0,2200 cc,Nissan,GAS,semiautomatica,4X2,PUBLICO,URBANO,0,no,0,no,false,no,false,0
Iván Salcedo,633370671,3009129439,iván_salcedo955@correo.com,"Circular 55 #71-4, Bucaramanga",MSX 070,1113,CDA-79873,2022/12/26,2017.0,220.678,1100,Mitsubishi,GNV,autom,AWD,publico,Rural,1,yes,1,false,0,false,0,1
Ana Gómez,269556966,3247371564,ana.gómez714@yahoo.com,"Calle 61 #29-59, Barranquilla",UHJ 731,466,CDA-13842,07/07/2018,2006.0,420k,1800 cc,Peugeot,Electrico,cvt,FWD,Publico,mixto,,no,true,yes,1,0,no,1
Sebastián Cruz,342218816,3161877348,sebastián-cruz442@hotmail.com,"Calle 108 #31-49, Cúcuta",UMT306,1561,CDA-43121,21/09/2020,2007.0,199317 km,,Toyota,gas,Manual,4x4,TAXI,RURAL,no,no,0,0,no,yes,false,1
Mauricio Ruiz,339988691,3011532765,mauricio_ruiz248@hotmail.com,"Avenida 5 #89-35, Ibagué",GNT505,1224,CDA-84949,06-09-2019,2007.0,286655,4000,Volkswagen,GSL,autom,rwd,particular,Suburbano,si,,no,,si,true,0,1
Claudia Vargas,551972298,3055586057,claudiavargas844@outlook.com,"Transversal 60 #18-53, Manizales",BHG368,2934,CDA-93240,2021/08/05,1800.0,868448,3550,Suzuki,gas,,fwd,escolar,Mixto,yes,si,false,no,1,0,0,1
Ernesto Pineda,1047368449,3015110290,ernesto.pineda16@hotmail.com,"Transversal 64 #66-78, Villavicencio",DYW681,1731,CDA-80449,03/01/2023,1998.0,606.424,2500cc,Nissan,gas,MANUAL,FWD,escolar,mixto,1,0,no,,0,0,,0
Lina Santana,511244041,3002441204,lina_santana672@correo.com,"Carrera 26 #86-82, Armenia",VAG903,2580,CDA-52989,2024-06-12,1999.0,572.8k km,2200,Hyundai,GSL,Automática,4x2,Particular,urbano,no,no,no,yes,no,0,no,0
Laura García,477432868,3059660472,laura-garcía144@outlook.com,"Circular 87 #67-8, Cartagena",RHK293,1509,CDA-36510,2022-08-11,2008.0,246.365 km,1500,Honda,Gas Natural,Automática,rwd,particular,mixto,true,1,si,si,0,false,0,1
Ernesto Pineda,296894997,3009533761,ernesto-pineda662@live.com,"Transversal 57 #95-8, Cali",VLQ198,1751,CDA-49333,03-07-2018,2023.0,4725,3050,Hyundai,gas,Manual,FWD,Publico,RURAL,no,no,false,false,0,0,no,0
Ingrid Bermúdez,223585019,3048110052,ingrid-bermúdez398@gmail.com,"Carrera 110 #51-19, Bucaramanga",HDC-961,1105,CDA-40017,16-01-2022,1997.0,899.407,,Hyundai,GSL,automatica,4X2,PUBLICO,urbano,si,si,0,no,1,1,false,1
Mauricio Ruiz,948355263,3018189268,mauricio-ruiz326@hotmail.com,"Diagonal 5 #13-87, Bogotá",PRO785,661,CDA-45243,2018-04-16,1998.0,322881 km,2500,Hyundai,Gas,Mecanica,RWD,Particular,Mixto,true,no,1,si,si,,false,1
Sandra Castro,390778440,3132294711,sandracastro532@correo.com,"Avenida 22 #80-5, Cúcuta",WNG517,2949,CDA-78847,13-11-2022,2019.0,118.0k km,4000cc,Dodge,GAS,Automatio,4x2,carga,Mixto,false,no,no,false,no,0,no,0
Luis Rodríguez,435143900,3022920264,luisrodríguez539@live.com,"Avenida 28 #9-18, Armenia",HPH464,339,CDA-79250,2023-08-19,2001.0,646.2k km,1300,Chevrolet,Gas,MANUAL,FWD,carga,Suburbano,1,false,false,si,no,si,true,1
Fabio Arévalo,874274960,3119110494,fabio.arévalo763@hotmail.com,"Diagonal 72 #99-59, Manizales",JXA150,216,CDA-54397,31-01-2018,2021.0,92076,2200,Peugeot,eléctrico,autom,4x2,Carga,Suburbano,0,si,false,0,false,no,false,1
,44312399,3502679787,gustavobarrera786@yahoo.com,"Diagonal 37 #92-48, Pereira",XWG 139,1616,CDA-63501,25-05-2021,2009.0,734224 km,4050,Volkswagen,Gas Natural,Automática,4x4,Publico,URBANO,0,no,1,0,no,false,no,1
Omar Leal,617574591,3045192345,omar-leal727@outlook.com,"Diagonal 95 #32-13, Armenia",IVW431,1342,CDA-66746,28/11/2018,2001.0,794 km,1400 cc,Dodge,GAS,tiptronic,4x4,particular,Suburbano,true,0,no,no,no,,no,1
Gustavo Barrera,817622932,3199928741,gustavo_barrera807@yahoo.com,"Diagonal 71 #70-87, Neiva",VSG563,2762,CDA-70337,2020-01-13,2001.0,261k,3500cc,Volkswagen,Electrico,cvt,4X2,particular,suburbano,false,si,si,1,yes,1,no,1
Andrés Torres,826941958,3217819931,andrés-torres407@outlook.com,"Diagonal 36 #42-62, Manizales",ECI 961,2589,CDA-86658,2019/07/23,2007.0,193797,2400,Fiat,hibrido,autom,4X2,Particular,urbano,false,,no,si,false,no,,0
Héctor Montoya,526650796,3043463849,héctor-montoya728@yahoo.com,"Calle 46 #30-94, Pasto",BQP733,3082,CDA-44816,29/05/2020,2007.0,442.895,2400,Dodge,diesel,tiptronic,4X4,público,Suburbano,1,,si,,yes,1,no,1
Camilo Rojas,280596402,3152802162,camilo_rojas670@live.com,"Carrera 68 #99-14, Armenia",JWD-865,1847,CDA-39195,2019-08-06,2005.0,655363 km,2000,Mitsubishi,GNV,AUTOMATICA,4X2,TAXI,mixto,true,false,si,si,yes,yes,no,1
Andrés Torres,247992281,3198280536,andrés-torres83@correo.com,"Diagonal 10 #26-67, Manizales",OBV-318,1593,CDA-15284,10/05/2022,2023.0,28.274,1100,Volkswagen,GSL,Automatio,4x2,taxi,Rural,0,false,0,no,0,,0,0
Héctor Montoya,370927543,3221238878,,"Calle 66 #14-94, Cali",TJY 757,2139,CDA-14031,14-11-2023,2019.0,78533,1300 cc,TOYOTA,gas,mecánica,AWD,carga,Rural,no,false,1,0,no,no,no,0
,683089819,3168510395,gloria.mendoza361@outlook.com,"Circular 61 #72-84, Villavicencio",GCO-820,2104,CDA-92840,2020/08/08,2022.0,66881,1300,Dodge,DIESEL,manul,rwd,Carga,Mixto,no,false,false,no,no,no,no,1
Gloria Mendoza,868901761,3135316653,gloria.mendoza221@outlook.com,"Carrera 29 #84-78, Cúcuta",UGI849,2771,CDA-56277,02-06-2023,2021.0,70368,1500,Ford,Híbrido,MANUAL,,carga,Mixto,no,,no,no,false,0,false,1
Fabio Arévalo,60644452,3022663361,fabio_arévalo971@yahoo.com,"Calle 6 #64-39, Montería",OOK788,817,CDA-89714,2023-06-22,2009.0,405043,1750,Toyota,Gas,manul,FWD,Carga,Mixto,0,no,si,false,false,false,si,1
Patricia Mejía,387894571,3027763532,patricia.mejía358@live.com,"Transversal 107 #42-9, Ibagué",AFT-145,1979,CDA-39443,2021-03-07,2022.0,38406,1400,Dodge,DIESEL,manul,4X2,Publico,urbano,no,,no,no,no,no,no,1
Roberto Nieto,732010201,3508252109,,"Avenida 37 #27-47, Pasto",WST048,1068,CDA-68527,11/04/2018,1997.0,546.040,1500,Honda,Gas Natural,Automática,awd,PARTICULAR,Rural,false,false,yes,0,1,true,yes,1
Ernesto Pineda,903956118,3002807586,ernestopineda441@live.com,"Transversal 34 #21-78, Pereira",IKS 188,2234,CDA-38343,17/09/2021,2013.0,348.639,3500,Hyundai,gas,Mecanica,fwd,TAXI,RURAL,false,,no,no,,false,1,0
Carlos Martínez,45187641,3103741507,carlos-martínez300@gmail.com,"Calle 57 #93-53, Neiva",ROS984,275,CDA-44137,23/12/2024,2022.0,35k,2000,Nissan,GNV,semiautomatica,awd,publico,URBANO,no,true,0,no,false,0,no,1
Lina Santana,626678877,3019616681,linasantana714@hotmail.com,"Transversal 103 #63-36, Bogotá",SBY 883,2472,CDA-63110,2019-03-05,2004.0,854.6k km,1300cc,Mazda,eléctrico,automatica,AWD,Escolar,urbano,true,false,no,true,,true,no,1
Mauricio Ruiz,201465818,3001065370,mauricio-ruiz602@yahoo.com,"Diagonal 85 #93-65, Medellín",THH386,866,CDA-92795,2020/08/23,2020.0,88368 km,1100,Hyundai,gasolina,AUTOMATICA,4x4,Escolar,Mixto,true,no,0,,0,no,no,1
Ernesto Pineda,341001678,3208253770,ernesto_pineda926@correo.com,"Avenida 86 #13-48, Cúcuta",LKG604,102,CDA-92665,15-06-2018,1995.0,380.105,2500,Toyota,GAS,Automatio,4X2,particular,mixto,0,yes,no,true,1,0,yes,1
Gustavo Barrera,664068864,3128977155,gustavo.barrera6@gmail.com,"Calle 78 #90-55, Cali",XRT 056,1502,CDA-82596,2023/10/19,2024.0,0,1900,Honda,Diesel,autom,rwd,público,rural,0,no,0,,si,si,0,0
Guillermo Ávila,37307172,3004834327,guillermoávila566@correo.com,"Transversal 48 #14-70, Montería",CGV-924,2368,CDA-79318,2019/11/08,2019.0,61.0k km,1800cc,Dodge,DIESEL,cvt,awd,PUBLICO,RURAL,no,1,1,si,false,no,false,1
Laura García,529441182,3199392214,laura_garcía894@hotmail.com,"Circular 9 #1-96, Bogotá",KNM 379,172,CDA-89557,2023-12-28,2013.0,207695,3000,Suzuki,Diesel,tiptronic,4X2,escolar,Mixto,no,0,no,no,no,no,0,1
Héctor Montoya,295206457,3218733225,héctormontoya153@correo.com,"Transversal 86 #80-53, Manizales",KOY 876,108,CDA-84972,2021-06-19,1998.0,684k,2000,Renault,Gas,semiautomatica,4x2,PUBLICO,suburbano,true,si,0,true,no,,1,1
Héctor Montoya,1042121776,3044436056,héctormontoya341@yahoo.com,"Transversal 18 #70-70, Villavicencio",TAB144,2316,CDA-23161,2023/12/16,2020.0,112.647 km,1100,Peugeot,Híbrido,manul,RWD,TAXI,Rural,1,false,no,,0,false,yes,0
Catalina Ortiz,633652008,3173378359,catalinaortiz681@yahoo.com,"Calle 89 #41-14, Cartagena",HFK-530,1522,CDA-41544,2020-06-03,2014.0,293657,1100,Volkswagen,Gas Natural,semiautomatica,AWD,TAXI,URBANO,no,no,si,yes,no,no,no,1
Darío Acosta,658422129,3243986448,darío.acosta663@gmail.com,"Carrera 20 #87-9, Medellín",FKW 136,2998,CDA-14392,29-10-2018,2009.0,235301,3500,Mazda,Gas Natural,CVT,4X2,escolar,Mixto,true,si,yes,0,0,0,true,1
Sandra Castro,922553008,3019331328,sandracastro676@hotmail.com,"Carrera 116 #37-1, Pereira",GJR 662,1827,CDA-22901,2022/11/28,2018.0,60559,1200,Peugeot,Híbrido,Tiptronic,awd,PARTICULAR,rural,false,no,si,false,yes,false,false,0
Iván Salcedo,868693623,3213216388,iván.salcedo992@gmail.com,"Circular 15 #97-14, Armenia",VYY824,2424,CDA-10165,2023/10/25,2019.0,123.369,1350,Chevrolet,GSL,tiptronic,4x2,PUBLICO,Suburbano,false,no,yes,no,0,si,0,0
Omar Leal,749511346,3225051176,omar.leal780@hotmail.com,"Diagonal 60 #42-16, Cúcuta",JIY790,2209,CDA-57057,06-10-2019,1995.0,394145,1800cc,Dodge,nafta,semiautomatica,awd,particular,Urbano,false,no,0,no,no,yes,true,1
Claudia Vargas,677218393,3228662929,,"Transversal 101 #39-95, Ibagué",JZZ-775,42,CDA-63744,28-01-2024,2018.0,157711 km,,Mazda,GNV,Automatio,rwd,taxi,Urbano,no,1,no,false,true,0,0,0
Sandra Castro,1055197631,3183497652,sandra_castro37@hotmail.com,"Circular 98 #28-67, Villavicencio",XEA321,2246,CDA-52923,2019-05-22,2000.0,618784,1000 cc,Chevrolet,GSL,tiptronic,RWD,escolar,suburbano,si,false,0,yes,0,yes,0,1
Ana Gómez,1058469463,3249294203,ana_gómez994@gmail.com,"Carrera 62 #12-94, Cartagena",AGN 237,2216,CDA-40358,2024/11/08,2001.0,620863,3500,Volkswagen,diesel,semiautomatica,,escolar,suburbano,no,true,no,true,false,yes,false,1
Gustavo Barrera,559950776,3056664355,gustavo.barrera261@live.com,"Diagonal 27 #5-39, Montería",EGC265,2479,CDA-49862,2023/08/12,2017.0,104723,4000 cc,Chevrolet,Diesel,AUTOMATICA,4x2,público,Mixto,false,no,si,false,no,false,false,1
Darío Acosta,823007670,3191269904,darío.acosta820@outlook.com,"Transversal 94 #83-64, Cartagena",VSJ515,2572,CDA-55893,2023-06-09,2015.0,76332,4000cc,Honda,Diesel,cvt,4x2,Particular,Suburbano,0,false,no,1,false,,0,1
Marcela Fuentes,1074645532,3214987507,marcela.fuentes45@yahoo.com,"Carrera 75 #65-7, Pasto",LKD057,2827,CDA-76397,03/05/2022,2018.0,123.666 km,1000,Chevrolet,Electrico,manul,4x2,PARTICULAR,Rural,,,no,no,yes,no,0,0
Roberto Nieto,616924992,,robertonieto367@yahoo.com,"Circular 52 #80-67, Barranquilla",EPP750,1041,CDA-89765,2024-04-27,1997.0,609.597,3500 cc,Mazda,diesel,manul,awd,particular,RURAL,no,no,si,no,si,,yes,0
Yolanda Cárdenas,394174021,3187813231,yolandacárdenas290@outlook.com,"Transversal 112 #89-20, Manizales",FWT828,1525,CDA-43913,02/02/2022,2018.0,133.250,2300,Fiat,nafta,CVT,4x4,carga,Urbano,no,false,,0,0,true,false,0
,26501312,3126946772,omar.leal252@correo.com,"Calle 90 #53-84, Bogotá",PHZ249,2813,CDA-21962,29/05/2023,2016.0,304331 km,4000,Fiat,DIESEL,AUTOMATICA,4x4,publico,urbano,true,1,true,,0,no,false,1
Roberto Nieto,416194567,3121630348,roberto.nieto252@live.com,"Carrera 6 #42-83, Manizales",NTU328,482,CDA-16981,2021/02/07,2010.0,249668 km,2000,Hyundai,Gas,CVT,4X4,Taxi,suburbano,false,si,no,si,no,,0,1
Esperanza Vega,153023961,3019895813,esperanza-vega64@yahoo.com,"Avenida 54 #52-16, Villavicencio",NOY753,2348,CDA-71502,2024-12-07,2006.0,333525,1300,Kia,Gasolina,semiautomatica,,Carga,Urbano,no,yes,true,no,yes,no,0,1
María López,604624482,3048825412,maría.lópez178@live.com,"Carrera 90 #87-73, Armenia",CNW267,2441,CDA-17678,19-07-2020,2002.0,3k,1500,Hyundai,Gasolina,AUTOMATICA,4X2,Taxi,URBANO,no,1,no,no,yes,si,no,1
Ricardo Peña,318030236,3205133729,ricardopeña257@live.com,"Carrera 20 #46-40, Pasto",GMR029,1763,CDA-34806,2023-10-24,2006.0,460183 km,2350,Renault,,MANUAL,4X4,escolar,Rural,si,no,false,1,yes,false,false,1
Lina Santana,604620083,3504426874,linasantana851@outlook.com,"Calle 58 #14-81, Cúcuta",WTP472,2693,CDA-12363,2018/04/28,2005.0,469k,1750,Fiat,hibrido,cvt,4x2,TAXI,Suburbano,false,no,,true,no,no,no,1
Sandra Castro,1097053830,3222237229,sandracastro448@correo.com,"Transversal 23 #91-5, Pereira",MHB812,3136,CDA-30086,10/07/2018,2006.0,509805,,Dodge,gnv,CVT,fwd,público,RURAL,no,no,1,si,1,false,no,1
Viviana Suárez,539236085,3218780683,vivianasuárez175@gmail.com,"Diagonal 63 #99-26, Ibagué",MCD036,2284,CDA-59203,18/12/2021,2011.0,137601,4000cc,Volkswagen,Electrico,Tiptronic,4x4,Particular,Urbano,no,0,0,si,0,yes,0,1
Felipe Ramos,706207033,3171808624,felipe-ramos335@gmail.com,"Diagonal 91 #12-47, Pereira",WBP966,406,CDA-94886,10-05-2021,2009.0,445070 km,1200,Kia,Gasolina,manual,rwd,Publico,Rural,1,true,no,,1,yes,true,1
Jhon Morales,738305890,3003483964,jhonmorales562@outlook.com,"Circular 105 #77-6, Ibagué",BRL603,758,CDA-87972,02/04/2019,2014.0,263862,3000,Suzuki,Gasolina,Tiptronic,4X4,carga,mixto,1,,no,,,,no,1
Sebastián Cruz,131584309,3012005114,sebastián-cruz816@yahoo.com,"Circular 2 #12-82, Bucaramanga",CBW082,2173,CDA-28651,2021-04-20,2017.0,94k,1200,Chevrolet,Gas Natural,semiautomatica,,particular,Mixto,false,0,0,1,no,no,si,1
Fabio Arévalo,606428718,3057090096,fabio_arévalo842@yahoo.com,"Transversal 5 #95-85, Montería",RUG539,98,CDA-25997,2020/08/26,1998.0,700.9k km,4000,Dodge,nafta,Automática,4x4,taxi,suburbano,no,false,no,no,si,true,true,0
Guillermo Ávila,224631713,3238416607,guillermoávila761@live.com,"Diagonal 105 #62-3, Bucaramanga",TLX982,1334,CDA-61787,11/03/2023,2010.0,506526,3000,Renault,gnv,semiautomatica,,Publico,suburbano,,0,no,no,si,0,,1
Guillermo Ávila,452534831,3155206603,guillermoávila221@outlook.com,"Transversal 69 #64-77, Manizales",HAT 069,2624,CDA-87627,23/02/2019,1998.0,253k,1300,Hyundai,Gas,AUTOMATICA,4x2,taxi,urbano,true,0,,yes,1,,no,1
Gloria Mendoza,446551668,3105869292,gloriamendoza701@gmail.com,"Calle 57 #51-48, Cartagena",NEY071,3043,CDA-63800,2024-07-31,2017.0,86524 km,1000 cc,Chevrolet,eléctrico,Automatio,RWD,PARTICULAR,urbano,no,si,0,0,false,false,no,0
Ricardo Peña,94221640,3114475222,ricardo.peña877@outlook.com,"Transversal 71 #45-88, Cartagena",FWU158,2496,CDA-45432,06/12/2023,2021.0,93297 km,1100,Honda,Diesel,MANUAL,awd,público,URBANO,no,0,false,,yes,,,0
Catalina Ortiz,1068975574,3008499252,catalina.ortiz114@outlook.com,"Transversal 51 #95-49, Bucaramanga",QVO 422,2059,CDA-47105,09-10-2023,1999.0,674230,1600,Fiat,hibrido,autom,fwd,taxi,Suburbano,1,0,,false,no,0,false,1
Iván Salcedo,1016206837,3202170762,iván-salcedo114@hotmail.com,"Avenida 116 #67-16, Cali",DPT 205,2320,CDA-57561,2024-10-21,2020.0,40.197,3000,Renault,GNV,tiptronic,4X4,,Rural,no,no,false,0,si,no,,0
Sandra Castro,998316537,3021917592,sandra.castro342@live.com,"Avenida 73 #62-89, Pereira",DPN775,149,CDA-27878,26-09-2019,2020.0,115k,3000,Ford,Gasolina,,4X2,carga,Mixto,false,no,0,no,no,false,,0
Natalia Reyes,668861605,3216217344,natalia_reyes377@live.com,"Carrera 62 #20-59, Pasto",JSX-788,29,CDA-88094,2018/12/02,2018.0,122971,1100,Toyota,Diesel,mecánica,rwd,Taxi,rural,no,no,0,si,0,false,0,1
Camilo Rojas,826913625,3504665027,camilo_rojas987@hotmail.com,"Transversal 95 #81-78, Barranquilla",IVW831,2259,CDA-64665,2023/09/25,2018.0,19.686,2000,Toyota,gasolina,mecánica,4x4,particular,RURAL,no,1,0,no,no,0,,0
Patricia Mejía,736839598,3217928939,patricia.mejía688@correo.com,"Calle 74 #75-44, Villavicencio",YJN929,2177,CDA-56633,2020-09-10,1996.0,362.391,1100,Dodge,GASOLINA,AUTOMATICA,RWD,TAXI,rural,0,no,true,true,true,no,no,1
Mónica Aguirre,1004804024,3197866803,mónica_aguirre525@outlook.com,"Circular 74 #19-19, Pereira",SHM441,693,CDA-25187,26-11-2022,1996.0,472976,3000,Honda,hibrido,manual,fwd,TAXI,rural,false,1,true,no,no,no,false,1
Claudia Vargas,373491084,,claudia-vargas77@gmail.com,"Circular 110 #67-60, Neiva",EUL559,1387,CDA-35759,2021/05/17,2008.0,556208,2400,Renault,GSL,CVT,4X2,taxi,Urbano,si,no,no,false,,1,no,1
Gloria Mendoza,138605601,3158272774,gloria.mendoza629@hotmail.com,"Avenida 46 #90-11, Bucaramanga",PTF690,1846,CDA-51260,08-07-2020,9999.0,363141,1800,Suzuki,DIESEL,cvt,rwd,Taxi,urbano,true,true,si,0,0,no,false,1
Luis Rodríguez,939504052,3009130808,luis.rodríguez158@yahoo.com,"Diagonal 54 #97-64, Montería",TVI586,2463,CDA-24636,29-06-2019,2019.0,143.084,4000,Fiat,GASOLINA,Mecanica,RWD,Taxi,mixto,0,false,0,false,false,si,no,0
Sandra Castro,152150196,3507851868,sandra-castro581@correo.com,"Carrera 68 #86-40, Armenia",BUK686,1600,CDA-24981,23/06/2020,2008.0,,2000,Honda,Diesel,mecánica,AWD,carga,urbano,no,si,no,false,no,yes,,1
Esperanza Vega,303055130,3047284551,esperanza_vega613@gmail.com,"Calle 109 #68-83, Cali",DAS 301,702,CDA-43924,2024/07/29,2021.0,98.6k km,1300 cc,Kia,eléctrico,Tiptronic,RWD,Taxi,mixto,no,yes,false,0,no,false,no,1
Marcela Fuentes,102914465,3241705880,marcela_fuentes815@correo.com,"Transversal 91 #37-96, Neiva",VFR 212,1709,CDA-45993,14-03-2020,2015.0,216047,1300,Dodge,GASOLINA,CVT,4X4,Carga,Rural,,0,no,0,no,no,false,1
Mónica Aguirre,299414512,3131693713,mónica-aguirre490@correo.com,"Diagonal 64 #47-67, Cúcuta",ELO 316,455,CDA-64331,2019-06-22,2021.0,63069,2300,Mazda,GSL,MANUAL,4X2,TAXI,Mixto,0,false,no,false,,no,no,1
Darío Acosta,508516543,3115498378,darío_acosta639@live.com,"Calle 30 #66-23, Bucaramanga",FYL167,2041,CDA-47605,2018/03/31,2016.0,158317,2000cc,Mazda,GAS,Manual,rwd,Escolar,Mixto,yes,,,1,0,false,0,0
Ana Gómez,169165364,3155379215,anagómez538@outlook.com,"Diagonal 36 #31-69, Ibagué",BXN776,2308,CDA-46827,2024-01-21,2013.0,259.9k km,1300 cc,Honda,nafta,cvt,AWD,Publico,URBANO,true,true,1,no,0,true,0,1
Gustavo Barrera,554678365,3104931440,,"Calle 73 #92-57, Medellín",GVP 319,610,CDA-38322,2019-09-13,2008.0,579k,2500,Hyundai,,Mecanica,FWD,Taxi,Urbano,false,no,no,,false,no,false,0
Andrés Torres,924208102,3147489687,andréstorres36@yahoo.com,"Diagonal 23 #21-51, Villavicencio",CUJ-764,168,CDA-26874,2022/04/22,1800.0,980648,1600,Ford,GASOLINA,tiptronic,RWD,PUBLICO,URBANO,no,true,0,no,1,0,si,1
Gloria Mendoza,407498986,3018541750,gloriamendoza759@outlook.com,"Transversal 110 #53-57, Villavicencio",SMN063,731,CDA-66387,09/06/2024,1996.0,741k,1400,Kia,gasolina,manul,4X4,Taxi,suburbano,yes,no,0,yes,,true,false,1
,779736392,3245708380,,"Calle 1 #6-7, Manizales",PPN975,2377,CDA-22123,12/07/2018,2015.0,200k,1000,Volkswagen,gnv,Tiptronic,4x2,TAXI,Suburbano,false,no,yes,no,false,true,false,1
Darío Acosta,1026461861,3129724806,daríoacosta276@yahoo.com,"Carrera 16 #84-1, Cali",KAM222,2948,CDA-71324,19/06/2021,2005.0,48.763,2500,Mazda,Híbrido,autom,4X4,público,urbano,no,yes,yes,false,no,no,0,1
Luis Rodríguez,693204854,3219961616,luis_rodríguez275@hotmail.com,"Calle 37 #21-68, Cúcuta",JGJ235,2466,CDA-37929,28/07/2019,2000.0,4977,2400,Nissan,GASOLINA,CVT,fwd,taxi,urbano,no,no,no,false,no,0,,1
,643668190,3165207114,marcela.fuentes92@live.com,"Carrera 53 #80-77, Cali",RLK-528,1623,CDA-80013,06-07-2024,1999.0,797355,3500,Toyota,gas,autom,fwd,Escolar,Rural,si,no,yes,yes,false,,0,1
Yolanda Cárdenas,759210749,3023434125,,"Carrera 73 #96-8, Pereira",KLL 515,588,CDA-83088,27-05-2023,2022.0,37252,1500,Suzuki,diesel,Automatio,awd,escolar,URBANO,0,false,0,false,no,,no,0
Camilo Rojas,514359562,3227183757,camilo_rojas185@outlook.com,"Circular 42 #58-5, Medellín",GXF 391,1402,CDA-71815,2020-04-22,2016.0,232199,,Fiat,GASOLINA,automatica,rwd,publico,suburbano,no,false,0,si,no,0,no,1
Viviana Suárez,385427127,3237381283,viviana_suárez182@outlook.com,"Calle 51 #21-1, Medellín",FRJ436,1701,CDA-85449,12/08/2022,1999.0,414.445,1600,Chevrolet,Gas,Automatio,4x2,,Suburbano,true,,yes,no,si,true,0,1
Mónica Aguirre,663094030,3218257878,mónica_aguirre260@outlook.com,"Calle 115 #96-21, Armenia",TOU945,2406,CDA-32483,26/08/2022,2008.0,292198,1200,Nissan,diesel,tiptronic,awd,Escolar,URBANO,1,yes,1,no,true,0,0,1
Diana Herrera,412362148,3182055981,diana_herrera873@gmail.com,"Calle 47 #48-77, Montería",JET437,2603,CDA-10065,10-10-2021,2000.0,240.240,1400 cc,Ford,Diesel,AUTOMATICA,4x4,público,mixto,no,0,false,1,false,no,false,0
Iván Salcedo,626055092,,iván_salcedo708@correo.com,"Diagonal 47 #71-85, Cartagena",LHV843,1380,CDA-29296,19/11/2022,2004.0,773901,1100 cc,Suzuki,nafta,automatica,AWD,publico,rural,1,yes,no,true,0,si,false,1
Alejandro Zapata,35247911,3124048319,alejandro_zapata927@live.com,,DIC638,2090,CDA-63676,13-08-2021,2002.0,789657,3450,Peugeot,hibrido,autom,4x2,publico,mixto,no,0,no,yes,true,no,,1
Laura García,584883040,3004018443,laura.garcía23@correo.com,"Carrera 114 #28-9, Bucaramanga",NOE020,2380,CDA-46831,2023/11/10,1999.0,673802,4050,Suzuki,Gas Natural,autom,4x2,carga,Rural,yes,true,yes,si,no,yes,no,1
Sebastián Cruz,497712751,3191435350,sebastiáncruz468@live.com,"Transversal 81 #25-83, Cartagena",WDN736,2339,CDA-46066,2018-06-05,2016.0,200.423 km,,Chevrolet,gasolina,Automática,4x4,publico,urbano,no,0,no,false,,no,false,0
Marcela Fuentes,90109429,3138773570,marcela-fuentes25@live.com,"Calle 56 #93-40, Ibagué",KLE988,2680,CDA-94042,21/12/2022,2021.0,69072,1600cc,Hyundai,GAS,tiptronic,RWD,público,Rural,no,no,false,true,0,0,0,0
Gloria Mendoza,21175849,3204129020,gloria_mendoza936@live.com,"Carrera 88 #48-71, Pereira",JZC615,442,CDA-38150,29/10/2023,2017.0,208.336,1900,Mazda,Diesel,Automática,4X4,Taxi,Urbano,0,0,yes,false,yes,no,no,1
Esperanza Vega,395352119,,esperanza.vega322@yahoo.com,"Transversal 115 #74-40, Neiva",KNQ210,2052,CDA-84471,22/05/2020,2004.0,221958,3000,Dodge,Híbrido,Mecanica,4X2,PARTICULAR,Rural,0,1,0,true,false,no,true,1
Lina Santana,314584338,3509567016,linasantana466@hotmail.com,"Diagonal 77 #50-4, Bogotá",SRN250,1302,CDA-99425,12/04/2022,2020.0,129k,1450,Chevrolet,Híbrido,Automática,RWD,Taxi,urbano,false,no,false,no,no,false,0,0
Ingrid Bermúdez,336295266,3059499035,ingrid-bermúdez533@correo.com,"Calle 52 #15-3, Villavicencio",YNK-430,2789,CDA-86418,03/11/2020,2003.0,453k,1800,Nissan,Híbrido,AUTOMATICA,4x2,TAXI,Mixto,,false,1,no,0,no,false,1
Luis Rodríguez,244060299,3214162219,luis-rodríguez830@yahoo.com,"Diagonal 118 #90-64, Medellín",HUI-350,1305,CDA-16835,2021-05-08,1997.0,783643,2400,Dodge,Gasolina,autom,FWD,PUBLICO,Rural,0,yes,0,yes,1,0,si,1
Natalia Reyes,159450301,3102776056,natalia-reyes857@gmail.com,"Transversal 19 #83-1, Villavicencio",CJA022,237,CDA-70710,22/12/2023,1996.0,274720,2400,Nissan,GAS,autom,awd,taxi,Rural,false,no,no,no,no,yes,true,0
Carlos Martínez,79622022,3502131603,carlos_martínez859@yahoo.com,"Diagonal 2 #83-61, Barranquilla",ESN473,521,CDA-52212,22-09-2024,2018.0,74876,1600,Toyota,GNV,Mecanica,4x2,Publico,urbano,yes,no,no,si,,true,yes,1
Yolanda Cárdenas,672459031,3504823157,yolanda.cárdenas77@correo.com,"Carrera 56 #83-54, Montería",GLZ 912,736,CDA-90225,10/01/2024,2010.0,399622 km,1300,Kia,diesel,cvt,4X4,taxi,suburbano,0,true,1,no,no,1,,1
Ingrid Bermúdez,620390817,3235300924,ingrid-bermúdez822@gmail.com,"Diagonal 58 #99-67, Armenia",CTB-623,2914,CDA-32403,12-03-2024,1996.0,211.754,1600,Toyota,GASOLINA,automatica,RWD,Particular,Urbano,false,no,false,yes,no,true,false,0
,878144459,3158233734,guillermo.ávila82@outlook.com,"Diagonal 106 #5-99, Barranquilla",TJL664,2107,CDA-99259,17-03-2018,2022.0,36490,2550,Dodge,Gas Natural,manul,4x4,carga,Rural,0,0,false,0,si,no,no,0
Yolanda Cárdenas,619774555,3168659696,yolandacárdenas944@outlook.com,"Calle 56 #55-63, Cali",PEV525,593,CDA-93242,2019-09-11,1997.0,771k,1500 cc,Volkswagen,gnv,tiptronic,AWD,público,Rural,no,0,yes,1,1,false,1,1
Sebastián Cruz,1070773414,,sebastián-cruz300@correo.com,"Circular 11 #38-74, Bucaramanga",BKS546,1304,CDA-81507,2023-04-05,1996.0,541293 km,1500,Volkswagen,Gas,,rwd,publico,Rural,0,yes,,no,no,,0,1
Marcela Fuentes,1037028274,3049638107,marcela.fuentes622@live.com,"Calle 117 #44-19, Manizales",XTH500,1388,CDA-61148,11-11-2018,1999.0,550670,1200 cc,Kia,Gas,MANUAL,RWD,PARTICULAR,RURAL,0,yes,false,true,1,0,no,1
Fabio Arévalo,684508106,3169861850,fabio_arévalo588@gmail.com,"Avenida 6 #1-34, Armenia",BWU602,2930,CDA-40974,2022-11-03,1996.0,906k,1300,Fiat,GSL,manual,4X4,público,,,si,1,si,true,0,false,1
Iván Salcedo,990465727,3239767276,iván.salcedo522@gmail.com,"Diagonal 81 #26-14, Villavicencio",TJN012,2452,CDA-30084,25-03-2020,2008.0,180.108,1300,Peugeot,GASOLINA,Automatio,FWD,PARTICULAR,RURAL,no,0,no,si,no,,no,1
Héctor Montoya,109936787,3147438295,héctormontoya398@gmail.com,"Avenida 64 #16-14, Bogotá",ZUK228,3065,CDA-19555,2018-06-12,2016.0,109k,,Mitsubishi,eléctrico,Automática,4x2,TAXI,Mixto,yes,no,si,no,0,no,0,1
Omar Leal,65531951,3055156899,omarleal526@gmail.com,"Circular 14 #43-46, Bucaramanga",TVL-554,905,CDA-98867,2021/10/09,2019.0,79299,1300,Volkswagen,GNV,automatica,rwd,PARTICULAR,mixto,no,0,no,false,no,no,no,1
Ernesto Pineda,388728691,3232981960,,"Diagonal 111 #85-77, Pasto",AHR690,2794,CDA-37659,16-09-2023,2003.0,379.045 km,2000,Dodge,Gasolina,Mecanica,4x2,público,Mixto,1,si,1,,yes,1,no,1
Sebastián Cruz,536559150,3194714795,sebastián.cruz81@correo.com,"Calle 1 #30-1, Pasto",IMM312,1280,CDA-58093,29/06/2020,2014.0,136089 km,3500,Mitsubishi,Gas,manual,awd,PARTICULAR,rural,yes,true,no,0,0,,1,1
Xiomara Pacheco,651535339,3173750765,xiomara_pacheco985@hotmail.com,"Diagonal 22 #48-89, Montería",KRO-816,2637,CDA-80986,03-01-2023,1998.0,412304,1300,Fiat,GNV,manul,RWD,Particular,rural,no,1,si,,,1,false,1
Gloria Mendoza,1010377284,3166047922,gloriamendoza558@yahoo.com,"Circular 14 #8-23, Pasto",GZG970,3159,CDA-92705,14/02/2020,2019.0,104894,1400,Nissan,Diesel,manual,fwd,PARTICULAR,Rural,false,0,no,false,false,no,,1
Carlos Martínez,104843695,3051576456,carlos_martínez969@live.com,"Carrera 38 #88-97, Bucaramanga",JVB-739,2622,CDA-12911,30-04-2022,2017.0,216.4k km,4000cc,Fiat,,AUTOMATICA,awd,Publico,mixto,si,yes,no,0,false,no,0,1
Camilo Rojas,1053529123,3042844893,camilo_rojas49@yahoo.com,"Carrera 89 #12-13, Barranquilla",XLZ241,2707,CDA-89125,2020/12/20,2005.0,495.6k km,1000cc,Fiat,Gas Natural,Automatio,,Publico,Rural,1,yes,no,1,,0,false,1
Alejandro Zapata,782247551,3235580145,alejandro.zapata133@live.com,"Circular 102 #32-16, Ibagué",PPT 465,2616,CDA-76427,17/11/2023,2022.0,60025,1400 cc,Mazda,GASOLINA,Manual,rwd,publico,Suburbano,0,no,no,no,false,false,no,1
Héctor Montoya,984406400,3248462700,héctor.montoya277@gmail.com,"Transversal 87 #28-24, Bucaramanga",UVZ800,707,CDA-70233,21/03/2022,2000.0,221713 km,2400,Mazda,GSL,Automatio,rwd,particular,Suburbano,1,false,0,false,si,0,true,1
Camilo Rojas,170126464,3053623404,camilorojas120@hotmail.com,"Carrera 68 #2-83, Bogotá",MXL293,2900,CDA-72587,16-07-2022,2014.0,271.549,2200 cc,Renault,gasolina,manul,4x2,TAXI,Urbano,true,no,si,,1,0,,1
Diana Herrera,99102321,3506547750,dianaherrera623@hotmail.com,"Transversal 39 #27-33, Neiva",COT 113,746,CDA-66785,2019-07-24,1997.0,316822,1000 cc,Mazda,gas,manul,AWD,particular,Mixto,false,false,yes,no,false,true,0,0
Alejandro Zapata,1040771661,3117157614,alejandro_zapata115@outlook.com,"Diagonal 91 #49-17, Barranquilla",ZSI786,1940,CDA-59992,29/02/2020,2016.0,205.878 km,2400 cc,Mazda,eléctrico,manul,FWD,Taxi,RURAL,no,0,,no,false,no,0,0
Guillermo Ávila,122156707,3501682453,guillermo.ávila978@hotmail.com,"Calle 113 #88-13, Pasto",YHC-377,2169,CDA-33292,2021/04/26,1995.0,674100 km,1000 cc,Suzuki,GNV,CVT,FWD,taxi,rural,true,0,no,yes,1,yes,no,1
Catalina Ortiz,180043071,3176750452,catalina-ortiz841@hotmail.com,"Avenida 68 #31-33, Barranquilla",NUC937,514,CDA-24885,2018/08/28,1800.0,491218,4000,Honda,Gas,Manual,rwd,público,Urbano,si,0,1,1,0,true,0,1
Camilo Rojas,517226796,3211555166,camilo.rojas991@hotmail.com,"Carrera 108 #64-97, Manizales",GLQ273,82,CDA-25203,2023/03/16,2000.0,398.568,4000,Hyundai,GSL,mecánica,FWD,,suburbano,yes,false,false,1,si,true,,1
Sebastián Cruz,1048874040,3509367523,sebastián.cruz189@yahoo.com,"Transversal 76 #15-19, Bogotá",RRI 651,1309,CDA-71147,12/01/2020,2023.0,33144,1600,Mitsubishi,Gas Natural,mecánica,awd,TAXI,URBANO,no,no,0,0,0,no,no,0
Patricia Mejía,326039025,3174955031,patricia-mejía799@hotmail.com,"Circular 48 #19-75, Armenia",CFO192,2740,CDA-83189,15/07/2023,,320329,1500 cc,Honda,GSL,manual,4x2,particular,Rural,no,false,true,1,false,true,no,1
Iván Salcedo,129986710,3019197026,ivánsalcedo697@outlook.com,"Circular 25 #53-48, Pasto",BGS 467,915,CDA-64614,03/10/2019,2012.0,291.4k km,1200cc,Hyundai,eléctrico,autom,4x4,Carga,mixto,no,1,no,no,no,si,no,0
Andrés Torres,754671906,3027897195,andrés.torres929@outlook.com,"Avenida 102 #55-97, Neiva",XTW-219,3032,CDA-12589,2018/02/20,2019.0,60.189,3000,Mazda,eléctrico,Manual,4x2,particular,RURAL,no,false,,0,si,false,no,1
Laura García,726547369,3207683219,laura-garcía57@live.com,"Carrera 64 #88-5, Cartagena",PBS674,775,CDA-20892,01/03/2021,2016.0,237k,3500,Dodge,GAS,Automatio,FWD,escolar,URBANO,0,false,false,no,0,no,0,0
Iván Salcedo,779816889,3162675642,iván-salcedo261@outlook.com,"Calle 1 #7-50, Cúcuta",NVV820,330,CDA-43469,23/09/2019,2023.0,29712,3000,Mazda,Gas Natural,,4X4,Escolar,Suburbano,no,0,si,no,,false,no,0
Mónica Aguirre,626772725,3129837182,mónica-aguirre751@outlook.com,"Circular 43 #84-9, Ibagué",JSY 440,2055,CDA-56810,31/07/2024,1997.0,402k,1400,Nissan,GASOLINA,Manual,RWD,taxi,suburbano,0,0,no,true,false,no,si,1
Ernesto Pineda,1029121196,3221359077,ernesto_pineda201@live.com,"Diagonal 42 #7-8, Ibagué",DJY793,2002,CDA-65012,24-04-2024,1995.0,,1200 cc,Nissan,gasolina,cvt,4X2,Carga,URBANO,si,yes,no,,no,1,no,1
Esperanza Vega,961751765,3202796399,esperanzavega96@yahoo.com,"Calle 84 #70-29, Neiva",XGK763,944,CDA-82226,14/08/2018,2002.0,533635,1800,Dodge,,mecánica,4X2,Taxi,URBANO,true,true,no,si,1,no,yes,1
Viviana Suárez,352647452,3214769680,viviana.suárez719@outlook.com,"Transversal 54 #58-89, Bucaramanga",GVN454,823,CDA-79716,2019/02/02,2007.0,430865,1900,Nissan,gnv,MANUAL,RWD,Particular,RURAL,no,si,false,yes,no,si,true,1
Xiomara Pacheco,164055422,3058783234,xiomara_pacheco824@yahoo.com,"Calle 30 #3-45, Ibagué",IFQ-175,910,CDA-35904,,1999.0,1.030.610,2000cc,Volkswagen,Gas,manual,4x4,carga,Urbano,1,no,no,si,si,,false,1
Mauricio Ruiz,97985904,3132893100,mauricioruiz600@hotmail.com,"Circular 111 #63-98, Bucaramanga",CZP538,182,CDA-66685,07-03-2019,2021.0,55.7k km,2400,Mazda,Híbrido,MANUAL,,PUBLICO,urbano,no,true,1,no,0,no,,0
Darío Acosta,689636230,3107144765,daríoacosta427@correo.com,"Calle 25 #98-65, Cali",CLH-151,165,CDA-10422,15-04-2024,2009.0,483.379 km,1100,Honda,Híbrido,MANUAL,fwd,Taxi,URBANO,0,no,si,0,,1,no,1
Gustavo Barrera,875709476,3101730829,gustavobarrera605@hotmail.com,"Diagonal 60 #34-41, Bucaramanga",TPW-916,1524,CDA-69357,2022/06/26,2006.0,320475,1400,Ford,Electrico,Manual,4x2,Carga,Mixto,no,no,no,no,1,false,no,0
Esperanza Vega,434562429,3216996242,esperanza_vega94@outlook.com,"Calle 101 #79-86, Bogotá",MXH976,452,CDA-11897,04/07/2023,2018.0,192.981,3500,Mazda,GNV,automatica,rwd,escolar,URBANO,false,0,0,1,no,no,no,0
Ingrid Bermúdez,411303246,3209670086,ingrid-bermúdez29@gmail.com,"Diagonal 46 #22-43, Cartagena",REY675,1312,CDA-62792,2024-04-04,1800.0,155k,,Renault,Gasolina,Mecanica,4x4,taxi,Urbano,,no,no,true,false,si,false,0
Omar Leal,654925863,3175145427,omar_leal636@gmail.com,"Calle 113 #6-80, Cartagena",BWG-929,1112,CDA-10958,05/07/2024,2009.0,239k,2500,Toyota,GASOLINA,MANUAL,FWD,particular,Suburbano,no,yes,false,0,yes,false,0,1
Felipe Ramos,775943661,3162943304,felipe-ramos18@gmail.com,"Avenida 36 #57-98, Bucaramanga",NML695,2737,CDA-57928,19-03-2019,2018.0,134918,1000,Fiat,Gas Natural,tiptronic,RWD,Taxi,Urbano,no,yes,yes,no,0,,si,1
,444095163,3196889546,linasantana960@live.com,"Diagonal 88 #52-55, Montería",ALN318,1288,CDA-35281,2019-11-01,2018.0,103715 km,4100,Suzuki,diesel,manul,FWD,particular,suburbano,yes,false,,no,0,0,no,0
Alejandro Zapata,876595551,3137905888,alejandro_zapata588@outlook.com,"Transversal 63 #83-76, Barranquilla",YZS545,328,CDA-88401,2020/11/21,2017.0,216562,3500,Peugeot,Gas Natural,Automática,FWD,público,Urbano,,false,no,0,no,,,0
Gloria Mendoza,570645619,3167854892,gloria.mendoza745@outlook.com,"Circular 39 #50-52, Cartagena",WNP-848,1791,,08-09-2019,2019.0,54681,1400,Fiat,gnv,cvt,awd,taxi,rural,yes,no,no,true,0,,no,1
Mauricio Ruiz,302132492,3171245295,mauricio_ruiz547@outlook.com,"Carrera 103 #22-4, Manizales",AFJ061,2916,CDA-52333,02-08-2023,2003.0,816.155,4000,Chevrolet,gasolina,AUTOMATICA,RWD,publico,Rural,no,no,0,no,no,no,0,0
José Hernández,941756525,3149046700,,"Avenida 64 #3-23, Cúcuta",ESO153,2008,CDA-66472,30-06-2020,2013.0,207590 km,2000,Nissan,hibrido,tiptronic,4x4,escolar,URBANO,1,si,no,0,,0,,1
Esperanza Vega,1010761602,3043912968,esperanza_vega449@hotmail.com,"Transversal 49 #55-10, Bucaramanga",FSN211,1859,CDA-90874,05/08/2019,2023.0,27165,1500,Volkswagen,Diesel,AUTOMATICA,4x4,carga,Suburbano,no,no,no,false,no,no,no,1
Héctor Montoya,82065400,3058596915,héctor-montoya591@gmail.com,,ISQ832,313,CDA-66151,30/05/2018,1998.0,811.0k km,2200,Mitsubishi,GASOLINA,Automática,,público,Rural,yes,,yes,false,yes,yes,0,1
Fabio Arévalo,350511364,3001789436,,"Carrera 64 #91-43, Armenia",NIQ159,833,CDA-79536,2022/03/04,2002.0,296607 km,1300,Dodge,nafta,Mecanica,AWD,público,Urbano,0,si,no,yes,true,no,0,1
Mauricio Ruiz,419264226,3233478623,mauricioruiz880@live.com,"Carrera 29 #64-47, Villavicencio",UEX213,1202,CDA-38560,26/09/2022,2017.0,152k,2200cc,Nissan,gas,Mecanica,AWD,publico,Suburbano,no,false,false,1,0,false,no,1
Patricia Díaz,1096212221,,patricia_díaz801@correo.com,"Calle 45 #80-5, Cartagena",HYC 721,2926,CDA-35558,2021/01/14,2000.0,645.403,3050,Nissan,Gas,Tiptronic,awd,TAXI,urbano,true,,yes,no,no,yes,no,1
Darío Acosta,1011875222,3103508267,daríoacosta360@live.com,"Carrera 15 #55-9, Cúcuta",CBQ 953,2168,CDA-89110,2024/04/09,2007.0,264658,3000,Ford,gnv,CVT,rwd,taxi,Urbano,1,1,true,no,false,no,no,1
Camilo Rojas,844599156,,camilorojas533@live.com,"Transversal 97 #19-99, Pasto",DBJ 819,2135,CDA-89324,20/07/2024,2017.0,93847,1200cc,Mazda,gasolina,autom,RWD,Particular,URBANO,false,,0,0,false,false,0,1
Héctor Montoya,707054375,3103114051,héctor.montoya289@hotmail.com,"Carrera 36 #40-59, Barranquilla",JKC831,2554,CDA-17810,13/08/2018,2014.0,167532,1000,Mitsubishi,eléctrico,mecánica,awd,PARTICULAR,Rural,,false,0,si,no,no,false,0
Guillermo Ávila,460086765,3156023740,guillermo_ávila62@live.com,"Carrera 76 #18-85, Cúcuta",NUK-721,1482,CDA-91155,24-04-2024,1995.0,643908,2600,Dodge,gasolina,Manual,fwd,Carga,rural,yes,,,no,yes,no,si,1
Ernesto Pineda,611866535,3129664540,ernestopineda729@gmail.com,"Transversal 13 #74-21, Villavicencio",BPZ 826,778,CDA-61253,14/07/2024,2006.0,249595,2500cc,Mazda,GAS,Mecanica,fwd,Particular,suburbano,false,,no,yes,no,0,,0
Patricia Díaz,282524225,3148129856,patriciadíaz123@live.com,"Diagonal 11 #6-66, Pasto",NFY 922,800,CDA-99250,27-11-2018,2000.0,363213,1800,Toyota,GAS,semiautomatica,AWD,particular,URBANO,true,no,si,true,yes,0,false,1
Mauricio Ruiz,641732865,3053318275,mauricio_ruiz864@correo.com,"Avenida 92 #95-71, Villavicencio",FSR 917,55,CDA-81105,2021-08-13,2005.0,373k,2400 cc,Mitsubishi,Diesel,Tiptronic,rwd,particular,Mixto,yes,no,1,no,no,si,false,1
Ingrid Bermúdez,775360543,3019136933,,"Diagonal 78 #23-72, Cúcuta",SSC369,1921,CDA-53099,2024-09-17,2002.0,223.415,2200,Toyota,nafta,,4x4,PUBLICO,Rural,,false,si,true,yes,no,false,1
Omar Leal,177732114,,omar.leal931@gmail.com,"Circular 30 #25-78, Bogotá",FNR208,2838,CDA-31523,2023/09/24,2001.0,513k,1050,Ford,gnv,CVT,AWD,particular,Mixto,1,true,,,true,si,no,1
Adriana Parra,1032047725,3108141481,adrianaparra525@correo.com,"Calle 56 #64-9, Cúcuta",SOW158,2373,CDA-44203,31-01-2020,2000.0,628.803,,Toyota,Electrico,automatica,fwd,Publico,RURAL,no,true,si,no,true,0,no,0
Gloria Mendoza,910500500,3007760299,gloria-mendoza517@correo.com,"Diagonal 5 #8-49, Neiva",ZZX302,1702,CDA-49388,2023/01/21,2015.0,154812,3000,Renault,Gas,tiptronic,4X2,PARTICULAR,Suburbano,yes,no,no,,false,false,false,1
Viviana Suárez,267599104,3027078815,vivianasuárez865@outlook.com,"Carrera 112 #8-75, Montería",DIZ788,2162,CDA-62322,2019-07-23,2015.0,241639,2400 cc,Chevrolet,Gas Natural,Mecanica,,TAXI,urbano,si,false,si,0,si,,,1
Gustavo Barrera,540323626,3049225514,gustavo.barrera185@live.com,"Transversal 9 #62-34, Ibagué",KVK 366,3084,CDA-46802,08/09/2018,2010.0,232695,3000,Fiat,gasolina,CVT,FWD,público,Suburbano,no,1,si,yes,no,no,no,1
Carlos Martínez,,3052243661,carlosmartínez632@correo.com,"Calle 72 #52-56, Armenia",MQI659,988,CDA-21628,02-04-2024,2009.0,473k,1500 cc,Mazda,GASOLINA,MANUAL,awd,publico,Urbano,yes,false,no,1,0,no,false,1
Darío Acosta,624676138,3216733025,daríoacosta289@outlook.com,"Calle 4 #33-22, Armenia",VHH 564,2371,CDA-93326,2019-03-05,2010.0,200178,4000,Suzuki,diesel,MANUAL,,PARTICULAR,rural,0,yes,false,,,0,si,1
Gloria Mendoza,681486651,3119875276,gloriamendoza257@correo.com,"Circular 75 #66-53, Barranquilla",YLG-135,1395,CDA-28449,20-05-2021,2006.0,240k,1800,Renault,Gas,Automática,RWD,particular,mixto,true,si,si,true,,no,no,1
Mauricio Ruiz,902672998,3175267139,mauricio.ruiz285@hotmail.com,"Avenida 2 #3-1, Neiva",ASF941,769,CDA-22795,,2008.0,194858,1200,Renault,GSL,automatica,FWD,Particular,Rural,true,,no,0,false,0,false,1
Sebastián Cruz,338511650,3217978243,sebastián-cruz480@yahoo.com,"Avenida 22 #21-87, Manizales",AIA-486,2913,CDA-12815,28-02-2023,1999.0,487.945 km,2200,Mitsubishi,Gasolina,autom,4X4,escolar,Mixto,1,0,1,0,yes,no,false,1
Fabio Arévalo,740755039,3231284573,fabio-arévalo853@correo.com,"Carrera 13 #91-11, Cúcuta",RHH637,286,CDA-91166,2024/11/24,1998.0,269342,4000,Chevrolet,Gasolina,CVT,4x4,taxi,suburbano,true,yes,si,1,yes,false,no,1
Ingrid Bermúdez,354730079,3224967764,ingridbermúdez377@gmail.com,"Avenida 88 #14-58, Cartagena",UOI926,2897,CDA-82227,28/07/2021,1995.0,271705 km,1400 cc,Honda,diesel,mecánica,FWD,PUBLICO,Suburbano,0,yes,1,1,0,1,no,1
Sebastián Cruz,866651764,3022436128,sebastián_cruz570@gmail.com,"Calle 120 #90-16, Cartagena",,429,CDA-99804,25-02-2019,2009.0,296443 km,2400,Renault,Gas,Tiptronic,fwd,Particular,Urbano,,false,0,yes,false,si,false,1
Fabio Arévalo,15083599,3241781757,fabio.arévalo708@yahoo.com,"Calle 27 #89-20, Pereira",WQQ135,2080,CDA-11113,2018/03/17,2015.0,194612,1600,Dodge,GNV,automatica,FWD,público,Mixto,yes,no,no,false,yes,no,false,1
Darío Acosta,176851559,3248732456,darío-acosta119@hotmail.com,"Circular 102 #96-63, Villavicencio",UUI694,723,CDA-77983,2021/08/05,1998.0,317.6k km,1100,Toyota,GASOLINA,autom,4X4,publico,RURAL,yes,1,yes,si,1,no,yes,1
Natalia Reyes,103350136,3241640753,natalia.reyes238@outlook.com,"Calle 75 #83-12, Pasto",WCK228,952,CDA-48205,2019-12-08,2013.0,304k,3000,Kia,diesel,manul,fwd,Carga,Rural,false,0,false,yes,no,true,false,0
,943824546,3017808890,ernesto-pineda10@hotmail.com,"Calle 4 #55-69, Pasto",JEE386,990,CDA-70938,09-02-2018,2001.0,579k,1950,Chevrolet,Gasolina,Automatio,rwd,PUBLICO,mixto,1,false,0,1,,false,no,1
José Hernández,478017277,3045377244,joséhernández99@outlook.com,"Transversal 70 #37-24, Bogotá",EEC684,3069,CDA-65566,2019-10-11,2013.0,293584 km,3000,Nissan,GASOLINA,Manual,FWD,TAXI,mixto,no,no,false,1,no,false,false,1
Viviana Suárez,654981421,3155278882,viviana.suárez163@yahoo.com,"Calle 7 #84-91, Barranquilla",YXM568,2235,CDA-89157,2018-04-16,2020.0,63664,1000,Volkswagen,gnv,tiptronic,4x2,público,Mixto,no,,false,false,false,false,no,0
Felipe Ramos,854707668,3124580997,felipe-ramos793@outlook.com,"Circular 100 #20-17, Cartagena",MFB 859,327,CDA-49156,2018/04/26,0.0,80845,1000,Peugeot,Gas,mecánica,4X2,PARTICULAR,Suburbano,0,0,false,false,no,,0,0
Sandra Castro,1086571233,3139607292,sandra_castro326@outlook.com,"Circular 64 #96-41, Bucaramanga",QWE-532,1384,CDA-52374,2019-02-02,2003.0,257759 km,2400,Honda,gasolina,cvt,4x2,PARTICULAR,Urbano,si,1,1,no,true,0,1,1
Gustavo Barrera,229217587,3021254039,gustavobarrera534@gmail.com,"Diagonal 59 #76-28, Montería",PRK780,1725,CDA-38737,29/03/2024,2023.0,17984 km,2000,Nissan,Gas,Mecanica,,escolar,suburbano,si,false,,false,no,false,false,1
Lina Santana,682303344,3153986614,lina.santana995@live.com,"Circular 11 #3-84, Bogotá",FXG 684,1087,CDA-32646,27/06/2020,2001.0,752.723,1850,Mazda,hibrido,manual,fwd,Escolar,Suburbano,si,no,true,0,false,no,no,1
Iván Salcedo,843776135,3233528906,iván_salcedo487@gmail.com,"Diagonal 111 #83-90, Neiva",FQY326,342,CDA-66251,2024-06-24,2006.0,482k,1200,Toyota,GSL,MANUAL,awd,Carga,Rural,true,false,true,false,true,yes,false,1
Guillermo Ávila,1088022263,3223601089,guillermo_ávila147@correo.com,"Transversal 118 #11-38, Barranquilla",YGR 339,148,CDA-88255,2024/04/28,1998.0,235506,2400cc,Hyundai,gasolina,Automatio,fwd,Particular,mixto,false,0,true,,,0,true,1
Ingrid Bermúdez,282296104,3046150081,ingrid_bermúdez826@yahoo.com,"Avenida 118 #97-53, Bogotá",RWR754,2571,CDA-86380,13-09-2018,2004.0,303441,1000,Renault,Gas,,rwd,PARTICULAR,Urbano,0,yes,0,false,no,no,0,0
Yolanda Cárdenas,850189835,3122107942,yolanda-cárdenas16@gmail.com,"Calle 4 #40-87, Pereira",EZN138,1108,CDA-77142,23/02/2024,1995.0,495.882,2500,Dodge,Gas,AUTOMATICA,4x4,publico,Rural,1,true,0,true,1,false,0,1
Carlos Martínez,937404256,3148512880,carlosmartínez219@hotmail.com,"Carrera 33 #76-92, Pasto",ECF303,849,CDA-94631,24-03-2018,2011.0,262820,1800,Mitsubishi,GSL,Tiptronic,rwd,Taxi,Urbano,0,no,si,no,no,0,no,1
Sandra Castro,188712670,3023526736,sandra_castro235@yahoo.com,"Carrera 93 #37-16, Cali",KSY053,967,CDA-15695,2024-11-17,2011.0,259.051,1400,Mitsubishi,gasolina,Manual,4x2,Taxi,Mixto,0,0,false,,,si,no,1
Esperanza Vega,567334172,3133175665,esperanzavega885@gmail.com,"Circular 82 #70-70, Pereira",PLC575,2706,CDA-37545,19-09-2020,2012.0,394057 km,2000,Chevrolet,nafta,Automática,4X4,publico,mixto,no,true,no,si,no,no,0,1
José Hernández,1068084719,3249668028,joséhernández467@outlook.com,"Calle 64 #1-66, Pasto",GBP 237,662,CDA-22725,05/02/2023,2017.0,146289 km,1600,Kia,diesel,MANUAL,4x4,TAXI,rural,true,yes,si,no,0,1,no,1
Xiomara Pacheco,44582336,3122754976,xiomarapacheco320@yahoo.com,"Transversal 2 #90-11, Pereira",FPI291,1003,CDA-57292,2024-11-17,2012.0,305k,1400 cc,Renault,GNV,autom,4x2,TAXI,rural,no,true,false,false,,no,no,0
Camilo Rojas,751384946,3247551242,camilo.rojas20@live.com,"Calle 63 #77-77, Barranquilla",EGZ 604,3124,CDA-63708,2019-01-24,1999.0,557.869,3500 cc,Hyundai,Gas,cvt,FWD,escolar,Urbano,no,,false,0,true,yes,1,1
Ernesto Pineda,418593756,3178823907,ernesto-pineda447@live.com,"Calle 91 #85-24, Bogotá",GNW 189,2764,CDA-25585,07-12-2024,2004.0,243k,1000,Fiat,GSL,Tiptronic,4X4,particular,suburbano,,0,no,no,si,no,si,0
Marcela Fuentes,165886646,3236632679,marcelafuentes660@live.com,"Diagonal 10 #17-19, Pasto",PEI655,2915,CDA-65959,25-04-2022,1995.0,874097 km,4000,Ford,Gas,AUTOMATICA,4x4,taxi,Urbano,si,false,false,no,0,true,no,1
Fabio Arévalo,394934034,3215572989,fabio.arévalo510@yahoo.com,"Circular 105 #66-25, Cali",WMG818,1880,CDA-98813,05/09/2018,2001.0,435987,2200,Mitsubishi,diesel,MANUAL,AWD,PUBLICO,urbano,true,si,no,si,no,true,no,1
,329835804,3108183108,omar_leal849@gmail.com,"Avenida 73 #84-89, Bogotá",TJI484,3095,CDA-37681,2023/06/25,2017.0,129646,3500,Renault,hibrido,semiautomatica,4x4,TAXI,Rural,true,true,no,1,no,0,0,1
Viviana Suárez,11957457,3195247494,viviana-suárez845@yahoo.com,"Carrera 112 #57-31, Ibagué",,1204,CDA-11834,18/05/2019,2019.0,145373,2200,Ford,gasolina,manul,awd,escolar,urbano,no,0,,no,no,false,no,0
Jhon Morales,1080809978,3175060399,jhonmorales882@gmail.com,"Transversal 36 #49-77, Villavicencio",ZTV 572,1991,CDA-68979,14-02-2018,2020.0,74407,2400,Dodge,GSL,CVT,RWD,Particular,Urbano,0,false,false,no,no,true,0,0
Lina Santana,448136085,3056244264,lina_santana752@yahoo.com,"Carrera 98 #48-66, Cúcuta",GDL 109,25,CDA-30932,24-06-2024,1997.0,564k,1800,Volkswagen,,tiptronic,4X4,taxi,URBANO,true,1,false,no,true,si,false,1
Felipe Ramos,69670760,3149192344,feliperamos507@live.com,"Carrera 4 #28-77, Medellín",RNZ139,3088,CDA-27629,2018-10-02,2007.0,580418,2200,Dodge,Gas Natural,CVT,FWD,publico,suburbano,no,true,true,0,0,0,,1
Sebastián Cruz,597059080,3187221501,sebastián_cruz294@hotmail.com,"Avenida 29 #66-40, Bogotá",BKR823,2714,CDA-88266,2022/05/31,1999.0,217578,2000,Fiat,GASOLINA,Manual,4x4,particular,Rural,si,true,true,si,no,no,false,1
Patricia Díaz,646914176,3229197084,patriciadíaz303@gmail.com,"Diagonal 1 #18-69, Neiva",VUN531,2288,CDA-43119,11-11-2022,2021.0,69340,1200 cc,Fiat,gasolina,Mecanica,rwd,Taxi,RURAL,false,no,0,true,no,false,no,0
Ingrid Bermúdez,,3142086253,ingrid-bermúdez819@correo.com,"Carrera 4 #55-51, Pasto",MQE710,2530,CDA-41169,2024-11-15,2012.0,198.2k km,1400,Fiat,Híbrido,autom,awd,publico,urbano,true,no,false,no,yes,1,no,1
Mónica Aguirre,933770629,3229975173,mónicaaguirre564@hotmail.com,"Transversal 120 #48-19, Villavicencio",MHB 839,876,CDA-58195,23-06-2022,2022.0,76k,1100,Chevrolet,gasolina,semiautomatica,rwd,Escolar,suburbano,0,yes,,no,yes,0,no,0
Luis Rodríguez,106988574,3222290355,luis_rodríguez57@gmail.com,"Calle 41 #10-81, Armenia",MXO 924,2958,CDA-40646,2024/12/21,2024.0,0,1400cc,Mitsubishi,Híbrido,mecánica,,particular,Rural,no,0,,0,false,no,false,0
Ana Gómez,960321243,3194247575,ana_gómez425@outlook.com,"Carrera 106 #11-90, Cali",OWL-803,939,CDA-97710,2020-10-12,2014.0,268285,1600,Mitsubishi,GASOLINA,manual,rwd,taxi,Mixto,,no,no,yes,true,no,false,1
Ricardo Peña,,3026167563,ricardo_peña125@gmail.com,"Avenida 85 #37-89, Cali",EIB-854,2753,CDA-72035,2019/03/25,1999.0,537.661,1600,Chevrolet,Gas,AUTOMATICA,4X2,público,RURAL,0,true,1,yes,no,false,yes,1
María López,792371600,3043734069,maría-lópez165@correo.com,"Calle 16 #13-74, Cali",FIG672,1311,CDA-99173,30/10/2024,2012.0,297.747,2200,Toyota,hibrido,Manual,4x2,Carga,suburbano,1,no,false,no,yes,no,no,1
Ricardo Peña,575840493,3176722127,ricardo.peña264@gmail.com,"Circular 75 #65-43, Manizales",RFC-363,386,CDA-83251,2023/09/15,2020.0,104511,4050,Hyundai,hibrido,Tiptronic,4x4,Publico,Suburbano,true,0,0,no,,0,no,1
Sandra Castro,294444607,3206593904,sandra-castro247@correo.com,"Calle 36 #70-46, Montería",DFE949,2652,CDA-12024,2023/01/07,2005.0,691k,1000,Peugeot,diesel,tiptronic,4X2,escolar,URBANO,true,false,no,yes,,,,1
Roberto Nieto,530229646,3027718676,roberto_nieto665@yahoo.com,"Calle 55 #56-89, Manizales",FQM160,2754,CDA-40614,2024-10-23,2017.0,167k,,Kia,gnv,AUTOMATICA,4x2,público,mixto,no,,0,false,false,no,0,0
Diana Herrera,145640934,3049526216,diana_herrera701@gmail.com,"Diagonal 52 #93-53, Cúcuta",DCC 799,2418,CDA-63732,10-07-2018,2024.0,0.0k km,1000,Chevrolet,GSL,autom,4X2,publico,suburbano,no,no,false,false,,no,0,0
Patricia Mejía,571819742,3225707664,patricia_mejía475@outlook.com,"Circular 64 #94-82, Neiva",DGN806,2300,CDA-15406,23/04/2023,2003.0,288264,1800,Mitsubishi,Híbrido,AUTOMATICA,rwd,,Suburbano,0,false,0,false,no,0,no,1
María López,246426684,,maría.lópez826@outlook.com,"Calle 30 #43-59, Medellín",BRS474,937,CDA-76486,21/09/2023,2016.0,138k,1600,Nissan,GSL,autom,RWD,Escolar,Mixto,no,no,no,1,no,no,false,0
Jhon Morales,417142460,3208957532,jhon-morales187@hotmail.com,"Calle 56 #75-86, Ibagué",LGK979,2832,CDA-69519,17-01-2024,2015.0,162598,1500,Ford,GAS,AUTOMATICA,rwd,Taxi,,no,1,0,0,false,no,no,1
Yolanda Cárdenas,485078358,3101114562,yolanda_cárdenas481@outlook.com,"Diagonal 2 #49-87, Villavicencio",GDD709,2184,CDA-72233,2018-07-17,2006.0,635334 km,1300cc,Peugeot,GSL,Manual,4x4,publico,Urbano,si,yes,0,,no,no,no,1
Darío Acosta,369078365,3171770489,daríoacosta172@outlook.com,"Avenida 36 #29-30, Armenia",ZLU-532,1333,CDA-60006,2019/08/15,2020.0,93596,2400,Volkswagen,GASOLINA,CVT,,escolar,URBANO,false,no,no,0,no,,false,1
Sebastián Cruz,477013410,3059040330,sebastián-cruz495@yahoo.com,"Carrera 84 #60-56, Ibagué",ATN487,1935,CDA-29789,18-06-2022,1997.0,1210479,2000,Volkswagen,Gas,semiautomatica,fwd,publico,Rural,true,1,yes,si,true,0,no,1
Mauricio Ruiz,52000721,3166326840,mauricio-ruiz85@hotmail.com,"Circular 38 #91-35, Armenia",WXJ-243,936,CDA-11398,22/03/2024,2015.0,182898,3500,Nissan,Gas Natural,manul,4x4,taxi,rural,true,0,no,no,1,no,no,1
Marcela Fuentes,619732609,3213406429,marcelafuentes757@live.com,"Avenida 33 #12-85, Villavicencio",UCF740,567,CDA-66173,05/10/2024,2012.0,69k,2200,Chevrolet,Gas,semiautomatica,4x2,Particular,suburbano,no,true,yes,,0,false,false,1
Patricia Mejía,574736878,3018717245,patriciamejía245@correo.com,"Calle 56 #26-62, Villavicencio",FZI 355,1855,CDA-80908,2018/02/26,2003.0,409555,1500,Mazda,Gas,manul,fwd,Particular,RURAL,0,no,yes,no,1,false,0,0
Catalina Ortiz,459852006,3161632359,catalinaortiz413@gmail.com,"Avenida 33 #86-61, Cali",VIW599,2664,CDA-47740,18/12/2020,2010.0,250423,1800cc,hiunday,Gas,MANUAL,RWD,público,urbano,1,false,no,0,false,no,no,1
María López,684046252,3188081069,maría_lópez371@yahoo.com,"Avenida 80 #42-41, Montería",ZLM663,1646,CDA-86790,2020/06/18,2022.0,56.4k km,3500,Suzuki,GNV,Automatio,4x2,carga,Suburbano,no,si,0,si,,yes,0,1
Lina Santana,920410240,3045147376,lina.santana922@yahoo.com,"Calle 49 #32-35, Bogotá",PKF624,2333,CDA-60617,2018/02/23,2022.0,27231,4000,Nissan,nafta,Tiptronic,awd,TAXI,Rural,false,no,,0,false,false,no,1
Viviana Suárez,338278520,3139763704,viviana-suárez49@yahoo.com,"Calle 60 #67-56, Cali",UCU157,1793,CDA-20863,2022/09/26,2022.0,47598,1300 cc,Renault,Electrico,autom,,público,suburbano,0,no,no,,0,0,no,0
Camilo Rojas,775258809,3222727449,camilorojas803@yahoo.com,"Avenida 103 #66-3, Cali",DHS661,1431,CDA-99083,2023-03-22,2012.0,196k,2400,Mitsubishi,Electrico,semiautomatica,awd,PARTICULAR,suburbano,1,no,no,0,yes,no,,1
Felipe Ramos,984404758,3055133180,felipe_ramos444@yahoo.com,"Transversal 35 #60-83, Cartagena",SNW166,2552,CDA-14454,2020/09/16,2018.0,39k,2900,Kia,GSL,cvt,4x2,particular,URBANO,yes,no,0,0,1,,no,1
Héctor Montoya,947708116,3054116994,héctor_montoya765@outlook.com,"Transversal 39 #35-54, Medellín",ELG636,1014,CDA-95689,2018-01-22,2010.0,166k,1400,Kia,gnv,CVT,fwd,PARTICULAR,mixto,false,no,false,no,no,false,false,0
Esperanza Vega,413917738,3024181175,esperanza-vega948@outlook.com,"Calle 53 #85-2, Bucaramanga",BBD203,1929,CDA-90297,2024-08-04,2000.0,798172,3500cc,Mazda,Híbrido,automatica,4x2,Taxi,rural,1,true,true,,si,true,true,0
Mónica Aguirre,818936244,3204991023,mónica_aguirre285@gmail.com,"Calle 85 #68-14, Armenia",MPO-420,2476,CDA-56346,2022/04/11,2023.0,30411,1600,Ford,GNV,Automática,fwd,público,Suburbano,0,no,0,0,0,,0,0
Roberto Nieto,88885556,3144610673,roberto-nieto606@yahoo.com,"Circular 80 #55-10, Cúcuta",JXK024,127,CDA-19248,08/01/2021,2005.0,200309,2000 cc,Peugeot,Gas,Tiptronic,fwd,particular,Urbano,0,true,no,no,false,no,false,1
Xiomara Pacheco,123794978,3184397843,xiomara_pacheco722@hotmail.com,"Transversal 112 #30-91, Villavicencio",QLN620,2305,CDA-97517,2022-11-14,2006.0,719415,2400,Dodge,nafta,manul,4x2,PUBLICO,urbano,no,no,,no,yes,no,false,1
Patricia Mejía,808693513,3059132012,patricia_mejía988@yahoo.com,"Circular 47 #49-90, Barranquilla",XQH481,1348,CDA-77230,2024/12/05,2001.0,736k,3500,Ford,Gas Natural,Automatio,FWD,publico,Rural,true,0,false,yes,1,no,0,1
Carlos Martínez,117242499,3241201699,carlosmartínez529@yahoo.com,"Diagonal 15 #63-58, Cúcuta",CYA876,356,CDA-83237,2020/04/16,1998.0,454506,1900,Renault,Gas,MANUAL,RWD,PUBLICO,rural,1,1,0,1,true,,0,1
Yolanda Cárdenas,696259158,3212865746,yolanda.cárdenas408@correo.com,"Transversal 37 #85-20, Montería",UEY067,828,CDA-54950,11/11/2023,2004.0,421570,3000,Mitsubishi,eléctrico,MANUAL,RWD,TAXI,Rural,si,no,no,no,true,yes,true,1
Héctor Montoya,968358714,3177085509,héctor.montoya783@live.com,"Diagonal 77 #30-49, Pereira",ZRR 765,1640,CDA-48173,27-08-2019,2004.0,339870,1500,Honda,Electrico,CVT,4x2,Carga,Rural,0,no,yes,false,0,no,no,1
Jhon Morales,983903403,3054907074,jhon_morales137@outlook.com,"Circular 104 #47-43, Pasto",YYK 611,985,,14-09-2022,2020.0,99.9k km,2500 cc,Fiat,eléctrico,Automática,4x4,TAXI,rural,false,0,0,yes,yes,no,false,1
Ana Gómez,877998792,3171333844,ana-gómez382@yahoo.com,"Avenida 103 #71-13, Pasto",YDC 114,2189,CDA-16833,02-10-2023,2005.0,248299,3000,Suzuki,hibrido,manual,fwd,PARTICULAR,URBANO,no,0,no,true,no,si,no,0
Gustavo Barrera,209313444,3192346854,gustavo_barrera539@outlook.com,"Circular 47 #6-1, Pasto",GPQ548,363,CDA-16526,10/03/2018,1998.0,,4000,Volkswagen,hibrido,manual,4x4,PARTICULAR,RURAL,yes,si,1,false,yes,no,no,1
Claudia Vargas,,3149163102,claudia.vargas957@correo.com,"Transversal 77 #91-79, Bucaramanga",XJK259,346,CDA-58397,2021/10/27,2007.0,272751,1300,Honda,DIESEL,Mecanica,4X2,particular,suburbano,true,si,true,,no,false,false,1
Diana Herrera,80122943,3228034911,dianaherrera538@outlook.com,"Carrera 9 #44-39, Villavicencio",RPT976,2267,CDA-86516,12-05-2020,2004.0,139k,1100cc,Nissan,nafta,mecánica,AWD,particular,mixto,0,si,,false,false,false,true,1
Ana Gómez,46763834,3234370768,,"Calle 63 #54-50, Armenia",VIH 864,2792,CDA-28960,13-02-2021,1996.0,582.9k km,2500,Toyota,GAS,mecánica,awd,Publico,Mixto,yes,,true,no,si,yes,no,1
Lina Santana,927767438,3211238385,lina-santana158@correo.com,"Circular 68 #76-35, Bogotá",CCE027,712,CDA-79340,2023-02-23,2006.0,436943,1800,Peugeot,DIESEL,mecánica,fwd,carga,suburbano,,false,si,,no,true,0,1
Guillermo Ávila,881528845,3047863367,guillermo-ávila333@yahoo.com,"Carrera 61 #33-44, Ibagué",KHW-633,2270,CDA-18480,03-03-2019,2021.0,43899,1800,Peugeot,DIESEL,MANUAL,FWD,particular,Rural,no,0,,0,no,no,0,0
María López,1019129364,3125833597,maríalópez73@correo.com,"Avenida 101 #81-76, Villavicencio",FCF121,11,CDA-87993,20-05-2024,1999.0,538109,1500,Toyota,Gasolina,autom,4x2,Carga,suburbano,yes,no,yes,no,0,si,si,1
Mauricio Ruiz,210186981,3049462403,mauricio_ruiz742@correo.com,"Transversal 50 #29-64, Montería",IJZ984,2755,CDA-55935,,2008.0,391k,2450,Honda,GNV,autom,fwd,carga,rural,1,false,no,no,yes,si,0,1
Lina Santana,1040903839,3194539313,lina.santana830@hotmail.com,,IOM-960,2117,CDA-75711,2019/01/30,2022.0,46.571,1350,Peugeot,Gasolina,AUTOMATICA,rwd,escolar,rural,no,no,no,no,false,no,0,0
Roberto Nieto,508061641,3195363965,roberto-nieto683@yahoo.com,"Avenida 113 #69-10, Armenia",FYC 723,1835,CDA-14026,2020-03-09,2023.0,20406,1600cc,Peugeot,DIESEL,automatica,FWD,carga,mixto,true,no,0,no,0,false,no,0
Xiomara Pacheco,49492342,3249067424,xiomara_pacheco708@yahoo.com,"Diagonal 24 #47-86, Armenia",PSD231,794,CDA-43093,2020/03/24,2011.0,328.341,1800,Suzuki,eléctrico,Automatio,,TAXI,Rural,1,false,no,no,,no,no,1
Yolanda Cárdenas,163408254,3045808931,yolanda_cárdenas617@live.com,"Transversal 3 #40-36, Ibagué",VCW035,3037,,2020-07-21,2015.0,121.126,1600,renoult,GASOLINA,Tiptronic,awd,PARTICULAR,mixto,0,,no,1,,si,no,0
Ingrid Bermúdez,934290717,3047436241,ingridbermúdez454@outlook.com,"Carrera 72 #85-39, Neiva",MDS416,95,CDA-85000,21/04/2024,2015.0,119119,1600 cc,Mazda,Gasolina,Manual,4x4,PARTICULAR,Urbano,,no,false,1,no,yes,false,0
Patricia Díaz,1039278142,3132993004,patriciadíaz820@correo.com,"Avenida 97 #98-52, Cúcuta",TVD971,130,CDA-99710,2021/11/02,1998.0,551.822,1400,Ford,gasolina,Mecanica,4X2,Taxi,Urbano,true,false,yes,yes,,0,yes,1
Ingrid Bermúdez,976207236,3184131764,ingrid_bermúdez821@hotmail.com,"Diagonal 40 #84-85, Pasto",HRQ052,2465,CDA-49304,2021/12/02,1997.0,851004,3000,Mitsubishi,,AUTOMATICA,4x2,Escolar,Suburbano,,0,1,1,no,no,,1
Felipe Ramos,165075407,3119887055,felipe-ramos445@yahoo.com,"Avenida 28 #5-66, Barranquilla",EUA465,3191,CDA-71343,2023/10/29,2022.0,43854,1400,Chevrolet,gnv,automatica,4X4,público,Urbano,false,false,no,0,,false,no,0
Ricardo Peña,688867412,3195752391,ricardopeña365@live.com,"Circular 90 #92-16, Manizales",FTH893,2264,CDA-84120,2021-09-07,2002.0,373.276,4000,Dodge,GASOLINA,automatica,4x2,público,Mixto,si,,no,0,true,true,false,1
Gloria Mendoza,477615212,3147359053,,"Diagonal 9 #50-62, Pereira",QGM 476,1901,CDA-87951,08/01/2020,2012.0,217635,2200cc,Peugeot,hibrido,automatica,fwd,PARTICULAR,Mixto,no,no,no,1,1,true,true,1
Carlos Martínez,1044957374,3025426959,carlos-martínez244@hotmail.com,"Diagonal 96 #55-1, Neiva",PEV991,2630,CDA-33048,21/01/2020,2008.0,342460,2200,Chevrolet,GSL,semiautomatica,AWD,publico,,,0,false,false,true,,0,1
Andrés Torres,554443171,3044986044,andréstorres938@live.com,"Transversal 60 #71-6, Neiva",WKF845,1933,CDA-76136,14/07/2023,1995.0,623.794,1300,Mazda,gas,cvt,,carga,Suburbano,true,si,yes,yes,yes,yes,false,1
Gloria Mendoza,974073521,3041728052,gloria.mendoza5@correo.com,"Transversal 97 #61-38, Cartagena",MOV297,2180,CDA-22278,2022-08-31,2018.0,150305,1100,Toyota,gasolina,mecánica,4x4,Carga,Rural,0,0,1,yes,no,si,no,1
Patricia Díaz,781002501,3121862594,patricia_díaz393@live.com,"Calle 37 #5-86, Bogotá",GSV 178,1866,CDA-78988,2021-07-30,2022.0,25062 km,1300,Mazda,GASOLINA,Tiptronic,FWD,carga,Rural,0,true,no,0,false,0,no,1
Andrés Torres,1080846046,3049815710,andréstorres697@yahoo.com,"Calle 65 #86-27, Pereira",CPE195,1659,CDA-44428,05-01-2018,2010.0,,1400cc,Mazda,DIESEL,mecánica,4X4,PARTICULAR,suburbano,,0,no,,1,false,0,0
Alejandro Zapata,599215239,3157826219,alejandrozapata476@outlook.com,"Calle 75 #44-17, Bucaramanga",TCB104,517,CDA-73330,2023-03-27,1997.0,776.435,1000,Peugeot,Gas,Mecanica,4x4,escolar,urbano,yes,no,0,false,1,1,0,1
Darío Acosta,180383943,3115914168,darío-acosta619@yahoo.com,"Circular 89 #20-12, Pereira",XGN-814,1858,CDA-66228,2024-04-28,2012.0,277k,1800,Suzuki,Híbrido,MANUAL,rwd,carga,rural,true,0,false,no,false,0,1,1
José Hernández,59419809,,josé-hernández223@yahoo.com,"Transversal 23 #41-10, Villavicencio",ZZQ 414,2244,CDA-93955,19-09-2021,2013.0,145950 km,4000cc,Mitsubishi,Híbrido,tiptronic,4X2,carga,suburbano,,no,no,,false,no,no,0
,797293025,3148141261,gloriamendoza200@outlook.com,"Circular 90 #78-38, Pereira",NRX726,1278,CDA-60096,19-02-2022,2021.0,83849,2350,Dodge,diesel,Mecanica,FWD,PUBLICO,urbano,no,false,no,false,false,no,no,1
Héctor Montoya,454432857,3502965339,héctor_montoya852@yahoo.com,"Carrera 84 #28-56, Bogotá",EFZ060,951,CDA-71580,2022/06/09,1997.0,626.1k km,3500 cc,Kia,,Manual,FWD,publico,RURAL,no,true,false,yes,no,0,false,1
Viviana Suárez,814283251,3042021715,vivianasuárez818@gmail.com,"Transversal 76 #73-21, Manizales",AHH-974,1121,CDA-47494,24/12/2020,2020.0,133165,3500cc,Peugeot,GASOLINA,Automatio,awd,Taxi,URBANO,false,no,0,0,no,0,no,0
Ana Gómez,15982156,3043925298,ana-gómez921@gmail.com,"Transversal 48 #91-81, Barranquilla",JEN037,2205,CDA-54931,2021/01/30,1998.0,278096,4000,Nissan,diesel,CVT,fwd,PARTICULAR,Suburbano,,true,yes,no,,false,yes,1
José Hernández,299138001,3151642338,josé-hernández3@correo.com,"Circular 35 #88-19, Neiva",HZI214,420,CDA-83433,2024-10-18,2016.0,204.051,1600cc,Ford,GSL,semiautomatica,AWD,,URBANO,yes,true,1,,1,false,no,1
Viviana Suárez,403996134,3119211345,viviana.suárez106@outlook.com,"Transversal 50 #96-79, Armenia",ZYN029,923,CDA-25624,22-04-2019,2003.0,545942,3000,Dodge,Diesel,cvt,4X2,escolar,urbano,si,no,0,no,yes,,0,1
Guillermo Ávila,258871299,3509886319,guillermoávila232@yahoo.com,"Diagonal 14 #80-86, Cúcuta",ZEC833,2421,CDA-13662,20/05/2021,2003.0,689952,1000 cc,Dodge,DIESEL,CVT,4x4,PUBLICO,mixto,si,no,si,,0,1,,1
,595497127,3236363202,ernestopineda339@outlook.com,"Diagonal 75 #38-25, Cali",SFD164,478,CDA-99667,2019-03-29,1995.0,475618 km,3000 cc,Renault,gasolina,manual,4X2,Particular,RURAL,no,,1,0,yes,no,false,1
Mauricio Ruiz,133520814,3051972373,mauricioruiz632@live.com,"Transversal 25 #93-60, Ibagué",YKJ 002,2036,CDA-52715,2023/04/08,1999.0,685461,2950,Fiat,eléctrico,AUTOMATICA,4X2,PARTICULAR,mixto,no,no,no,yes,yes,0,1,1
Mónica Aguirre,827217308,3222787286,mónica.aguirre667@live.com,"Circular 80 #75-62, Villavicencio",TPU462,2397,CDA-10327,2022-07-05,2001.0,415k,2200,Fiat,Diesel,autom,4x4,Carga,Rural,no,false,,1,false,1,0,1
Gloria Mendoza,154969972,3207703510,gloria.mendoza782@live.com,"Circular 119 #21-3, Villavicencio",NJD921,1693,CDA-39063,2023/12/28,2021.0,94k,1200,Hyundai,gas,Automatio,4X4,taxi,Suburbano,0,false,no,false,0,,no,1
Viviana Suárez,925046873,3112101346,vivianasuárez514@correo.com,"Carrera 37 #79-62, Cali",YIH-252,2646,CDA-69855,,2008.0,305828,3000,Fiat,Gas,autom,FWD,taxi,Urbano,no,yes,true,si,false,no,no,1
Claudia Vargas,888692494,3504771649,claudia.vargas527@live.com,"Calle 34 #81-5, Bucaramanga",JBR 241,1472,CDA-50113,2020-01-25,2011.0,265k,2000,Ford,DIESEL,autom,4x4,publico,URBANO,no,0,1,,no,no,,1
Sebastián Cruz,76171948,3003306204,sebastiáncruz113@live.com,"Circular 80 #2-75, Montería",JMA 408,1203,CDA-19373,29-05-2019,2012.0,311006,1800,Honda,GNV,Automatio,FWD,carga,suburbano,si,si,no,false,no,no,1,1
Gustavo Barrera,868433857,3198063360,gustavo-barrera798@live.com,,QHO616,1670,CDA-95688,2024-08-18,2007.0,494k,1450,Honda,nafta,manul,fwd,carga,RURAL,si,false,yes,yes,yes,1,0,1
Marcela Fuentes,884268624,3213633014,marcela-fuentes83@outlook.com,"Diagonal 73 #45-77, Armenia",SOQ104,3050,CDA-53487,30/10/2021,2000.0,815k,2400,Peugeot,Híbrido,manul,4x2,Publico,rural,0,si,true,false,1,0,no,0
Patricia Mejía,864030734,3212738076,patriciamejía516@hotmail.com,"Diagonal 81 #12-42, Armenia",XLD314,1971,CDA-10506,22-07-2019,2018.0,176710 km,3500,Nissan,hibrido,semiautomatica,4x4,Publico,Urbano,no,no,0,no,1,false,no,1
Fabio Arévalo,395276592,3011160824,fabio_arévalo36@correo.com,"Calle 83 #75-8, Bucaramanga",UKL535,2152,CDA-33230,2024-06-26,1999.0,936525,1000,Mitsubishi,gnv,Automatio,fwd,TAXI,RURAL,yes,no,false,1,no,no,yes,1
Alejandro Zapata,780758073,3013101735,alejandrozapata246@live.com,"Diagonal 54 #73-36, Villavicencio",KIJ630,821,CDA-52085,13/04/2019,1995.0,612.489 km,1500 cc,Dodge,hibrido,semiautomatica,awd,PUBLICO,Suburbano,no,no,0,si,no,no,no,0
Luis Rodríguez,763423419,3128124840,luis_rodríguez923@outlook.com,"Circular 80 #87-56, Pereira",ENS505,1998,CDA-13174,29/04/2018,1998.0,478k,2200,Hyundai,gasolina,manul,4X4,TAXI,rural,si,yes,no,true,true,0,yes,1
,1059166297,3138735476,gustavo.barrera633@outlook.com,"Calle 91 #29-4, Bucaramanga",LPG084,3148,CDA-66933,06/03/2023,1995.0,570102,1000 cc,Mitsubishi,GAS,manual,FWD,Taxi,Mixto,,1,si,0,no,false,si,1
Ricardo Peña,244525198,3106028431,ricardopeña214@outlook.com,"Transversal 105 #75-79, Manizales",CGY356,1249,CDA-26119,2019-07-30,2012.0,321k,1200,Mazda,gasolina,MANUAL,4x4,TAXI,suburbano,false,0,0,1,yes,false,false,1
Marcela Fuentes,297546215,3121595955,marcela-fuentes410@hotmail.com,"Circular 51 #53-38, Armenia",,2417,CDA-60746,25/07/2022,1998.0,,3500,Nissan,Electrico,tiptronic,4X2,público,Mixto,1,no,1,1,,false,,1
Carlos Martínez,938472965,3189607537,carlos-martínez216@gmail.com,"Circular 93 #59-57, Pereira",NUV056,2921,CDA-18970,24/07/2021,1996.0,549045 km,1400,Suzuki,gnv,Mecanica,4x2,TAXI,rural,false,,si,si,si,0,false,1
Carlos Martínez,183697728,3177251850,,"Circular 107 #94-27, Manizales",AGY838,2191,CDA-97708,2018/11/28,1998.0,338.365 km,1650,Dodge,Híbrido,mecánica,FWD,Taxi,RURAL,true,yes,no,1,no,1,false,1
Alejandro Zapata,450149189,3002721243,alejandrozapata883@correo.com,"Diagonal 43 #9-20, Cartagena",RBO 902,2868,CDA-56053,14-10-2019,2022.0,36699,1750,Peugeot,Gas,cvt,awd,carga,urbano,no,no,,no,false,false,no,0
Ernesto Pineda,57200410,3138587041,ernesto-pineda481@live.com,"Carrera 66 #4-80, Armenia",ZTB008,1047,CDA-43628,2023-07-30,2008.0,286967,2000,Kia,Gas,Mecanica,FWD,particular,Rural,false,1,si,true,no,false,no,1
Fabio Arévalo,784654711,3223639505,fabio.arévalo54@yahoo.com,"Carrera 85 #60-77, Bucaramanga",HVM108,1889,CDA-75397,2018-10-03,2014.0,214.462,1800,Volkswagen,,mecánica,awd,Escolar,suburbano,no,,no,false,no,0,yes,0
Mauricio Ruiz,899049597,3216598455,mauricio_ruiz268@yahoo.com,"Diagonal 18 #15-26, Cali",USZ 825,616,CDA-19523,2018-11-07,1995.0,753.105,2500,Honda,GSL,semiautomatica,FWD,PUBLICO,Mixto,si,yes,si,1,no,1,1,1
Patricia Mejía,320922797,3246556920,patriciamejía331@outlook.com,"Calle 15 #64-69, Cali",PZK997,1319,CDA-56428,2019/02/18,2002.0,269k,1100,Peugeot,hibrido,Automática,4x2,PARTICULAR,Suburbano,yes,no,no,1,no,no,no,1
Natalia Reyes,20102691,3008473983,natalia.reyes724@correo.com,"Carrera 7 #61-68, Manizales",NOI023,3167,CDA-26989,30-09-2024,2016.0,176604,1400,Mitsubishi,Gas Natural,Automatio,FWD,escolar,Suburbano,false,yes,false,no,no,si,0,1
Xiomara Pacheco,551006941,3029462753,xiomara_pacheco445@correo.com,"Carrera 23 #19-49, Manizales",JZJ534,2137,CDA-40453,03/10/2023,1996.0,721389,3500,Mazda,DIESEL,semiautomatica,FWD,escolar,URBANO,yes,1,si,no,0,no,1,1
Luis Rodríguez,183486236,3055650209,luis-rodríguez670@live.com,"Calle 47 #70-70, Cali",ZYH817,2701,CDA-29089,2023-11-03,2024.0,0,2000,Fiat,GASOLINA,semiautomatica,AWD,público,rural,no,0,no,,,,false,1
Patricia Mejía,223218488,3182996211,patricia_mejía811@live.com,"Diagonal 6 #41-23, Barranquilla",AKW-138,1773,CDA-87158,18/02/2019,2005.0,386.272,1400 cc,Chevrolet,GSL,CVT,4x4,público,Rural,1,no,no,si,si,false,false,1
Iván Salcedo,124163477,3126530787,iván.salcedo276@yahoo.com,"Avenida 51 #46-27, Villavicencio",RIQ453,2857,CDA-96877,05/06/2021,2001.0,451158 km,2500,Renault,gasolina,Automática,RWD,Escolar,URBANO,false,no,no,,yes,si,si,0
Claudia Vargas,286884172,3232019943,claudia-vargas759@outlook.com,"Transversal 112 #66-10, Cali",NOK620,132,CDA-11161,2023/10/02,2013.0,280656,3500,Chevrolet,Gasolina,manual,AWD,Escolar,Rural,false,no,si,false,false,0,yes,1
Gloria Mendoza,196994060,3012729778,gloria_mendoza24@live.com,"Circular 115 #27-42, Barranquilla",HIL112,78,CDA-77378,01-02-2024,2009.0,341361,3000,Kia,Gas,autom,4x2,carga,rural,no,0,no,false,1,no,yes,1
Adriana Parra,989806002,3234541216,adriana_parra948@hotmail.com,"Avenida 91 #80-39, Pereira",QGL 279,2053,CDA-49325,2022-10-19,2022.0,181926,2400,Nissan,eléctrico,Tiptronic,4x4,Carga,mixto,false,,false,false,no,,false,0
Esperanza Vega,272000826,3049720327,esperanza.vega924@gmail.com,"Avenida 5 #80-95, Barranquilla",TET-181,725,CDA-16944,2018/02/14,2023.0,15.8k km,1500,Fiat,nafta,semiautomatica,fwd,PARTICULAR,suburbano,no,0,0,no,no,0,,0
Viviana Suárez,299198194,3506615224,viviana.suárez51@gmail.com,"Avenida 88 #44-40, Cartagena",GZW459,1315,CDA-38369,2024/05/19,2005.0,476475,2000 cc,Mitsubishi,Gas,cvt,fwd,Escolar,RURAL,0,no,true,no,1,no,false,1
Sebastián Cruz,866201580,3115970228,,"Circular 118 #39-17, Medellín",WRD 118,1852,CDA-77008,29/01/2018,1999.0,957870,4000,Fiat,GNV,automatica,4X4,Publico,suburbano,true,no,,0,no,1,yes,1
Luis Rodríguez,264520374,3045321676,luis-rodríguez942@live.com,"Carrera 111 #20-81, Medellín",OOA 171,2526,CDA-52418,2020/03/19,2023.0,17.172,1500,Nissan,diesel,Mecanica,4x2,particular,rural,,0,0,false,false,false,,1
Ingrid Bermúdez,708110428,3042661861,ingrid-bermúdez947@yahoo.com,"Circular 106 #61-65, Pereira",GRZ936,3119,CDA-31844,2022/12/02,1997.0,887363,1100,Renault,,manul,4X2,público,Urbano,true,1,true,si,false,no,no,1
Carlos Martínez,11822468,3203563959,carlos-martínez239@live.com,,THE 200,1373,CDA-18322,18/06/2020,2021.0,,3000,Fiat,hibrido,Mecanica,RWD,PUBLICO,URBANO,si,no,no,,1,0,0,1
Guillermo Ávila,382178175,3239166609,guillermo-ávila342@live.com,"Circular 63 #8-81, Cartagena",GKW555,1856,CDA-37799,2019-03-28,2007.0,339k,,Honda,GSL,manual,AWD,publico,Mixto,0,no,0,yes,no,no,yes,1
Guillermo Ávila,161455443,3211913999,guillermo_ávila428@yahoo.com,"Calle 13 #71-58, Montería",NTG 866,1320,CDA-16186,14-04-2022,2023.0,23597,2000,Hyundai,gnv,Automatio,4x2,taxi,urbano,no,,false,si,false,false,false,0
Marcela Fuentes,675726833,3188028321,marcelafuentes768@hotmail.com,"Carrera 82 #7-67, Cali",HCC625,3154,CDA-37373,,2010.0,310643 km,2600,Nissan,gnv,automatica,FWD,público,Urbano,yes,0,0,,0,,0,1
Ernesto Pineda,999286742,3048695400,ernestopineda15@gmail.com,"Diagonal 51 #56-13, Cartagena",DEV774,2390,CDA-71958,2022-09-15,1998.0,851873 km,2500,Ford,,automatica,rwd,taxi,Suburbano,true,si,no,si,no,yes,,1
Natalia Reyes,386729602,3105057769,nataliareyes444@live.com,"Diagonal 77 #23-22, Ibagué",GJO-008,376,CDA-98710,,2003.0,242485,1200,Ford,diesel,,4x4,Particular,suburbano,1,false,false,0,no,0,,1
Jhon Morales,1002993608,3109600276,jhonmorales327@correo.com,"Carrera 35 #81-91, Cali",NYN367,1909,CDA-49184,2023/01/05,1997.0,433.2k km,1600cc,Suzuki,Gas,Automatio,awd,Taxi,Urbano,1,no,no,no,false,,false,0
Mónica Aguirre,224250758,3239774395,mónica.aguirre524@hotmail.com,"Calle 84 #63-1, Neiva",SWP805,334,CDA-87264,07/05/2022,2005.0,378k,4000cc,Renault,Gas,manual,awd,Taxi,suburbano,no,no,no,no,no,,0,1
,901233744,3184682976,alejandro_zapata505@hotmail.com,"Carrera 45 #35-66, Pasto",ZIR 292,2799,CDA-78581,21/06/2020,2001.0,,1800cc,Kia,GSL,AUTOMATICA,FWD,PARTICULAR,mixto,si,yes,si,true,si,false,no,1
Iván Salcedo,824478265,3142368184,iván_salcedo966@outlook.com,"Avenida 52 #91-53, Cali",CQN470,2532,CDA-94449,2023/04/19,2007.0,184k,1400 cc,Peugeot,diesel,MANUAL,awd,PARTICULAR,rural,0,no,false,no,no,no,no,0
Ingrid Bermúdez,541734272,3161479592,ingridbermúdez827@correo.com,"Calle 40 #18-66, Villavicencio",DEM 287,1605,CDA-40077,16/08/2023,2013.0,235.173 km,2550,Fiat,Gas Natural,Mecanica,AWD,Carga,Urbano,false,0,1,no,false,true,false,1
Laura García,187809941,,laura-garcía791@outlook.com,"Avenida 83 #57-59, Montería",CPN-323,1119,CDA-34921,18-04-2024,2008.0,424131,1400,Chevrolet,gasolina,autom,4x4,taxi,suburbano,,no,1,false,false,1,no,1
Darío Acosta,377952876,3044285105,darío-acosta463@outlook.com,"Diagonal 81 #13-94, Neiva",RDB933,3106,CDA-52574,2021/09/07,2011.0,360k,2000,Kia,nafta,cvt,awd,Escolar,rural,si,si,no,false,si,no,no,1
María López,220481837,3507451488,maría-lópez235@hotmail.com,"Calle 65 #84-50, Villavicencio",XTS 531,1944,CDA-25323,,2019.0,67278,1000,Mazda,Diesel,MANUAL,FWD,PARTICULAR,URBANO,0,0,0,false,0,no,0,0
Iván Salcedo,209694244,3505478464,iván_salcedo359@correo.com,"Circular 84 #76-14, Montería",WKS-276,2788,CDA-74034,15/05/2018,1998.0,397257,1150,Renault,Gasolina,Automática,RWD,publico,Urbano,yes,si,false,si,1,no,0,1
Omar Leal,345568844,3506525559,omarleal445@hotmail.com,"Transversal 75 #37-27, Armenia",JFT888,2769,CDA-38520,2020-03-11,2001.0,291.549 km,2200,Kia,Gasolina,AUTOMATICA,4X2,particular,URBANO,no,0,1,true,true,si,false,1
Patricia Díaz,154366517,3204641790,patricia.díaz326@hotmail.com,"Calle 43 #53-24, Cartagena",TBD816,1343,CDA-43376,2022/04/24,2016.0,226k,1100cc,Suzuki,GSL,Manual,awd,Publico,mixto,false,no,0,true,false,false,no,0
Carlos Martínez,214947648,3195371673,carlosmartínez686@yahoo.com,"Circular 15 #51-7, Villavicencio",MBA280,321,CDA-25365,17/03/2018,2021.0,77.182,1200,Mitsubishi,nafta,cvt,4x2,Taxi,Mixto,0,false,no,0,false,,false,0
Mauricio Ruiz,888124957,3128709941,mauricio.ruiz483@outlook.com,"Transversal 40 #13-18, Pasto",CCV465,1620,CDA-61543,2024-11-01,2017.0,235293 km,1200,Mazda,Híbrido,Tiptronic,rwd,TAXI,Rural,false,no,no,si,,false,,0
Marcela Fuentes,233873493,3179348517,marcelafuentes501@yahoo.com,"Circular 42 #72-71, Bucaramanga",ZKP036,2686,CDA-42982,24/06/2021,2020.0,65690,1150,Kia,GSL,Automática,4x2,PARTICULAR,rural,1,1,no,no,0,no,no,1
Alejandro Zapata,121794081,3043796114,alejandrozapata245@yahoo.com,"Diagonal 67 #36-58, Cartagena",IOB510,2061,CDA-99970,23/12/2023,2003.0,659k,1000,Peugeot,,Tiptronic,4x2,Escolar,mixto,si,yes,0,yes,0,true,false,1
Laura García,654936042,3224467249,lauragarcía944@correo.com,"Carrera 59 #10-16, Bogotá",IJT545,2220,CDA-23410,2022/07/25,2022.0,46294,2200,Ford,Gas Natural,manual,4x2,escolar,URBANO,0,,no,no,0,yes,no,0
Gustavo Barrera,585073880,3502200152,gustavobarrera982@hotmail.com,"Transversal 118 #57-23, Barranquilla",IQP 198,1674,CDA-41719,2024-07-29,2014.0,108491 km,1500,Peugeot,gnv,CVT,rwd,particular,mixto,,no,si,no,false,0,1,1
Héctor Montoya,,3194119653,héctor.montoya497@gmail.com,"Circular 87 #38-58, Bucaramanga",SRC279,1943,CDA-24896,06-08-2019,2004.0,540369,1100,Kia,,Automática,4X2,Taxi,urbano,false,1,true,no,0,0,0,1
Esperanza Vega,965453416,3163719631,esperanza.vega186@hotmail.com,"Carrera 13 #83-78, Pasto",BXN154,261,CDA-22381,2019/04/05,2019.0,90k,1100 cc,Kia,Gasolina,semiautomatica,4X2,TAXI,Suburbano,no,no,no,no,no,no,,0
Viviana Suárez,919706601,3112144572,viviana-suárez348@live.com,"Calle 62 #3-18, Barranquilla",QWR196,2586,CDA-52671,14-08-2020,1997.0,2385,1100,Suzuki,GNV,MANUAL,AWD,Publico,Rural,false,1,true,0,true,false,false,1
Laura García,1094010798,3148053966,lauragarcía650@correo.com,"Calle 6 #57-54, Manizales",BJZ 778,2040,CDA-49673,03-05-2019,2008.0,112.626,1200cc,Peugeot,hibrido,MANUAL,4X2,PARTICULAR,Mixto,no,0,no,,true,no,no,1
Guillermo Ávila,448091997,3152693424,,"Avenida 70 #31-94, Cúcuta",NFE 122,690,CDA-38519,13/10/2022,1998.0,736.631,1100 cc,Honda,Gasolina,MANUAL,FWD,carga,rural,true,1,si,true,si,false,no,1
Catalina Ortiz,163930128,3167338467,catalina.ortiz976@correo.com,"Circular 55 #50-48, Cúcuta",YBS874,902,CDA-25251,28/02/2018,2007.0,374849,4000cc,Fiat,,autom,4x4,Publico,suburbano,yes,0,false,true,yes,no,yes,1
Viviana Suárez,744321820,3199066960,viviana_suárez914@live.com,"Diagonal 97 #10-51, Villavicencio",YUH465,2307,CDA-82509,2021/11/10,2010.0,413705 km,1200,Suzuki,Híbrido,cvt,awd,Carga,Urbano,true,0,si,no,1,true,no,1
Héctor Montoya,810579296,3019990429,héctor.montoya897@hotmail.com,"Circular 101 #55-9, Medellín",RQP365,2027,CDA-41123,2023-05-31,2016.0,308k,1000,Hyundai,GNV,,AWD,TAXI,mixto,no,no,false,false,no,0,si,1
Natalia Reyes,911345832,3134088321,natalia.reyes917@outlook.com,"Avenida 22 #26-45, Manizales",NUZ-495,139,CDA-88266,27/06/2024,2010.0,435419,2500cc,Suzuki,,mecánica,awd,Publico,mixto,no,1,0,no,si,no,0,1
Andrés Torres,789756844,3224781211,andréstorres446@hotmail.com,"Diagonal 21 #89-31, Neiva",CEZ772,1918,CDA-16730,2020-09-02,2005.0,386k,2400,Kia,GSL,Tiptronic,4x4,publico,Urbano,no,no,no,si,0,false,0,1
Ana Gómez,388463076,3109132051,anagómez582@outlook.com,"Carrera 13 #43-53, Cali",XMU-263,1829,CDA-42715,10-05-2019,2010.0,339.648,1500 cc,Toyota,hibrido,CVT,FWD,TAXI,suburbano,si,0,true,0,no,yes,0,1
Luis Rodríguez,118723331,3117062299,luis.rodríguez603@correo.com,"Avenida 44 #39-73, Ibagué",RIN297,1574,CDA-82794,24/10/2024,2003.0,186803,1200,Hyundai,gasolina,tiptronic,4x2,Particular,urbano,yes,yes,,no,no,,0,0
Marcela Fuentes,167355973,3162042030,marcela.fuentes776@live.com,"Carrera 6 #19-89, Pereira",TPS551,320,CDA-34097,25-06-2021,2015.0,129729,3000,Mazda,gnv,Tiptronic,4X4,Particular,mixto,false,true,si,false,si,no,no,1
Carlos Martínez,782176327,3114396359,carlos.martínez472@live.com,"Carrera 52 #81-50, Bogotá",HHL904,654,CDA-99051,22-11-2021,2006.0,300619,2500,Hyundai,Gasolina,semiautomatica,4x4,Escolar,Suburbano,no,0,no,true,0,true,no,1
María López,1007772718,3024555952,maría-lópez932@outlook.com,"Circular 77 #87-25, Barranquilla",YDW 098,2138,CDA-12584,13/01/2024,2004.0,732.4k km,2500,Volkswagen,diesel,Mecanica,4X2,Taxi,urbano,no,,no,0,no,,no,0
Roberto Nieto,983684720,3215064445,roberto-nieto669@hotmail.com,"Circular 82 #97-85, Cúcuta",KIW520,2553,CDA-79802,2020-12-09,1998.0,608902,2500,Fiat,gas,Manual,awd,Particular,Rural,true,no,si,false,true,no,,1
Ingrid Bermúdez,334035014,3122723160,ingrid.bermúdez564@yahoo.com,"Calle 68 #70-7, Neiva",ITV977,559,CDA-11569,2018-02-13,1800.0,810793 km,1400,Honda,hibrido,Tiptronic,FWD,carga,Mixto,si,si,yes,true,yes,no,no,1
Luis Rodríguez,626682268,3204593201,luis-rodríguez714@yahoo.com,"Carrera 83 #27-80, Barranquilla",SIR328,2188,CDA-25684,15/08/2018,2010.0,309.061,1250,Fiat,gas,Tiptronic,FWD,Carga,urbano,true,no,no,1,si,false,0,1
Mauricio Ruiz,127268259,3114361682,mauricio-ruiz805@gmail.com,"Circular 61 #89-89, Cartagena",IPZ641,113,CDA-15530,16/01/2018,1998.0,397k,1800 cc,Renault,gasolina,Automática,4x2,Particular,suburbano,no,yes,no,0,false,no,false,1
Marcela Fuentes,926811046,3208190888,marcelafuentes168@gmail.com,"Diagonal 29 #38-33, Cúcuta",XJM416,532,CDA-52726,21/03/2021,2019.0,62692,1400,Dodge,GASOLINA,AUTOMATICA,4x2,TAXI,Rural,0,no,false,no,no,0,no,0
Marcela Fuentes,142134843,3151629833,marcela.fuentes874@yahoo.com,"Carrera 27 #98-46, Barranquilla",GIS321,225,CDA-88624,2023-03-26,2004.0,429210 km,2200,Peugeot,gas,autom,4x2,carga,Urbano,si,0,false,true,0,false,no,1
Mauricio Ruiz,1021621749,3016894863,mauricio.ruiz349@gmail.com,"Circular 49 #48-7, Cúcuta",KSQ962,724,CDA-72825,17/11/2018,1998.0,232870,2400cc,Hyundai,Gas,automatica,4X2,Publico,RURAL,,no,no,true,true,yes,no,1
Héctor Montoya,448848376,3211519748,héctormontoya326@correo.com,"Carrera 43 #36-84, Ibagué",DER581,2666,CDA-88613,17/09/2018,2010.0,123870 km,1400,Fiat,Gas,tiptronic,4X2,particular,Suburbano,true,false,0,no,,no,no,1
Jhon Morales,136061902,3176467178,jhon_morales810@live.com,"Transversal 117 #70-48, Pasto",ZMR-107,2822,CDA-73093,2022-10-23,2000.0,451.277,2200,Suzuki,gnv,Tiptronic,4x2,Particular,Rural,no,yes,0,1,,false,si,1
Mauricio Ruiz,758654258,3232584081,mauricio_ruiz870@live.com,"Calle 78 #44-23, Manizales",UEH152,1434,CDA-13347,06/07/2024,2013.0,226896,1800cc,Mazda,Gas Natural,AUTOMATICA,awd,Taxi,rural,si,no,no,false,si,true,false,1
Marcela Fuentes,33583962,3246613657,marcela.fuentes712@hotmail.com,"Calle 73 #36-13, Pasto",ZZW906,2561,CDA-72171,2023-04-25,2007.0,295.728,1200,Mitsubishi,diesel,Automática,AWD,público,Mixto,true,yes,,no,no,no,si,1
Ernesto Pineda,322855898,3023857434,ernesto.pineda289@outlook.com,"Circular 88 #16-86, Bucaramanga",DEZ209,2632,CDA-34184,29/12/2023,2007.0,290.433,1400,Mitsubishi,hibrido,Mecanica,rwd,particular,urbano,no,no,false,0,no,false,,0
Fabio Arévalo,152326555,3059517923,fabio_arévalo734@yahoo.com,"Avenida 56 #32-48, Armenia",FAK522,1459,CDA-67585,07/06/2021,2001.0,797482,1400cc,Ford,nafta,manul,fwd,publico,Urbano,yes,si,true,si,1,yes,no,1
Omar Leal,798924305,3239821810,omar.leal14@hotmail.com,"Calle 90 #6-78, Ibagué",PZC 940,2965,CDA-45489,03-10-2021,2010.0,478423,1200,Toyota,eléctrico,,4X2,carga,Rural,0,1,yes,no,true,true,no,1
Viviana Suárez,483204209,3056997671,viviana_suárez790@correo.com,"Circular 3 #39-98, Medellín",MEC-617,847,CDA-49463,23-06-2021,0.0,489k,1000 cc,Chevrolet,Gasolina,Manual,4X4,Escolar,URBANO,1,no,0,si,no,yes,false,1
Andrés Torres,319007375,3234176691,andrés.torres193@hotmail.com,"Carrera 21 #51-82, Armenia",PNH487,194,CDA-99591,2019-10-23,1998.0,244.248,1000 cc,Suzuki,GASOLINA,tiptronic,,Particular,URBANO,1,,1,si,yes,true,0,1
Adriana Parra,398197552,3055263770,adriana.parra397@outlook.com,"Transversal 63 #24-31, Ibagué",CRI055,1465,CDA-98275,12/03/2023,2014.0,206460,2000,Nissan,hibrido,mecánica,AWD,público,Mixto,,true,no,no,no,false,no,0
Andrés Torres,833894038,3123758739,andrés_torres911@outlook.com,"Carrera 83 #87-45, Bogotá",JDF179,947,CDA-45814,28/11/2020,1998.0,288.8k km,2450,Chevrolet,,cvt,rwd,PUBLICO,urbano,true,false,0,no,yes,1,,0
Gustavo Barrera,754124654,3504141824,gustavobarrera315@outlook.com,"Avenida 96 #6-56, Bogotá",DDG016,2022,CDA-35634,11-10-2023,2015.0,243722,1500,Ford,GASOLINA,manual,4X2,público,URBANO,no,false,0,,no,false,no,1
José Hernández,495937217,3044659507,joséhernández559@live.com,"Carrera 20 #22-46, Barranquilla",FVV490,1630,CDA-20462,01/07/2019,1998.0,816290,1100,Toyota,GNV,CVT,fwd,carga,Rural,,yes,false,no,true,no,yes,1
Marcela Fuentes,390612716,3227557366,marcela.fuentes694@yahoo.com,"Avenida 23 #28-92, Bogotá",NLB656,118,CDA-50412,2024-09-16,2019.0,48704,1300,Renault,GAS,Manual,4X4,particular,Suburbano,0,yes,no,1,yes,si,no,0
Roberto Nieto,40613233,3127456436,roberto-nieto424@gmail.com,"Transversal 2 #47-75, Cúcuta",WWT502,646,CDA-69777,2024/02/16,2003.0,482046,3000 cc,Hyundai,Gas,Automática,,Taxi,suburbano,si,,no,no,yes,0,no,1
Diana Herrera,883558392,3245262168,diana.herrera569@hotmail.com,"Circular 105 #41-18, Neiva",MNV061,1871,CDA-12226,17/08/2021,2009.0,250.608,,Chevrolet,gasolina,Automatio,4x2,Escolar,Urbano,no,true,0,0,no,false,no,1
Omar Leal,182038057,3022140194,omar-leal414@gmail.com,"Transversal 32 #75-77, Bogotá",KPN927,4,CDA-98039,16-02-2023,1995.0,633755,,Fiat,Gas Natural,Automática,4x4,particular,Rural,1,yes,no,no,1,true,,1
Viviana Suárez,193194412,3179584338,viviana-suárez388@live.com,"Carrera 117 #43-73, Armenia",DWE-743,75,CDA-92110,23/06/2019,0.0,,1800,hiunday,Gas,semiautomatica,RWD,público,mixto,no,0,no,0,no,true,no,0
Laura García,547306556,3194419530,laura.garcía317@gmail.com,"Circular 120 #72-86, Bogotá",SQY422,1756,CDA-62293,2024-08-22,2022.0,42362 km,1600,Nissan,Diesel,Automatio,4x2,particular,rural,no,false,no,no,false,no,0,1
Jhon Morales,927653725,3201600836,jhon-morales780@live.com,"Avenida 57 #68-94, Bucaramanga",FAG 832,468,CDA-47322,30-01-2018,2000.0,736351 km,2000,chevrolet,hibrido,automatica,FWD,Publico,Mixto,yes,true,si,yes,true,0,1,1
Gloria Mendoza,258347436,3234188992,gloriamendoza2@live.com,"Transversal 88 #93-95, Pasto",JBR-338,6,CDA-50538,2021/08/29,2000.0,557855,2450,Hyundai,Gas,Manual,4X4,Carga,urbano,yes,no,no,false,false,true,false,1
Marcela Fuentes,655013437,3224178634,marcela_fuentes890@hotmail.com,"Transversal 45 #59-90, Villavicencio",IWM019,1247,CDA-20001,28/03/2021,2018.0,151.533,1400,TOYOTA,eléctrico,manul,rwd,carga,Urbano,1,false,false,true,no,false,no,1
Andrés Torres,982761133,3148256550,andrés_torres238@live.com,"Calle 68 #67-22, Pereira",AGT331,920,CDA-80692,06/11/2020,1997.0,714k,2000,Honda,Gasolina,AUTOMATICA,fwd,Escolar,,1,no,yes,false,no,no,1,1
Yolanda Cárdenas,262984907,3238283798,yolanda-cárdenas416@live.com,"Transversal 87 #19-56, Villavicencio",UJJ408,229,CDA-65830,20/08/2019,2013.0,215.987,4000cc,Ford,Gasolina,mecánica,AWD,taxi,Urbano,no,no,yes,si,true,no,0,0
Ana Gómez,534019286,3113845138,ana-gómez202@correo.com,"Calle 51 #74-97, Cúcuta",WGT619,1064,CDA-33072,2024-02-05,2011.0,155377,1400,Kia,Híbrido,cvt,4x4,Publico,Urbano,,no,yes,false,yes,true,0,1
Ana Gómez,932311826,3201498015,ana.gómez342@hotmail.com,"Carrera 78 #52-21, Armenia",YXV841,243,CDA-41529,2023-04-30,2018.0,103634,1600,Fiat,Gas Natural,,4X2,particular,RURAL,yes,si,false,false,yes,0,,1
Sebastián Cruz,288519587,3029929187,sebastián_cruz273@correo.com,"Calle 104 #40-21, Montería",HWG922,2508,CDA-83479,02-09-2020,2010.0,288k,1800,Mazda,GASOLINA,Mecanica,4x2,Particular,RURAL,true,0,si,1,no,no,0,1
Iván Salcedo,306834210,3183056151,iván.salcedo427@live.com,"Carrera 14 #92-81, Cali",XIG813,1161,CDA-61254,2021-12-30,2010.0,87562,2500 cc,Renault,GSL,semiautomatica,4x2,,mixto,false,no,true,si,yes,false,true,0
Fabio Arévalo,504099903,3225819608,fabio-arévalo540@gmail.com,"Avenida 50 #79-35, Cúcuta",NXE139,2761,CDA-96999,2018-03-27,2005.0,564.707,1000,Hyundai,Gasolina,mecánica,4X4,Publico,suburbano,true,true,1,0,true,0,no,1
Camilo Rojas,290685420,3217819090,camilorojas673@outlook.com,"Diagonal 2 #73-4, Medellín",ACW727,1527,CDA-57919,15/05/2021,2008.0,626150,1000,Volkswagen,DIESEL,Tiptronic,awd,Taxi,suburbano,true,no,no,0,yes,no,yes,1
Claudia Vargas,685969502,3125223164,claudia-vargas707@live.com,"Transversal 50 #29-20, Medellín",UYB822,1606,CDA-38627,25-02-2020,2013.0,196350,3500cc,Honda,Diesel,Automatio,rwd,Publico,Urbano,false,false,0,no,no,no,,1
Gustavo Barrera,854105876,3223789976,gustavobarrera149@yahoo.com,"Avenida 92 #79-50, Barranquilla",TAA-969,3116,CDA-86984,06-08-2018,1998.0,419.422,3500,Toyota,gasolina,Mecanica,rwd,PARTICULAR,suburbano,yes,0,0,true,,si,false,1
Catalina Ortiz,551974247,3015786050,catalina_ortiz982@correo.com,"Calle 66 #57-23, Pereira",JZG700,1672,CDA-32792,28/05/2021,2005.0,422k,2200,Ford,gasolina,Automatio,4X4,escolar,Suburbano,no,1,true,no,no,no,no,1
Carlos Martínez,618462672,3145065125,,"Calle 62 #55-62, Medellín",SSE-319,1394,CDA-95954,01-12-2019,2015.0,234.216 km,2000,Hyundai,GNV,Mecanica,RWD,publico,Suburbano,no,no,0,false,yes,false,,0
Fabio Arévalo,1050021142,3173925476,fabio.arévalo995@live.com,"Avenida 84 #10-58, Manizales",STS813,2795,CDA-30527,24-05-2019,2019.0,123821,4000cc,Chevrolet,diesel,CVT,4X2,Escolar,suburbano,no,,no,no,1,1,false,1
Iván Salcedo,177803935,3141396022,iván-salcedo300@yahoo.com,"Diagonal 4 #60-91, Bucaramanga",KRK410,1990,CDA-33155,26/07/2019,2021.0,84718 km,,Mitsubishi,gnv,Automática,awd,Publico,rural,no,0,true,0,false,0,no,1
Camilo Rojas,791157341,3161579271,camilo_rojas714@correo.com,"Carrera 20 #89-6, Pasto",ZXT594,2584,CDA-33513,2021-12-04,2020.0,136k,3000 cc,Suzuki,GSL,Tiptronic,4X2,Taxi,rural,,true,no,no,no,0,si,1
Carlos Martínez,894065824,3238253496,carlos.martínez533@hotmail.com,"Circular 108 #16-49, Pasto",KIZ-929,2363,CDA-20931,2019/06/25,2021.0,40746,2200 cc,Mitsubishi,Diesel,AUTOMATICA,AWD,PUBLICO,Mixto,yes,0,no,no,no,false,,1
Darío Acosta,518018251,3213156537,daríoacosta369@outlook.com,"Transversal 79 #6-27, Manizales",GDW728,1976,CDA-50195,2020/08/22,2012.0,159020,1450,Honda,diesel,manul,4X4,PARTICULAR,mixto,1,0,true,yes,,false,si,1
Patricia Mejía,255016752,3059980528,patricia_mejía562@outlook.com,"Circular 86 #6-34, Cartagena",DRI518,1762,CDA-21126,19/11/2021,2019.0,152829,1300,Nissan,GNV,tiptronic,rwd,TAXI,Mixto,no,false,no,false,no,0,false,0
Lina Santana,284570094,3221129715,lina_santana858@live.com,"Calle 15 #1-47, Pereira",UZU-742,1306,CDA-57467,2023/12/15,2020.0,73045,1200,Kia,Electrico,Mecanica,AWD,Publico,Suburbano,no,no,no,no,no,0,,0
Sandra Castro,885480033,3141440173,sandra.castro75@correo.com,"Diagonal 53 #2-96, Medellín",NGZ 092,1542,CDA-57737,29/04/2018,1996.0,1072k,1200,Suzuki,Electrico,AUTOMATICA,4x4,taxi,suburbano,false,no,1,,si,no,no,1
Ana Gómez,1001797723,3237327245,anagómez233@hotmail.com,"Carrera 22 #34-30, Cartagena",EWQ593,623,CDA-24314,2020-12-23,1995.0,1134k,,Kia,GSL,mecánica,rwd,carga,mixto,,true,0,0,yes,true,false,1
Viviana Suárez,396360640,3504171147,viviana.suárez492@hotmail.com,"Diagonal 15 #82-36, Cali",AVT897,2544,CDA-71098,2019/10/25,2008.0,362982,1300 cc,Dodge,DIESEL,automatica,4x4,carga,Rural,false,no,true,si,true,no,0,1
Xiomara Pacheco,438373957,3115804957,xiomara-pacheco496@gmail.com,"Circular 54 #20-96, Bucaramanga",SRG 639,1494,CDA-98248,2019/10/08,2016.0,211.073,1250,Honda,GASOLINA,Tiptronic,fwd,Escolar,Rural,no,si,0,no,false,no,0,0
Darío Acosta,426118453,3233944885,darío-acosta764@gmail.com,"Transversal 110 #30-67, Pasto",ERZ652,111,CDA-65982,01-08-2018,2007.0,108214,2400,Kia,Gas,automatica,FWD,PARTICULAR,Urbano,1,false,false,yes,yes,no,,0
Mónica Aguirre,620859738,3043622923,mónicaaguirre536@correo.com,"Circular 58 #76-83, Ibagué",JKD 480,2276,CDA-81056,2024/04/21,1997.0,455.120 km,1400,Mazda,GASOLINA,Manual,FWD,carga,mixto,,,1,1,0,false,1,1
Diana Herrera,102264606,,diana.herrera55@correo.com,"Calle 8 #83-92, Cúcuta",LAT547,2665,CDA-41243,2023/07/14,2007.0,484.058,4000,Mazda,Híbrido,CVT,AWD,Carga,URBANO,0,0,no,1,no,no,0,1
Gustavo Barrera,307943601,3024178554,gustavo-barrera670@gmail.com,"Avenida 20 #22-70, Ibagué",SCR 121,1170,CDA-54466,,2013.0,345.406,2500 cc,Peugeot,Gasolina,CVT,fwd,PUBLICO,suburbano,0,si,si,0,false,false,no,1
Camilo Rojas,283657485,3113995186,camilo.rojas718@gmail.com,"Avenida 19 #4-15, Villavicencio",COT881,2884,CDA-54248,25/06/2022,2010.0,398057,2000,Renault,,cvt,AWD,Escolar,RURAL,false,si,si,no,no,no,no,1
Patricia Mejía,151771006,3146817992,patriciamejía986@gmail.com,"Diagonal 12 #46-23, Barranquilla",KKF760,233,CDA-20222,2018/09/18,2019.0,76025,1100,Honda,gas,mecánica,fwd,PARTICULAR,urbano,0,false,false,no,false,no,false,0
Marcela Fuentes,593825892,3225510085,marcela.fuentes187@hotmail.com,"Circular 59 #80-58, Bucaramanga",MID909,67,CDA-67464,2020-08-11,2003.0,317184 km,1400cc,Ford,GASOLINA,manual,4x4,PARTICULAR,rural,yes,no,1,no,si,no,no,1
Diana Herrera,584586990,3145831685,dianaherrera804@yahoo.com,"Diagonal 83 #17-24, Barranquilla",ATW932,2972,CDA-38482,22-12-2024,2009.0,367278,1250,Kia,Gasolina,tiptronic,rwd,publico,urbano,si,yes,no,no,0,no,no,1
Felipe Ramos,549585035,3114086786,felipe-ramos488@correo.com,"Circular 87 #73-15, Bucaramanga",RKA320,2073,CDA-36908,16/12/2018,2004.0,513298,1300,Nissan,Diesel,semiautomatica,awd,Escolar,suburbano,0,0,,si,,true,0,0
Fabio Arévalo,83756250,3502978668,fabioarévalo916@hotmail.com,"Circular 103 #2-97, Manizales",HMS471,2193,CDA-79086,08/11/2020,2009.0,602k,3500,Chevrolet,GSL,AUTOMATICA,4X4,carga,Mixto,no,0,no,no,1,no,0,0
Ernesto Pineda,749899513,3138878309,ernestopineda771@correo.com,"Transversal 13 #74-25, Neiva",PEO277,537,CDA-39218,2018/01/04,2023.0,18546 km,3500 cc,Fiat,gnv,AUTOMATICA,rwd,carga,RURAL,no,no,no,no,no,false,no,0
María López,493044325,,maríalópez281@correo.com,"Transversal 24 #50-62, Villavicencio",HDI785,126,CDA-61615,2024/01/07,2006.0,745711,3500cc,Renault,GSL,manul,fwd,Taxi,,yes,no,yes,no,0,no,false,1
Lina Santana,,3021270166,lina.santana679@hotmail.com,"Carrera 65 #60-49, Bogotá",HLQ256,2134,CDA-61530,2020/10/11,2004.0,588k,2400 cc,Chevrolet,Gasolina,Automática,FWD,Escolar,Suburbano,0,no,,0,si,no,yes,1
Xiomara Pacheco,1030487359,,xiomara.pacheco338@live.com,"Carrera 99 #49-65, Cúcuta",SBR-179,1255,CDA-46663,2022-05-04,2010.0,478905 km,1800 cc,Kia,nafta,tiptronic,4x4,público,Rural,no,si,no,si,0,0,no,1
Ernesto Pineda,876078151,3104752052,ernesto.pineda624@yahoo.com,"Transversal 15 #58-24, Pasto",ZUL585,2728,CDA-44146,2021-04-09,1997.0,946648,900,mazda,hibrido,,4x4,Publico,Mixto,si,yes,no,false,1,true,0,1
Diana Herrera,656712326,3205545895,diana-herrera423@correo.com,"Avenida 110 #68-87, Bogotá",MFJ-589,1977,CDA-70998,2020-03-22,2004.0,668616,4000,Hyundai,gasolina,Tiptronic,awd,Escolar,rural,yes,no,1,false,si,no,0,1
Adriana Parra,656705397,3201449435,adriana-parra786@yahoo.com,"Calle 20 #85-11, Ibagué",PYQ-271,2703,CDA-41584,13-03-2020,2020.0,160368 km,1200cc,Dodge,gas,Automatio,fwd,taxi,Urbano,no,1,false,0,no,no,1,1
Esperanza Vega,564974881,3248929116,esperanzavega587@gmail.com,"Circular 72 #81-10, Manizales",SDP810,2985,CDA-21112,02/09/2019,2015.0,113295,2000 cc,Fiat,DIESEL,Automatio,fwd,Publico,URBANO,yes,false,1,si,no,no,si,1
Felipe Ramos,895202173,3152425656,felipe-ramos213@gmail.com,"Circular 29 #85-55, Armenia",DLQ-417,2076,CDA-67585,12-01-2021,2004.0,452589,2200,Toyota,nafta,Tiptronic,4X2,TAXI,Rural,0,0,0,false,true,no,true,1
Camilo Rojas,,3142790029,camilorojas69@outlook.com,"Transversal 44 #56-33, Villavicencio",NYI121,485,CDA-11616,2021-10-26,2003.0,405.874 km,1500,Mazda,GASOLINA,semiautomatica,fwd,publico,Mixto,false,1,no,0,,0,0,1
Ingrid Bermúdez,213880472,3049276981,ingrid_bermúdez850@live.com,"Transversal 20 #57-88, Manizales",PLM854,1655,CDA-28191,06/05/2024,2018.0,99.139,3400,Mazda,Gas,manul,4X2,particular,Suburbano,no,false,true,no,no,no,false,1
Andrés Torres,146363137,3024597312,andréstorres338@outlook.com,"Diagonal 27 #59-5, Armenia",FSP297,2937,CDA-85455,13-06-2023,2021.0,61410,3500,Fiat,Híbrido,autom,fwd,TAXI,rural,yes,no,no,false,true,0,no,1
Iván Salcedo,12846225,3196955272,iván-salcedo276@live.com,"Carrera 105 #31-11, Bogotá",SLM 540,2494,CDA-64835,30/03/2022,2004.0,716544,1300,Ford,Gas,autom,4X4,PUBLICO,URBANO,0,false,0,true,no,si,no,0
Catalina Ortiz,372813014,3208815830,catalina.ortiz347@correo.com,"Circular 20 #49-52, Cartagena",KWI175,2640,CDA-91611,2022/09/15,2012.0,335813,1300 cc,Ford,GAS,Automática,rwd,TAXI,Urbano,,,true,no,false,1,no,1
Esperanza Vega,1018365245,3047622679,esperanzavega696@outlook.com,"Diagonal 69 #89-94, Manizales",WUA938,1775,CDA-59343,15/12/2021,1998.0,505218,1300,Suzuki,GAS,semiautomatica,4x2,carga,mixto,no,false,false,false,,false,yes,1
Laura García,48447516,3238421269,laura-garcía246@hotmail.com,"Circular 57 #30-39, Montería",PGJ536,2411,CDA-15946,01/11/2018,1998.0,809661,2400 cc,Nissan,DIESEL,Manual,awd,PUBLICO,urbano,si,0,si,0,false,1,si,1
Felipe Ramos,885744299,3021290011,felipe.ramos865@hotmail.com,"Carrera 9 #24-25, Bogotá",KEN490,919,CDA-15536,28/04/2018,1998.0,562k,1600,Dodge,eléctrico,Manual,AWD,Escolar,Urbano,1,no,,true,no,no,0,1
Laura García,604105462,3113493740,laura_garcía208@yahoo.com,"Diagonal 11 #96-31, Cartagena",PZI614,1647,CDA-43083,2023-07-11,2012.0,293616 km,2200 cc,Mitsubishi,Gas Natural,Manual,4X4,TAXI,rural,no,no,si,no,no,no,no,0
Roberto Nieto,388192012,3223594410,roberto.nieto494@yahoo.com,"Transversal 114 #42-91, Ibagué",THQ 913,1027,CDA-26908,26-10-2018,1998.0,657k,3000,Dodge,Electrico,autom,4X2,carga,urbano,1,yes,yes,yes,si,1,si,1
Omar Leal,493976642,3041954386,omar.leal48@live.com,"Avenida 78 #93-68, Ibagué",ROW-599,1031,CDA-91537,04/11/2023,1996.0,645950,1600 cc,Peugeot,gasolina,Tiptronic,,carga,Mixto,1,0,si,true,,1,no,1
Lina Santana,809739043,3185617760,,"Transversal 114 #39-23, Pasto",VRO-501,883,CDA-22686,06-06-2024,2001.0,490571,2200cc,Volkswagen,GSL,manul,awd,publico,RURAL,1,yes,0,,true,no,false,1
Yolanda Cárdenas,187692401,3138282123,yolanda.cárdenas366@hotmail.com,"Diagonal 98 #78-44, Medellín",JHJ740,1336,CDA-33770,2022/07/13,2002.0,494380,1500,Honda,eléctrico,manul,4x4,TAXI,URBANO,0,si,no,false,false,false,false,1
Patricia Mejía,210803765,3232861264,patricia-mejía357@live.com,"Carrera 50 #19-54, Barranquilla",ZWG-937,2763,CDA-40638,16/09/2022,1995.0,919739,1300 cc,Renault,Gas,manul,awd,Publico,Suburbano,no,yes,yes,0,true,,false,1
Guillermo Ávila,78018891,3146354067,guillermo_ávila739@gmail.com,"Transversal 35 #52-60, Cali",ALH977,365,CDA-68567,01/07/2023,2012.0,362112 km,2950,Honda,eléctrico,mecánica,awd,publico,URBANO,false,1,no,false,no,no,false,1
Héctor Montoya,447181980,3178670619,héctor_montoya479@live.com,"Calle 107 #85-52, Cali",OBS994,2126,CDA-58709,27/10/2021,2021.0,87.310,1000,Nissan,Híbrido,MANUAL,awd,carga,rural,yes,0,yes,0,no,no,0,1
Sebastián Cruz,626854028,3501992583,sebastián.cruz668@live.com,"Circular 93 #5-23, Manizales",EXZ 349,28,CDA-14910,,2010.0,389448,1400,Mitsubishi,gnv,mecánica,RWD,Publico,Rural,1,no,,si,,0,si,1
Gloria Mendoza,1028705049,3145573907,gloria-mendoza319@outlook.com,"Circular 12 #40-33, Manizales",FUQ-303,474,CDA-95667,24-11-2024,9999.0,35k,2200cc,Mitsubishi,Híbrido,AUTOMATICA,fwd,público,URBANO,no,no,no,false,no,no,no,0
Ricardo Peña,187275100,3152127758,ricardo_peña322@outlook.com,"Avenida 39 #56-33, Montería",GPA033,526,CDA-78985,15-01-2024,2017.0,80243,,Nissan,DIESEL,CVT,4X2,carga,suburbano,true,false,si,false,no,si,0,1
Viviana Suárez,924094722,3249810622,viviana.suárez22@hotmail.com,"Diagonal 104 #43-8, Villavicencio",BID-021,726,CDA-59010,02/07/2020,2022.0,47.240 km,1500,Kia,Gas Natural,Tiptronic,4X2,taxi,mixto,0,0,false,0,no,false,no,0
María López,961472377,3507169672,maría-lópez795@correo.com,"Avenida 58 #23-88, Medellín",ENJ451,56,CDA-53327,2019-09-27,1996.0,895568,4000 cc,Honda,diesel,CVT,awd,Publico,rural,1,1,si,si,false,yes,false,1
Laura García,393268944,3101784349,lauragarcía303@gmail.com,"Diagonal 113 #49-92, Pasto",YOA256,639,CDA-37821,2021/05/16,2019.0,76626,1100,Honda,GASOLINA,automatica,RWD,publico,Mixto,,,no,no,no,no,,1
Marcela Fuentes,657926112,3158701056,marcelafuentes52@hotmail.com,"Avenida 34 #99-97, Manizales",KDL589,303,CDA-27839,,2003.0,642698,1850,Peugeot,GNV,cvt,4x4,publico,mixto,,1,false,yes,no,no,no,1
Marcela Fuentes,998335361,3233276974,marcela.fuentes692@yahoo.com,"Diagonal 63 #37-19, Bogotá",TVC 214,2862,CDA-23608,2018/02/28,2012.0,343k,1400 cc,Dodge,DIESEL,manual,rwd,escolar,URBANO,0,0,0,true,true,true,true,1
Felipe Ramos,957593903,3012378811,felipe_ramos177@hotmail.com,"Carrera 23 #5-40, Montería",SQK 103,1277,CDA-81096,2023/04/08,2012.0,305243,3500,Dodge,Gasolina,Tiptronic,AWD,PARTICULAR,URBANO,0,false,no,false,0,false,no,1
Sebastián Cruz,671725457,3144958658,sebastián_cruz811@yahoo.com,"Avenida 64 #85-35, Montería",YJO600,2893,CDA-70486,26/11/2020,2019.0,153.8k km,3000,Suzuki,GASOLINA,Automática,4X2,público,,0,0,no,false,false,false,no,0
Darío Acosta,992498452,3184382572,darío-acosta707@gmail.com,"Carrera 58 #18-98, Cali",FTA 360,625,CDA-40127,2019-04-04,2002.0,2k,1200 cc,Hyundai,Gasolina,manul,4X4,taxi,Rural,1,0,false,1,false,si,no,1
Gustavo Barrera,924195057,3109043540,gustavo.barrera618@correo.com,"Carrera 109 #35-61, Pereira",WGB524,2056,CDA-67957,2020-03-20,2024.0,0,1300,Suzuki,GASOLINA,Tiptronic,RWD,publico,Rural,true,false,no,1,false,false,false,1
Camilo Rojas,1046829598,3135440195,camilo.rojas154@outlook.com,"Calle 10 #59-93, Neiva",WCN002,1281,CDA-50921,2023/03/12,2018.0,156009,1500,Suzuki,nafta,Mecanica,FWD,escolar,Urbano,no,false,,,0,false,no,0
Sandra Castro,760152521,3106161560,sandra.castro653@outlook.com,"Transversal 66 #14-81, Cúcuta",,1050,CDA-45618,2022-05-23,2022.0,70701,3000 cc,Ford,Híbrido,AUTOMATICA,4X4,TAXI,Mixto,no,true,no,no,no,0,no,1
Laura García,1055509725,3141433363,laura-garcía606@correo.com,"Transversal 52 #37-86, Villavicencio",ZUA 196,337,CDA-85384,2024/07/24,2015.0,169.278 km,1300,Dodge,diesel,Tiptronic,4X2,,rural,no,,,1,false,true,no,0
Catalina Ortiz,1052785394,3201628569,catalinaortiz148@live.com,"Circular 52 #5-51, Neiva",RBM-233,48,CDA-74437,07/02/2019,2001.0,454.4k km,3500,Peugeot,hibrido,tiptronic,FWD,PARTICULAR,Urbano,no,1,false,0,no,1,0,0
Jhon Morales,785816124,3058141928,jhon.morales95@gmail.com,"Carrera 61 #28-58, Medellín",NPN324,107,CDA-74165,04/09/2022,1995.0,1135245,1150,Chevrolet,Gasolina,Mecanica,awd,Carga,Suburbano,0,false,1,no,no,si,si,1
Omar Leal,375646924,3211304375,omar-leal953@hotmail.com,"Avenida 20 #46-96, Ibagué",EWZ717,2398,CDA-33817,2019-07-09,2024.0,0 km,2500,Renault,nafta,AUTOMATICA,4x4,PARTICULAR,URBANO,no,no,no,false,false,no,no,0
Gloria Mendoza,950230975,3195077182,gloria_mendoza382@outlook.com,"Transversal 113 #61-35, Cúcuta",TAJ 714,1080,CDA-67562,2018/01/27,2014.0,188k,2500 cc,Renault,Electrico,Mecanica,AWD,Particular,Suburbano,true,yes,no,no,,no,0,1
Iván Salcedo,1046194481,3238692233,iván.salcedo515@outlook.com,"Circular 88 #96-22, Pereira",RNX-942,2287,CDA-47187,28-01-2021,2016.0,247k,1400,Mazda,GSL,autom,RWD,público,suburbano,false,no,0,0,no,no,,0
Laura García,453201674,3207337222,lauragarcía337@yahoo.com,"Transversal 17 #51-59, Cúcuta",YFB653,2262,CDA-68884,2022-04-29,2018.0,168.193,,Ford,,AUTOMATICA,4x4,Escolar,RURAL,no,no,no,false,no,false,0,0
Gloria Mendoza,924636330,3108879090,gloria-mendoza306@hotmail.com,"Transversal 109 #11-9, Armenia",VLK-512,1145,CDA-73772,2021/02/17,2006.0,426635,1000,Ford,Diesel,tiptronic,4X2,Escolar,Rural,1,no,true,true,true,true,no,1
Sebastián Cruz,415329890,3175581938,sebastián.cruz698@hotmail.com,"Calle 71 #45-47, Pereira",KSY377,2621,CDA-70570,21-08-2024,2014.0,302837,,Dodge,hibrido,Automática,AWD,Taxi,URBANO,false,yes,no,,no,1,,1
Roberto Nieto,1032617007,3166812362,roberto_nieto806@outlook.com,"Transversal 80 #51-85, Armenia",LSF 395,2297,CDA-81243,16-05-2024,2018.0,168.8k km,,Ford,eléctrico,cvt,4X2,Escolar,RURAL,,false,si,false,,,no,1
Viviana Suárez,,3028690338,vivianasuárez190@correo.com,"Carrera 47 #79-9, Ibagué",,1837,CDA-59973,30/12/2023,2020.0,65688,4000 cc,Ford,Electrico,AUTOMATICA,FWD,taxi,Rural,0,false,yes,false,si,false,false,0
Darío Acosta,745499054,3028503560,darío-acosta647@hotmail.com,"Circular 58 #96-63, Cali",IRE599,1754,CDA-40149,2022-03-28,2000.0,270486,4000,Mitsubishi,gnv,automatica,4X4,Publico,suburbano,1,1,no,si,false,false,yes,1
Diana Herrera,301368554,3172208160,diana_herrera187@hotmail.com,"Circular 99 #87-71, Medellín",LRF722,1102,CDA-56613,21/02/2021,1997.0,88508,2400,Chevrolet,Gas,Manual,FWD,escolar,URBANO,false,1,no,no,si,no,false,1
Jhon Morales,265794263,3019784236,jhon-morales239@yahoo.com,"Carrera 39 #65-16, Bogotá",ZIT 377,1969,CDA-46013,2021-11-18,2007.0,400149,1000,Nissan,diesel,autom,AWD,escolar,urbano,si,no,si,no,no,si,0,1
Guillermo Ávila,711165710,3001927461,guillermoávila564@live.com,"Carrera 34 #15-10, Neiva",PHU-294,3011,CDA-83698,05-08-2024,1999.0,364k,2200,Toyota,gas,mecánica,rwd,particular,RURAL,false,no,1,,1,si,yes,1
Gloria Mendoza,229922997,3242106570,gloriamendoza50@hotmail.com,"Circular 103 #87-30, Bogotá",JHN348,524,CDA-98733,,2000.0,702707,4000,Kia,gasolina,manual,FWD,TAXI,rural,0,si,,yes,,no,si,1
Ingrid Bermúdez,457551175,3501050005,ingrid_bermúdez433@live.com,"Diagonal 35 #19-44, Medellín",UZC840,2281,CDA-56911,2021-07-20,2004.0,241.128,1100,Dodge,GSL,automatica,fwd,taxi,Urbano,,no,no,yes,no,no,false,0
Alejandro Zapata,967720695,3227384701,alejandrozapata163@live.com,"Transversal 77 #48-58, Neiva",CTZ009,1429,CDA-79007,2022/08/05,2022.0,28008,1800,Ford,Gasolina,Manual,AWD,particular,Suburbano,0,,,false,false,false,no,0
Mónica Aguirre,747118414,3246037214,mónica_aguirre423@outlook.com,"Diagonal 85 #24-16, Cartagena",VSR684,2861,CDA-22426,31/10/2018,2009.0,315238,3000,Kia,gasolina,autom,FWD,Carga,urbano,0,false,si,yes,no,false,0,1
Jhon Morales,854700698,3249066931,jhon-morales678@yahoo.com,"Calle 53 #58-81, Neiva",WAP429,604,CDA-84700,03-04-2022,2002.0,464.2k km,1500,Peugeot,gnv,Mecanica,fwd,Particular,urbano,si,no,true,no,yes,no,0,1
Marcela Fuentes,1086628932,3106212114,marcela-fuentes211@outlook.com,"Calle 69 #21-13, Medellín",DFG831,1490,CDA-10059,2020-03-19,1996.0,965.142 km,1300,Peugeot,Diesel,Manual,4X2,escolar,RURAL,true,true,,no,true,yes,0,1
Fabio Arévalo,140761663,3174953410,fabio.arévalo458@live.com,"Calle 43 #2-33, Armenia",CJP 442,2583,CDA-82575,22/01/2021,2005.0,467.4k km,2200cc,Mitsubishi,Diesel,automatica,RWD,TAXI,Rural,1,false,yes,yes,no,si,false,1
Héctor Montoya,983819713,3024855635,héctor-montoya112@gmail.com,"Transversal 88 #54-20, Ibagué",MPB751,61,CDA-89098,2018/01/05,2002.0,282561,2000,Chevrolet,Gas,CVT,fwd,Particular,URBANO,si,,yes,0,false,yes,yes,1
Diana Herrera,519895916,3176481571,diana-herrera208@outlook.com,"Circular 25 #28-60, Cali",RMY916,3018,CDA-66151,26-08-2019,2024.0,0,1500,Toyota,GSL,cvt,4X2,carga,Suburbano,false,0,si,no,no,no,0,0
Xiomara Pacheco,685789209,3104032184,xiomara.pacheco847@live.com,"Diagonal 12 #78-1, Cartagena",LML618,672,CDA-61274,04-05-2021,2009.0,85046 km,1400,Ford,,CVT,4x4,Particular,mixto,true,yes,no,0,si,yes,no,0
Ana Gómez,553340155,3141172342,ana.gómez943@live.com,"Carrera 24 #86-45, Bogotá",VYY-315,93,CDA-84741,2024-06-26,2006.0,355222,1150,Nissan,Gas Natural,semiautomatica,fwd,público,RURAL,false,0,no,si,1,,0,1
Viviana Suárez,850315422,3057785155,viviana-suárez188@correo.com,"Carrera 111 #10-45, Villavicencio",AAX710,667,CDA-75036,2018-04-04,2018.0,138526,3000,Toyota,Gas,autom,fwd,PUBLICO,Mixto,false,0,false,si,no,false,no,1
Lina Santana,1008186016,3192166963,lina_santana844@correo.com,,QQY 617,1888,CDA-96247,02-11-2019,2002.0,371982,3400,Kia,gasolina,Automatio,4x2,Particular,Rural,1,0,0,0,false,no,0,1
Ana Gómez,333572723,3177184743,anagómez547@outlook.com,"Transversal 112 #46-74, Armenia",IFQ581,281,CDA-97970,2018/02/06,2023.0,25.851,2200,Ford,gnv,Tiptronic,AWD,Taxi,mixto,false,0,no,no,0,0,no,0
Camilo Rojas,921346890,3019640503,camilo_rojas710@correo.com,"Carrera 14 #64-91, Bogotá",JID913,1720,CDA-71569,2023-03-30,2015.0,117362,1250,Peugeot,Gas Natural,MANUAL,4x4,Particular,rural,true,yes,no,false,yes,true,si,1
Guillermo Ávila,725267965,3233792503,guillermoávila686@hotmail.com,"Calle 104 #5-89, Neiva",RAK-037,360,CDA-87231,16-10-2021,2023.0,11277,1650,Nissan,Gas Natural,Automática,awd,particular,suburbano,false,no,false,no,,no,no,0
,498077418,3045095774,fabio-arévalo714@outlook.com,"Circular 80 #7-66, Cali",DFW719,900,CDA-23610,03/05/2018,2023.0,18.872,2200,Fiat,GSL,MANUAL,fwd,público,RURAL,false,false,false,false,no,false,0,0
María López,216078327,3025036814,maría-lópez648@yahoo.com,"Avenida 16 #82-48, Montería",BVF499,1936,CDA-38407,2018-08-16,2014.0,137277,1300,Peugeot,DIESEL,CVT,rwd,PUBLICO,Mixto,false,no,no,,no,,true,1
Darío Acosta,867380114,3117131980,daríoacosta150@gmail.com,"Carrera 63 #95-46, Medellín",CBM197,1995,CDA-96049,,2022.0,55271,1400 cc,Dodge,Gas Natural,tiptronic,awd,Publico,urbano,no,no,no,no,no,no,false,0
Sebastián Cruz,330363838,3203366056,sebastián.cruz623@gmail.com,"Calle 81 #33-23, Bucaramanga",TXJ-785,2543,CDA-47625,08-02-2024,2017.0,163.606 km,2200,Toyota,DIESEL,autom,rwd,Publico,Rural,0,no,0,,,no,false,1
Ricardo Peña,56997723,3191490533,ricardo-peña658@outlook.com,"Circular 95 #4-86, Cartagena",RFX-291,761,CDA-71015,27-05-2023,1996.0,318064,4000,Renault,gasolina,AUTOMATICA,AWD,escolar,suburbano,false,1,1,no,true,no,si,1
Viviana Suárez,631122303,3002930128,vivianasuárez190@hotmail.com,"Diagonal 34 #35-18, Armenia",PBV850,2159,CDA-22242,06-11-2019,2003.0,726858,1600,Volkswagen,,Automática,4X4,TAXI,URBANO,true,1,no,no,si,si,true,1
Gustavo Barrera,832480825,3125626053,gustavo.barrera977@correo.com,"Carrera 79 #58-96, Medellín",CNV807,2878,CDA-24056,22-12-2019,2017.0,83964,2150,Nissan,,autom,4X4,Particular,mixto,1,no,false,no,false,false,0,0
María López,244017377,3108542478,maríalópez124@live.com,"Carrera 58 #40-60, Bucaramanga",CUH 762,43,CDA-42534,2022-06-12,2017.0,168928,900,Toyota,GASOLINA,manul,4x4,público,urbano,false,0,no,,no,false,false,1
Esperanza Vega,841511034,3137131001,esperanza_vega271@hotmail.com,"Transversal 105 #65-54, Armenia",YYF-615,2174,CDA-98389,2021-08-28,1999.0,653454,1400,Fiat,hibrido,Automática,4x2,Publico,Suburbano,no,yes,no,false,0,1,,1
Marcela Fuentes,1019128091,3173302963,marcela.fuentes709@outlook.com,"Transversal 67 #79-81, Medellín",GHH 539,205,CDA-55680,25-02-2020,2009.0,220012,1600 cc,Ford,Híbrido,Automatio,awd,TAXI,Rural,no,no,no,1,no,true,false,1
Sandra Castro,88045818,3122597640,sandra.castro820@hotmail.com,"Circular 115 #47-37, Cali",JVZ436,1474,CDA-54521,21/12/2024,2011.0,326432,1700,Dodge,gas,MANUAL,4x4,Taxi,Rural,no,,no,si,,0,si,0
Darío Acosta,437886587,3045567975,darío-acosta871@live.com,"Calle 118 #41-47, Montería",GDD975,2101,CDA-17808,2024-06-05,2022.0,55646,2200,Kia,GNV,MANUAL,4x4,Escolar,Rural,1,no,no,false,,,no,1
Ricardo Peña,842130249,3203585897,ricardo_peña420@correo.com,"Calle 67 #85-9, Bogotá",DWF-405,69,CDA-78920,14-08-2024,2023.0,16k,1050,Hyundai,GASOLINA,tiptronic,4x2,Particular,mixto,no,no,no,,false,no,false,0
Natalia Reyes,337196333,,natalia-reyes822@hotmail.com,"Circular 60 #97-80, Bucaramanga",INZ386,1876,CDA-46314,31/08/2021,2004.0,709.352,3000 cc,Fiat,hibrido,AUTOMATICA,FWD,publico,suburbano,si,false,true,,true,false,si,1
Omar Leal,284333911,3248600579,omar_leal106@live.com,"Transversal 2 #67-66, Pasto",BMI 097,2910,CDA-57429,2024-08-14,2015.0,185914 km,2150,Ford,GAS,manul,RWD,Particular,RURAL,1,no,no,yes,no,no,true,1
Felipe Ramos,494065692,3231355779,felipe.ramos570@outlook.com,"Avenida 60 #27-11, Neiva",MJE927,2232,CDA-94518,05-12-2018,2022.0,37115,2450,Kia,GSL,CVT,fwd,particular,mixto,no,0,no,,0,0,no,0
Ingrid Bermúdez,286991536,3216262096,ingridbermúdez519@outlook.com,"Circular 6 #80-83, Bogotá",GVA821,138,CDA-60885,18-01-2019,2020.0,54202,1800,Renault,hibrido,cvt,4X4,Particular,URBANO,0,no,false,0,false,no,0,0
Gloria Mendoza,961929825,3144968704,gloria.mendoza97@outlook.com,"Avenida 76 #48-18, Bucaramanga",MLM414,797,CDA-36741,2018-12-26,1995.0,716.4k km,4000cc,Mazda,Híbrido,AUTOMATICA,4X2,Carga,suburbano,0,no,false,no,false,yes,no,0
Ana Gómez,828562011,3105029861,ana.gómez576@gmail.com,"Calle 24 #8-11, Manizales",SVZ 375,2181,CDA-31891,2022/07/09,2023.0,14144,1800,Mazda,gas,automatica,4X2,particular,urbano,no,false,0,no,0,true,no,1
Yolanda Cárdenas,157709396,3153201974,yolanda.cárdenas513@hotmail.com,"Diagonal 82 #18-44, Pasto",FJI588,2129,CDA-60862,19/03/2023,2023.0,18219,3500,Mitsubishi,GSL,Automática,,particular,URBANO,0,yes,no,,0,true,0,0
Alejandro Zapata,1024631556,3151686876,alejandro-zapata272@yahoo.com,"Transversal 11 #70-96, Montería",WZN835,759,CDA-13274,2024-06-09,1997.0,501k,1750,Dodge,hibrido,AUTOMATICA,rwd,Taxi,mixto,false,no,true,no,0,si,no,1
Ernesto Pineda,775674104,3215647978,ernestopineda338@correo.com,"Carrera 62 #38-36, Ibagué",JAD 377,542,CDA-44513,2018-01-28,1995.0,479288,1300,Peugeot,Gasolina,Automatio,,PUBLICO,Urbano,0,true,si,1,true,no,no,1
,764519460,3161238259,gustavo.barrera768@live.com,"Transversal 75 #2-8, Villavicencio",EPG 236,1020,CDA-35799,02/12/2019,2020.0,112.724,2400,Renault,GAS,Automática,4x2,publico,Rural,no,0,,true,0,,0,0
Sandra Castro,648218462,3191389361,sandra-castro183@gmail.com,"Avenida 105 #94-26, Pereira",ROS688,2518,CDA-49019,03-10-2018,2008.0,133k,1500,Suzuki,Gas,manual,fwd,PUBLICO,Urbano,,si,no,,0,true,0,1
Jhon Morales,376091507,3237470648,jhon-morales720@outlook.com,"Circular 102 #37-27, Pereira",NVU072,166,CDA-25112,2020/02/03,1995.0,814.779 km,1600 cc,Peugeot,hibrido,CVT,4x2,Publico,RURAL,si,false,,si,si,true,0,1
Diana Herrera,828750466,3504092466,diana_herrera718@yahoo.com,"Diagonal 81 #43-78, Ibagué",YAY481,249,CDA-69234,2023/05/14,2023.0,38240,1100,Peugeot,hibrido,manul,rwd,escolar,Suburbano,no,true,no,0,false,no,0,1
Yolanda Cárdenas,439322581,3196810706,yolanda.cárdenas22@correo.com,"Transversal 116 #66-7, Armenia",IIA 103,1332,CDA-66830,2023/07/08,2011.0,443829,2200,Peugeot,GNV,Tiptronic,FWD,Publico,URBANO,false,true,false,yes,false,0,no,1
Roberto Nieto,214534545,3119614750,roberto_nieto810@correo.com,"Circular 34 #6-20, Villavicencio",PWZ715,2018,CDA-56438,30-12-2023,2023.0,5982,2000,Mazda,DIESEL,Mecanica,RWD,particular,suburbano,no,no,no,no,0,0,no,0
Patricia Mejía,894623106,3058220540,patricia-mejía563@hotmail.com,"Circular 47 #59-9, Manizales",TRD178,447,CDA-71916,,2012.0,332993,1800,Dodge,gasolina,Tiptronic,FWD,carga,RURAL,no,no,1,si,1,0,no,1
Roberto Nieto,911941545,3219559573,roberto-nieto460@hotmail.com,,VZD040,2483,CDA-91330,2024/01/01,2019.0,199.719 km,2400 cc,Mazda,Híbrido,Manual,,TAXI,Suburbano,,no,no,,false,no,no,1
Laura García,205013937,3121841897,lauragarcía681@gmail.com,"Avenida 14 #77-47, Ibagué",MDC859,1359,CDA-55634,17/02/2024,2018.0,83k,1100,Nissan,GASOLINA,autom,fwd,Carga,Mixto,false,0,no,no,0,no,false,0
Camilo Rojas,926561805,3508318067,camilo-rojas516@correo.com,"Avenida 18 #5-59, Cartagena",UZJ354,2146,CDA-63478,03/03/2020,2003.0,759653 km,2300,Toyota,eléctrico,Mecanica,4X4,Escolar,mixto,no,0,1,yes,no,si,false,1
Andrés Torres,1036038520,3247751028,andrés_torres147@live.com,"Avenida 10 #50-66, Manizales",XVD205,1330,CDA-94697,03/01/2021,2003.0,619.488,3500cc,Mitsubishi,diesel,Automatio,4x4,escolar,Rural,no,yes,false,yes,,1,no,1
Luis Rodríguez,154048544,3052671147,luis.rodríguez746@hotmail.com,"Calle 44 #7-41, Bucaramanga",IAB-993,3197,CDA-96052,2023-09-30,1996.0,509.801,1100,Suzuki,Gas,CVT,4X2,particular,RURAL,si,no,1,no,true,si,0,1
Claudia Vargas,44643380,3508778185,claudiavargas324@gmail.com,"Transversal 84 #89-36, Pasto",JDE-211,2151,CDA-16398,24/08/2024,2013.0,260.492,3000,Kia,Electrico,automatica,awd,carga,suburbano,true,no,true,yes,no,false,false,1
Mónica Aguirre,46014546,3187402777,mónica_aguirre130@outlook.com,"Circular 62 #70-50, Cali",ORI 457,435,CDA-29600,,2024.0,0k,3500,Chevrolet,GAS,,rwd,PUBLICO,suburbano,false,no,false,si,,,no,1
Darío Acosta,530079003,3244688030,darío.acosta533@yahoo.com,"Avenida 63 #13-38, Bogotá",JXZ224,2123,CDA-36464,2022-02-22,2002.0,546822,2100,Fiat,DIESEL,CVT,RWD,público,Urbano,si,false,false,,1,0,true,1
Lina Santana,570934888,3133927103,linasantana194@hotmail.com,"Circular 63 #30-90, Cartagena",EUR316,578,CDA-41255,2020-12-04,2011.0,400159 km,2500 cc,Chevrolet,GNV,autom,4x4,taxi,Urbano,1,no,si,no,no,no,no,1
Esperanza Vega,58251107,3142504542,esperanza-vega992@live.com,"Calle 17 #67-75, Armenia",VGC-511,3163,CDA-80906,2019/09/20,2017.0,90538,2400,Chevrolet,GAS,cvt,AWD,Particular,rural,no,0,false,true,no,false,,1
Sandra Castro,751411786,3111093622,sandra.castro341@hotmail.com,"Diagonal 117 #32-68, Cali",ZRK081,3010,CDA-47132,2018/01/28,1996.0,306k,1400 cc,Peugeot,DIESEL,Manual,fwd,taxi,urbano,true,false,yes,no,true,true,,1
Omar Leal,315028211,3017567279,omar_leal132@outlook.com,"Diagonal 61 #13-83, Armenia",KCD657,2449,CDA-24799,06-03-2023,2002.0,420.678,1300,Fiat,GSL,CVT,4X4,taxi,urbano,true,false,no,false,,1,1,1
Patricia Mejía,929082528,3131931320,patricia_mejía790@yahoo.com,"Transversal 25 #90-41, Barranquilla",XHY846,1849,CDA-19002,07/05/2022,1997.0,871315 km,2000 cc,Honda,GAS,MANUAL,RWD,Taxi,RURAL,true,1,yes,false,no,no,no,1
Roberto Nieto,279201868,3219124929,robertonieto677@live.com,"Calle 118 #82-33, Manizales",VUC073,763,CDA-14848,03-10-2021,2017.0,309404,1100 cc,Honda,GASOLINA,autom,fwd,Carga,rural,,true,no,no,false,false,0,1
Adriana Parra,114839877,3215262080,adriana.parra978@gmail.com,"Transversal 5 #36-2, Montería",XOB884,389,CDA-79072,2023-06-14,2011.0,417.666,4000,Nissan,GAS,Tiptronic,AWD,TAXI,Mixto,si,no,,0,no,true,no,1
Claudia Vargas,610465958,3158079391,claudia_vargas807@correo.com,"Avenida 23 #65-17, Bucaramanga",XZV 431,236,CDA-15619,10-06-2021,2013.0,327k,1150,Mitsubishi,Híbrido,manul,awd,taxi,,0,true,false,no,no,no,no,1
Xiomara Pacheco,1011812218,3217630940,xiomara.pacheco569@hotmail.com,"Diagonal 62 #60-31, Medellín",XVZ 473,2859,CDA-48234,27-09-2020,2003.0,710806,1300,chevrolet,GNV,Tiptronic,AWD,escolar,Urbano,false,,false,no,no,no,false,0
Lina Santana,817226887,3119441396,lina.santana258@outlook.com,"Carrera 67 #35-56, Cartagena",KWR 272,1985,CDA-62427,06-09-2020,2002.0,707.265 km,1000,Nissan,nafta,automatica,awd,escolar,Suburbano,no,1,false,no,yes,true,true,1
Darío Acosta,1065256713,3172673974,darío-acosta915@live.com,"Circular 24 #91-12, Armenia",UQX752,268,CDA-68014,21/06/2019,1995.0,413.944,2550,Toyota,GSL,manul,AWD,público,RURAL,no,si,true,1,yes,,0,1
Fabio Arévalo,344565317,3109061387,fabioarévalo870@correo.com,"Circular 79 #96-1, Manizales",HNQ363,771,CDA-21133,27/03/2024,2017.0,212k,1100,Kia,Diesel,automatica,,Escolar,rural,no,false,yes,no,yes,false,no,1
Xiomara Pacheco,397397929,3208893639,xiomarapacheco199@live.com,"Calle 100 #10-29, Barranquilla",HYE252,2166,CDA-30424,2018-04-09,2023.0,17386,1800,Mazda,Híbrido,cvt,RWD,escolar,urbano,0,no,false,false,no,no,no,0
Catalina Ortiz,188195712,3149622584,catalina_ortiz920@gmail.com,"Transversal 45 #21-89, Pereira",WXD-998,438,CDA-75617,2018/11/01,2009.0,219738,2400 cc,Mazda,Diesel,Automatio,awd,público,Rural,no,0,false,false,false,false,false,1
Roberto Nieto,83952909,3016206949,roberto.nieto7@yahoo.com,"Circular 35 #54-67, Bogotá",SFV922,674,CDA-44339,2019-02-24,2001.0,4k,1500 cc,Hyundai,Gasolina,MANUAL,RWD,Escolar,RURAL,no,1,no,no,0,false,no,0
Patricia Mejía,363527131,3215214915,patriciamejía351@hotmail.com,"Circular 76 #94-50, Armenia",BOZ632,250,CDA-26175,10-08-2020,2007.0,286.0k km,1400,Honda,eléctrico,CVT,RWD,Particular,Urbano,,no,no,true,0,si,false,0
Iván Salcedo,92841288,,iván_salcedo318@outlook.com,"Calle 85 #31-62, Bucaramanga",MZY191,2202,CDA-85183,,1997.0,636341,3000 cc,Honda,Gasolina,Automatio,FWD,publico,Mixto,false,no,no,yes,no,no,false,1
Gustavo Barrera,271284525,3105404412,gustavo_barrera627@yahoo.com,"Calle 65 #10-19, Cali",ESB 331,1575,CDA-19524,05-07-2023,1998.0,3344,,Hyundai,Gas,Mecanica,AWD,carga,rural,false,yes,1,1,0,true,no,1
Omar Leal,337645695,3129784392,omar-leal547@gmail.com,"Circular 28 #5-15, Pasto",QHQ934,2143,CDA-30495,26-10-2024,1999.0,657501,2500,Nissan,GSL,Manual,,Carga,URBANO,yes,1,1,1,,si,yes,1
Esperanza Vega,565295965,3239395668,esperanza_vega896@yahoo.com,"Carrera 97 #1-83, Ibagué",WXF076,2082,CDA-50599,25/02/2024,2009.0,442.635,1200,Chevrolet,gasolina,MANUAL,awd,escolar,Rural,true,no,yes,0,no,0,false,1
Alejandro Zapata,1014219170,3183574559,alejandro_zapata477@gmail.com,"Diagonal 109 #48-64, Medellín",TTH 598,2873,CDA-32221,2019-11-20,2012.0,112167,3000 cc,Toyota,GSL,AUTOMATICA,RWD,carga,,,0,false,,yes,yes,no,1
Sebastián Cruz,1094085210,3139612315,sebastiáncruz195@yahoo.com,"Avenida 9 #33-11, Cartagena",BWQ172,2820,CDA-36493,2023-06-22,2015.0,94.882 km,3000,Peugeot,gasolina,manual,fwd,TAXI,suburbano,0,no,no,false,,true,no,1
Héctor Montoya,438525300,3179224512,héctor-montoya235@outlook.com,"Carrera 14 #87-93, Pereira",WKK171,3008,CDA-90106,21/07/2018,2005.0,254509,1700,Nissan,hibrido,autom,rwd,Escolar,Mixto,0,0,yes,no,1,,,1
Natalia Reyes,505806367,3129343182,natalia-reyes346@live.com,"Calle 30 #30-92, Cartagena",TSB551,449,CDA-14460,2022-12-31,2015.0,114.188,1300 cc,Toyota,hibrido,Automática,awd,PARTICULAR,rural,si,0,,no,no,si,false,1
Darío Acosta,729121568,3108571722,daríoacosta821@outlook.com,"Calle 115 #95-84, Montería",IBH885,1470,CDA-76859,28-12-2020,1998.0,736.697,1400 cc,Fiat,gas,mecánica,4X2,público,RURAL,no,0,no,true,1,si,false,0
Patricia Díaz,578658293,3001595460,patriciadíaz231@hotmail.com,"Circular 49 #43-51, Ibagué",LKE 061,717,CDA-61586,05/09/2022,1997.0,698131,1100 cc,Mazda,nafta,semiautomatica,AWD,PUBLICO,Rural,,yes,1,no,true,no,0,1
Ana Gómez,276832555,3192453341,ana_gómez213@outlook.com,"Calle 35 #8-8, Ibagué",LBC124,2633,CDA-83814,2023-11-17,1996.0,741431,2400,Hyundai,,autom,RWD,PUBLICO,mixto,no,0,0,si,no,true,no,1
Alejandro Zapata,60611303,3232901846,alejandrozapata962@correo.com,"Diagonal 83 #35-80, Bucaramanga",PCB229,2869,CDA-47303,20/02/2023,1999.0,725k,2000,Kia,Gasolina,,FWD,taxi,Rural,1,false,true,yes,si,0,0,1
Gustavo Barrera,809044157,3135188664,gustavo.barrera404@live.com,"Calle 96 #90-79, Cúcuta",YSJ194,2049,CDA-23105,2019-03-06,1997.0,608601,1500,Toyota,GASOLINA,semiautomatica,4X2,carga,RURAL,0,true,yes,yes,,no,false,1
Gustavo Barrera,873467749,3501462564,gustavo-barrera163@correo.com,"Transversal 2 #40-70, Ibagué",PIS 824,1902,CDA-67903,2019-10-11,2017.0,157474,2000,Renault,gasolina,cvt,FWD,publico,Mixto,no,0,,si,no,0,no,1
Diana Herrera,456203776,3152545113,diana_herrera670@correo.com,"Diagonal 34 #91-65, Medellín",WSZ834,2743,CDA-59916,2021/12/13,2004.0,303k,2400,Suzuki,eléctrico,Mecanica,4x2,Particular,urbano,,no,no,0,false,,no,0
Fabio Arévalo,615486454,3193935160,,"Diagonal 85 #22-26, Cúcuta",NCE953,1169,CDA-17951,28/04/2018,2011.0,382.988,1150,Ford,Diesel,Automática,4x4,PUBLICO,Suburbano,true,yes,si,true,1,,no,1
Roberto Nieto,764875765,3145226115,roberto.nieto635@gmail.com,"Transversal 85 #28-77, Villavicencio",YCP-376,83,CDA-24528,03-11-2020,2016.0,288673,3900,Ford,Gas,AUTOMATICA,4X2,PUBLICO,Suburbano,no,0,0,no,no,no,1,1
Iván Salcedo,124163477,3126530787,iván.salcedo276@yahoo.com,"Avenida 51 #46-27, Villavicencio",RIQ453,2857,CDA-96877,05/06/2021,2001.0,451158 km,2500,Renault,gasolina,Automática,RWD,Escolar,URBANO,false,no,no,,yes,si,si,0
Patricia Díaz,342830035,3009850389,patriciadíaz521@gmail.com,"Carrera 24 #37-1, Villavicencio",WMU 452,1461,CDA-50826,22/01/2018,2002.0,527154,1800,Toyota,diesel,MANUAL,4x2,taxi,suburbano,false,yes,no,true,no,yes,1,1
Felipe Ramos,136167939,3028322388,felipe_ramos989@correo.com,"Carrera 46 #6-63, Cúcuta",VUW025,1894,CDA-30616,2023/10/02,2007.0,246614 km,2500,Mitsubishi,DIESEL,Tiptronic,FWD,PARTICULAR,Suburbano,false,si,si,0,1,no,true,1
Diana Herrera,1083272494,3174260707,diana-herrera803@yahoo.com,"Carrera 22 #41-4, Cartagena",XBA528,1669,CDA-99767,06/07/2023,2024.0,334k,2450,Suzuki,GASOLINA,mecánica,RWD,Carga,rural,false,yes,no,0,0,false,0,1
Ricardo Peña,22587928,3174526095,ricardo_peña323@gmail.com,"Diagonal 76 #2-30, Villavicencio",NJP291,2001,CDA-89654,2020/08/04,2023.0,19936,1100,Kia,gas,semiautomatica,4x2,PUBLICO,Suburbano,0,false,0,no,no,no,si,0
María López,1085254226,3208102034,maría-lópez191@outlook.com,"Circular 92 #7-36, Cali",OAB986,476,CDA-15664,11/09/2019,1999.0,346983,4000cc,Hyundai,gasolina,Tiptronic,fwd,particular,Suburbano,no,,0,0,1,true,,1
Patricia Díaz,672143926,3149954259,patricia-díaz694@outlook.com,"Transversal 30 #41-93, Montería",RDG074,518,CDA-30384,27/09/2021,2014.0,176683,1600 cc,Chevrolet,eléctrico,automatica,4x2,PUBLICO,suburbano,no,no,no,no,no,no,no,0
Ernesto Pineda,656620259,3219202221,ernesto_pineda326@yahoo.com,"Calle 92 #37-23, Villavicencio",KMD 704,405,CDA-45080,09/07/2020,2008.0,345992,2200,Suzuki,GASOLINA,Mecanica,awd,Escolar,Mixto,false,no,no,no,si,0,no,1
Natalia Reyes,376144277,3177399812,natalia.reyes542@hotmail.com,"Diagonal 74 #91-12, Pasto",,385,CDA-40198,2021/12/11,1996.0,540.6k km,1000 cc,Toyota,gnv,tiptronic,AWD,publico,rural,0,yes,1,,no,1,si,1
Gloria Mendoza,608773760,3212318004,gloria_mendoza772@yahoo.com,"Circular 99 #11-20, Montería",IID565,2671,CDA-40172,26-02-2022,2014.0,,2400,Dodge,GNV,mecánica,FWD,Carga,Suburbano,no,no,no,true,no,no,,0
Omar Leal,732885940,3009135104,omarleal803@live.com,"Diagonal 16 #19-67, Medellín",BGB876,2153,CDA-98866,2021-04-05,1999.0,628.9k km,2500,Nissan,GNV,Mecanica,FWD,taxi,Urbano,yes,si,yes,si,true,true,0,1
Viviana Suárez,920317558,3103973967,viviana_suárez994@correo.com,"Diagonal 61 #79-57, Montería",UNM-476,1634,CDA-17040,07/07/2019,2020.0,130898,1500cc,Fiat,gasolina,Manual,RWD,Publico,Mixto,1,no,no,no,no,si,false,1
Omar Leal,375056481,3024167795,omar-leal986@gmail.com,"Circular 90 #12-23, Neiva",RNW946,3138,CDA-11144,13/09/2021,1999.0,260119,3400,Fiat,GASOLINA,CVT,4x4,PARTICULAR,rural,true,no,0,no,1,false,1,1
Natalia Reyes,197406189,3176530043,natalia.reyes794@outlook.com,"Diagonal 75 #89-86, Armenia",ZUZ 474,689,CDA-91089,2024-07-05,2017.0,212k,1600,Fiat,GSL,cvt,AWD,Carga,urbano,false,yes,false,no,false,0,no,1
Patricia Díaz,842507088,,patricia-díaz369@outlook.com,"Transversal 36 #16-99, Armenia",SOB 204,1241,CDA-10681,04-05-2024,1997.0,358935,1500,Volkswagen,GNV,AUTOMATICA,awd,Particular,Suburbano,no,no,yes,yes,1,1,no,1
Sandra Castro,603796080,3118629590,sandra.castro268@hotmail.com,"Calle 72 #10-65, Bucaramanga",DNG572,63,CDA-73390,2021/10/23,2010.0,233.834,1800,Honda,nafta,automatica,FWD,Taxi,Urbano,1,no,false,si,yes,no,0,0
Sandra Castro,1011430107,3121879904,sandra-castro441@outlook.com,"Avenida 104 #44-51, Manizales",WCI350,853,,2021-06-12,2023.0,20k,1600,Volkswagen,DIESEL,Mecanica,fwd,carga,urbano,no,0,0,false,no,0,no,0
Sebastián Cruz,246665999,3003855300,sebastián.cruz740@outlook.com,"Diagonal 6 #34-42, Cúcuta",WPQ922,3020,CDA-31940,2021-01-06,2008.0,466.2k km,1400,Mitsubishi,diesel,MANUAL,rwd,taxi,mixto,si,false,false,false,0,no,no,1
Héctor Montoya,1063670640,3237658207,héctormontoya904@live.com,"Transversal 12 #14-58, Bucaramanga",ECT 885,2720,CDA-72293,2024-07-23,2009.0,199.785,2200,Mitsubishi,GNV,Manual,RWD,particular,URBANO,false,no,false,0,no,1,,0
Felipe Ramos,466236275,3018478058,felipe.ramos699@live.com,"Avenida 102 #53-3, Pereira",VZI528,1263,CDA-24261,,2006.0,522732,2200,Toyota,GSL,manul,4X2,escolar,RURAL,0,si,si,no,0,si,true,0
Gustavo Barrera,544756354,3174148815,gustavo.barrera410@yahoo.com,"Circular 9 #19-90, Manizales",HEO674,224,CDA-65023,19-06-2019,2018.0,46k,1100,Ford,GAS,cvt,FWD,Particular,Suburbano,,no,0,no,1,false,0,1
Ana Gómez,437047102,3121027464,ana.gómez325@hotmail.com,"Carrera 116 #37-59, Bucaramanga",FGA736,2194,CDA-78916,02-05-2019,2024.0,0,4000cc,Fiat,gasolina,tiptronic,4X4,Carga,urbano,,no,no,no,no,0,no,1
Marcela Fuentes,395482222,3044056761,marcelafuentes831@gmail.com,"Transversal 51 #30-74, Ibagué",GVS530,374,CDA-89050,2023/04/11,2019.0,160.972,2200,Volkswagen,diesel,tiptronic,AWD,PUBLICO,Suburbano,no,0,no,false,0,no,0,0
Laura García,512465899,3218516078,laura-garcía873@outlook.com,"Avenida 55 #77-85, Armenia",MXB633,1825,CDA-99437,03/07/2023,2010.0,367708,3000,Toyota,GSL,automatica,4x2,escolar,suburbano,si,0,1,no,0,1,no,1
Alejandro Zapata,702720318,3199866121,alejandrozapata327@hotmail.com,"Circular 40 #31-66, Neiva",HVM169,2786,CDA-76202,2022/11/12,2016.0,178884,1600,Fiat,Diesel,semiautomatica,RWD,escolar,Suburbano,false,,no,false,false,yes,no,0
José Hernández,627393961,3236165694,,"Transversal 90 #48-60, Pereira",GZH164,3149,CDA-94651,2021/05/08,2006.0,,1200,Toyota,Gas,Tiptronic,FWD,PARTICULAR,RURAL,false,no,yes,no,no,true,no,1
Ernesto Pineda,213971471,3223606599,ernestopineda498@gmail.com,"Circular 35 #61-14, Medellín",HGT275,2850,CDA-49786,2018/10/04,2010.0,293.4k km,1250,Hyundai,GASOLINA,manual,4X2,Escolar,RURAL,0,0,0,1,si,,si,1
Ingrid Bermúdez,97244307,3129069660,ingrid_bermúdez504@gmail.com,"Circular 41 #49-78, Manizales",LZY342,2088,CDA-37792,2019/10/17,2001.0,329704,1500,Toyota,Diesel,automatica,4X2,particular,URBANO,no,no,no,true,false,yes,no,0
Catalina Ortiz,423571616,3224106298,catalinaortiz284@correo.com,"Transversal 77 #37-13, Armenia",FEA529,10,CDA-26551,2023-07-04,2020.0,116k,1800,Kia,DIESEL,manul,FWD,público,RURAL,no,no,no,0,si,no,false,1
Lina Santana,114887338,,lina_santana847@live.com,"Avenida 58 #74-23, Cartagena",YDU874,2498,CDA-69056,10-07-2023,2013.0,253k,1000,Peugeot,gnv,Tiptronic,RWD,Publico,mixto,no,si,yes,0,,1,false,1
Gustavo Barrera,508608079,3112827532,gustavo-barrera213@gmail.com,"Calle 96 #84-11, Medellín",YNO294,1945,CDA-48789,07/02/2022,2004.0,593k,2200,Hyundai,GSL,autom,4X4,Escolar,urbano,true,no,no,no,yes,0,false,1
Patricia Mejía,901202541,3005559316,patriciamejía2@gmail.com,"Carrera 44 #33-55, Pasto",JFW-590,1839,CDA-80739,2018/07/29,2011.0,265k,950,Toyota,Gas,CVT,,TAXI,Urbano,0,si,true,si,true,yes,no,1
Fabio Arévalo,985730694,3223926160,fabio-arévalo885@hotmail.com,"Avenida 37 #51-44, Armenia",RMF062,709,CDA-17019,17/10/2021,2022.0,18.771 km,1400,Renault,Gasolina,AUTOMATICA,RWD,publico,Rural,0,no,no,si,0,0,,0
Patricia Mejía,103672354,3128391855,patricia-mejía205@gmail.com,"Calle 104 #56-76, Pereira",AMX868,256,CDA-52890,18/07/2020,2024.0,0,2000,Honda,Híbrido,AUTOMATICA,RWD,carga,Suburbano,no,true,,,0,0,0,0
Héctor Montoya,279580255,3184765954,héctormontoya760@hotmail.com,"Avenida 94 #79-23, Armenia",LJA803,1618,CDA-10356,2023/07/06,1996.0,325.274,3500,Peugeot,gnv,mecánica,4x2,PARTICULAR,,true,1,si,yes,,no,,1
Adriana Parra,307984272,3107480658,adriana_parra223@live.com,"Diagonal 83 #66-35, Bucaramanga",AOU043,390,CDA-84647,2024-10-22,2017.0,86k,2200 cc,Honda,gnv,Mecanica,4X2,PARTICULAR,mixto,false,si,false,no,0,true,no,1
Mauricio Ruiz,335294801,3162073465,mauricio_ruiz153@live.com,"Circular 54 #9-79, Cali",TTA165,1582,CDA-90307,18/09/2021,2006.0,605066,2400 cc,Suzuki,Híbrido,CVT,4x2,publico,Suburbano,,no,false,1,0,no,no,1
Patricia Díaz,926324884,3163553325,patricia.díaz644@correo.com,"Carrera 46 #52-20, Bucaramanga",LUV979,925,CDA-44130,2022/08/26,2011.0,441517,1000,Chevrolet,gasolina,CVT,awd,público,URBANO,si,no,true,no,no,,no,1
Ernesto Pineda,604149533,3181699976,ernesto-pineda841@live.com,"Diagonal 47 #4-79, Cúcuta",EQG957,2509,CDA-92314,05-11-2024,2004.0,297338,2400,Volkswagen,gas,MANUAL,AWD,público,RURAL,no,yes,no,1,1,1,no,1
Mónica Aguirre,292130858,3192677199,mónica-aguirre301@live.com,"Transversal 17 #26-74, Bucaramanga",NQJ-621,2037,CDA-21640,2022-11-16,2017.0,195601 km,2000,Renault,diesel,automatica,FWD,escolar,Mixto,false,no,no,0,no,0,0,0
Patricia Díaz,807472086,3203149695,patricia-díaz689@hotmail.com,"Avenida 120 #51-84, Bogotá",OFZ 098,2638,CDA-10985,2023-11-26,1998.0,833k,1350,Hyundai,Gasolina,CVT,AWD,PUBLICO,Suburbano,1,true,no,yes,si,yes,no,1
Andrés Torres,949055680,3143884213,andréstorres679@yahoo.com,"Carrera 36 #40-12, Armenia",LJX-785,1225,CDA-73258,2020/06/18,2023.0,14.166,1000,Chevrolet,eléctrico,MANUAL,fwd,PARTICULAR,urbano,false,0,no,false,false,no,no,0
Héctor Montoya,923466285,3223400294,héctormontoya948@live.com,"Carrera 95 #53-69, Armenia",FTU408,2550,CDA-54987,30-04-2024,2012.0,487959,1400cc,Suzuki,gas,Tiptronic,4X2,escolar,mixto,false,no,no,false,no,1,true,1
Patricia Díaz,431466802,3133705276,patriciadíaz359@live.com,"Transversal 29 #3-73, Cali",BEG779,1947,CDA-29736,26-04-2024,2022.0,55656,1000,Dodge,hibrido,Mecanica,RWD,escolar,Urbano,,false,0,true,0,no,0,0
Guillermo Ávila,652296479,3046228257,guillermo.ávila287@live.com,"Circular 46 #42-69, Montería",MFO945,740,CDA-77824,19/11/2020,2000.0,469551,3500,Fiat,hibrido,Automática,4x2,Particular,urbano,1,0,si,false,,1,0,1
Sandra Castro,128173065,3103003921,,"Calle 21 #64-45, Cúcuta",VGJ787,41,CDA-53910,2021-01-19,2010.0,197703,1800,Peugeot,eléctrico,CVT,4X2,Carga,urbano,no,no,no,no,true,0,no,1
Ingrid Bermúdez,861228631,3151909402,ingrid-bermúdez284@yahoo.com,"Carrera 59 #47-47, Bucaramanga",RDH850,869,CDA-42065,10-07-2020,2017.0,209573,1400,Kia,gasolina,Automatio,FWD,Taxi,suburbano,0,true,false,,no,false,true,1
Iván Salcedo,815011054,,iván.salcedo355@correo.com,"Calle 108 #55-56, Cartagena",OGF117,540,CDA-51522,28/09/2018,2021.0,37.2k km,1200,Dodge,Gasolina,,rwd,PARTICULAR,rural,false,no,1,si,no,false,0,1
Patricia Mejía,726030841,3179677658,patricia_mejía197@outlook.com,"Diagonal 48 #36-15, Pereira",CKM626,2757,CDA-83221,21-01-2024,2022.0,52k,1000,Mazda,gnv,Manual,AWD,PUBLICO,Mixto,no,no,no,no,false,false,false,0
Mauricio Ruiz,553425573,3011313665,mauricioruiz530@correo.com,"Calle 7 #75-65, Neiva",QLL 717,1372,CDA-86875,2020-10-24,2010.0,529729,1800,Honda,gnv,automatica,fwd,carga,urbano,false,no,yes,1,no,1,false,1
Ana Gómez,501003550,3044395397,anagómez845@hotmail.com,"Carrera 81 #60-36, Medellín",SIS346,1146,CDA-71232,2019-09-14,2019.0,125k,1600,Toyota,Electrico,MANUAL,AWD,Taxi,Mixto,si,0,no,0,,true,no,1
Patricia Díaz,1009003297,3218911356,patricia.díaz525@correo.com,"Transversal 27 #78-64, Cali",,1032,CDA-65725,03-12-2024,2019.0,62428,1500,Dodge,GNV,automatica,4x2,Carga,URBANO,si,false,no,no,0,no,no,1
Héctor Montoya,463675570,3231898452,héctor-montoya715@gmail.com,"Carrera 83 #2-64, Medellín",MER138,373,CDA-25798,2020-09-18,2005.0,681787,2200,Peugeot,Gas Natural,manual,4x4,publico,RURAL,0,false,yes,yes,true,yes,no,1
,418258668,3159122891,sebastiáncruz731@gmail.com,"Diagonal 110 #58-27, Barranquilla",BEG297,668,CDA-39346,2021/07/18,2003.0,761878,4000cc,Kia,Gas,automatica,rwd,Carga,urbano,true,false,yes,si,,1,no,1
Viviana Suárez,436102714,,viviana.suárez454@gmail.com,"Calle 106 #19-92, Armenia",FRM893,358,CDA-96797,2023-04-08,1998.0,593711,4000,Ford,gnv,manul,fwd,Publico,Urbano,no,0,no,no,no,0,false,1
Laura García,244674948,3217191102,lauragarcía284@gmail.com,"Diagonal 19 #99-72, Medellín",ECG594,968,CDA-51631,09-02-2024,2022.0,77014,2400,Fiat,Híbrido,Tiptronic,RWD,PUBLICO,RURAL,no,true,,,yes,0,0,0
Laura García,45323261,3113665154,laura.garcía564@gmail.com,"Avenida 30 #98-78, Cartagena",BMH 928,1354,CDA-34381,2019-12-10,2007.0,521.792,1000,Nissan,gnv,mecánica,awd,Taxi,RURAL,si,false,no,1,si,yes,0,1
Luis Rodríguez,702764497,3044449639,luis-rodríguez895@gmail.com,"Diagonal 120 #9-46, Cali",WCV465,1036,CDA-49190,2018-05-10,2020.0,147.219,3500cc,Fiat,GASOLINA,autom,RWD,PUBLICO,Rural,1,no,0,0,no,no,0,1
Natalia Reyes,297986841,3198359146,natalia_reyes458@outlook.com,"Diagonal 35 #48-74, Armenia",HSD512,471,CDA-73245,2024-11-26,,68811,4000,Chevrolet,Gas Natural,Tiptronic,AWD,escolar,rural,false,no,false,,yes,false,no,0
Sandra Castro,977494628,3136006118,sandracastro694@live.com,"Carrera 111 #8-6, Montería",GYH684,1397,CDA-58604,26-09-2018,2011.0,116193 km,1100,Renault,gasolina,automatica,4X4,particular,Mixto,false,true,no,0,0,false,no,1
Luis Rodríguez,285169580,3121958839,luis_rodríguez509@outlook.com,"Avenida 25 #91-99, Montería",DBY301,2888,CDA-91818,2021/08/06,2018.0,286k,1000,Kia,GASOLINA,MANUAL,4X2,Taxi,urbano,no,,false,0,0,false,no,1
Luis Rodríguez,1000510465,3242158557,luis.rodríguez782@correo.com,"Transversal 71 #28-33, Pereira",VHM480,1550,CDA-87303,02/03/2021,2001.0,786k,,Mitsubishi,nafta,semiautomatica,fwd,publico,urbano,true,no,false,no,0,false,0,1
Sebastián Cruz,779184548,3045724035,sebastián-cruz836@gmail.com,"Avenida 81 #98-78, Medellín",YVK836,1257,CDA-37413,18-09-2019,2013.0,247k,1500cc,Dodge,Gas,Mecanica,fwd,particular,Mixto,true,false,0,no,true,,false,1
Omar Leal,663706834,3197640760,omar.leal942@live.com,"Transversal 6 #84-14, Armenia",HRC-567,2095,CDA-91640,27-04-2018,2006.0,590280,3500,Volkswagen,Gasolina,manul,rwd,Taxi,RURAL,0,false,yes,no,,no,yes,1
Alejandro Zapata,,3235466848,alejandro.zapata826@yahoo.com,"Transversal 104 #80-23, Ibagué",QVE 904,1556,CDA-63146,2020/05/22,2002.0,610k,1300 cc,Chevrolet,gasolina,Tiptronic,4x4,Carga,Mixto,true,false,no,false,0,true,0,1
Felipe Ramos,118384215,3014801443,feliperamos648@hotmail.com,"Carrera 96 #81-51, Bucaramanga",SVA762,2841,CDA-12347,30-10-2024,1998.0,424.588,2200,Mazda,diesel,Automática,FWD,PARTICULAR,Suburbano,0,true,si,true,no,0,no,1
Héctor Montoya,1050635513,3206437463,héctor_montoya538@gmail.com,"Calle 118 #19-25, Montería",THP581,1251,CDA-97187,28/09/2022,2023.0,27.481,2000,Chevrolet,Gas,Manual,RWD,Carga,suburbano,no,0,no,false,0,false,false,0
José Hernández,,3215916124,josé.hernández803@live.com,"Avenida 18 #43-66, Bucaramanga",WMI121,1700,CDA-51653,21/07/2024,2003.0,331.970 km,3400,Honda,Diesel,cvt,4X4,PARTICULAR,URBANO,no,false,si,true,1,no,0,0
Darío Acosta,718616096,3165975354,daríoacosta768@hotmail.com,"Circular 85 #49-28, Neiva",JPN062,1253,CDA-63310,29-12-2021,2014.0,100.469,2350,Nissan,hibrido,Automática,fwd,Escolar,URBANO,true,false,,si,si,0,no,0
Fabio Arévalo,14990934,3021304889,fabio.arévalo717@live.com,"Calle 112 #61-21, Medellín",IVE-980,3057,CDA-45909,2021/10/17,2012.0,250000,1200,Peugeot,,Mecanica,awd,Taxi,rural,1,false,yes,0,si,,false,1
José Hernández,689888420,3148293509,josé_hernández92@live.com,,KDH-350,80,CDA-57086,2021-03-01,2024.0,0,1500 cc,Mitsubishi,GNV,Mecanica,4X4,escolar,suburbano,0,no,,no,0,0,no,0
Darío Acosta,862060619,3056072545,daríoacosta776@hotmail.com,"Avenida 94 #88-12, Montería",NDK 288,1173,CDA-36891,2022/11/19,2007.0,438285,1000 cc,Kia,Gasolina,manul,fwd,Taxi,URBANO,true,false,no,no,no,no,false,1
Catalina Ortiz,192729537,3102035117,catalinaortiz108@gmail.com,"Calle 89 #3-36, Montería",FJB-585,815,CDA-15377,2022-08-02,2002.0,432152,1600,Volkswagen,Híbrido,Automatio,awd,PARTICULAR,Mixto,si,si,no,1,,yes,0,1
María López,318386725,3124818809,maría-lópez797@correo.com,"Diagonal 2 #1-44, Cali",GMM177,1853,CDA-76914,2020/03/18,2010.0,224.668,2500 cc,Mazda,,Tiptronic,4X2,publico,suburbano,no,no,true,,1,0,si,1
Andrés Torres,201035999,,andrés.torres78@live.com,"Carrera 29 #90-40, Manizales",MKQ 495,2221,CDA-78608,15/11/2023,2001.0,513186,4000,Fiat,Gas Natural,AUTOMATICA,awd,TAXI,RURAL,no,0,0,si,yes,yes,no,1
José Hernández,48226573,3041418184,joséhernández407@yahoo.com,"Transversal 9 #88-82, Pasto",ONK 677,2885,CDA-23899,24-10-2023,2021.0,13.181,1600 cc,Mazda,Gas,semiautomatica,4X2,escolar,suburbano,no,no,false,si,false,0,false,0
Adriana Parra,961646365,3116981493,adriana-parra80@outlook.com,"Diagonal 45 #48-72, Armenia",SAN 813,2106,CDA-28513,16-08-2024,2013.0,410520,1000,Nissan,diesel,Automática,FWD,PUBLICO,mixto,0,,no,0,,false,false,1
Ana Gómez,12599345,3004802977,ana-gómez362@correo.com,"Circular 50 #88-92, Armenia",MZF920,134,CDA-21115,12/10/2024,2021.0,51.393,2400,Renault,Gas Natural,Automatio,4X2,Particular,Urbano,0,1,0,no,no,true,0,1
María López,595021915,3503478381,maría.lópez250@yahoo.com,"Transversal 100 #35-12, Villavicencio",DVT129,1141,CDA-20835,2022-11-07,2004.0,455.365,1100,Ford,eléctrico,CVT,fwd,Carga,urbano,,si,0,no,yes,1,false,1
Xiomara Pacheco,1012675677,3008833923,xiomarapacheco912@gmail.com,"Diagonal 78 #1-8, Armenia",GSI049,934,CDA-50064,16-08-2024,1998.0,221232,1600,Renault,Gasolina,manul,4X4,taxi,RURAL,yes,yes,no,,0,1,false,1
Jhon Morales,119749726,3201283072,jhon_morales242@live.com,"Circular 78 #61-3, Manizales",AFW258,929,CDA-39180,07/04/2022,2007.0,624604,4000,Dodge,Diesel,Manual,AWD,carga,suburbano,yes,si,0,no,1,,true,1
Natalia Reyes,185830611,3109788804,natalia-reyes666@outlook.com,"Calle 7 #96-31, Pereira",HXO 903,824,CDA-43451,09/05/2019,2018.0,133672,2200,Mazda,GNV,cvt,4X4,TAXI,Suburbano,false,,,false,false,1,no,1
Fabio Arévalo,91773426,3156249811,fabio-arévalo767@yahoo.com,"Diagonal 44 #3-7, Bucaramanga",JKC935,1532,CDA-38615,30/04/2021,2013.0,129103 km,3500cc,Toyota,nafta,CVT,,,,no,1,,1,si,1,no,1
Felipe Ramos,305301991,3157080599,feliperamos176@yahoo.com,"Calle 8 #78-22, Villavicencio",PKQ 610,1215,CDA-96930,2018-10-10,2006.0,410k,2500,Volkswagen,Gas Natural,cvt,awd,PUBLICO,Mixto,,,true,no,false,no,no,1
Ricardo Peña,601909351,3179035492,ricardopeña882@outlook.com,"Calle 32 #21-12, Bucaramanga",FOE582,505,CDA-24685,14-09-2023,2008.0,321.922 km,2000,Suzuki,Diesel,Automatio,fwd,público,RURAL,,yes,no,false,1,false,no,1
Patricia Díaz,74834075,3008677980,patricia_díaz975@live.com,"Circular 60 #81-36, Medellín",OKP 158,316,CDA-71898,2019-06-27,2022.0,50315,1300 cc,Dodge,DIESEL,Tiptronic,AWD,Escolar,Suburbano,0,no,no,0,0,no,no,0
Omar Leal,322533969,3216220782,omar-leal406@gmail.com,"Circular 22 #85-32, Armenia",UHX851,2396,CDA-78923,2020/10/01,2020.0,56510 km,1600,Renault,GASOLINA,Automática,,publico,RURAL,,no,yes,no,,0,false,1
Felipe Ramos,367220046,3106782164,feliperamos147@outlook.com,"Diagonal 72 #42-56, Pasto",IKJ440,1997,CDA-83344,07-01-2023,2011.0,322414,1500,Renault,gnv,Tiptronic,AWD,público,RURAL,0,no,si,no,no,false,no,0
Catalina Ortiz,816895992,3148691199,catalinaortiz561@hotmail.com,"Transversal 19 #58-88, Armenia",QZG445,2435,CDA-63922,2022/11/25,2009.0,,1000 cc,Volkswagen,eléctrico,MANUAL,4x4,escolar,suburbano,true,0,false,0,1,si,no,1
María López,1005394750,3195693961,maría-lópez760@gmail.com,"Diagonal 46 #17-3, Montería",PAA910,1959,CDA-71681,29/01/2023,2005.0,625488,3000 cc,Suzuki,GAS,AUTOMATICA,FWD,Taxi,Mixto,,,no,,1,yes,0,1
Patricia Mejía,524013148,3221157940,patricia_mejía262@hotmail.com,"Calle 111 #51-58, Manizales",MZT777,1385,CDA-61754,2021-07-15,1996.0,855.840,3000,Chevrolet,Gas,Automatio,FWD,público,Rural,false,no,false,1,false,1,false,1
Felipe Ramos,882891657,3123197475,felipe_ramos602@outlook.com,"Diagonal 101 #1-23, Cúcuta",FTM153,895,CDA-62828,21/11/2022,2009.0,530.5k km,2400cc,Suzuki,GNV,manual,AWD,Carga,suburbano,0,0,0,0,false,no,si,1
Patricia Díaz,290440427,3504184484,patricia.díaz384@outlook.com,"Transversal 111 #12-2, Bucaramanga",TLP892,829,CDA-97753,17-09-2019,2023.0,21.848,1600,Honda,gnv,Automatio,4X2,carga,mixto,0,false,no,false,false,false,false,0
Ricardo Peña,186109727,3211253592,ricardopeña88@outlook.com,"Circular 93 #54-83, Manizales",SQQ003,1938,CDA-19192,31-10-2020,2012.0,342092,2000 cc,Hyundai,Electrico,manual,4X2,Publico,rural,1,0,true,false,,true,false,1
Sandra Castro,931393688,3218748624,sandra_castro35@gmail.com,"Transversal 36 #80-7, Pasto",ATA647,2524,CDA-33590,03-01-2023,9999.0,113242,2200,Fiat,Híbrido,autom,fwd,publico,Rural,0,no,false,0,yes,0,no,0
Adriana Parra,994760219,3002967538,adrianaparra244@live.com,"Transversal 84 #1-75, Pasto",UGV184,1684,CDA-60890,2022-10-28,2016.0,219461,1600,Hyundai,Híbrido,tiptronic,FWD,Publico,urbano,no,false,no,no,false,no,false,0
Guillermo Ávila,925347681,3058931505,guillermo_ávila26@live.com,"Diagonal 13 #70-72, Montería",XPU 039,2826,CDA-74664,09-08-2020,2017.0,264465,3000,Volkswagen,Gas,MANUAL,4X2,Carga,Mixto,false,0,0,yes,false,false,no,1
Guillermo Ávila,1004167637,3215681175,guillermoávila493@yahoo.com,"Calle 80 #54-13, Barranquilla",BTS-940,2809,CDA-57093,23-09-2023,2005.0,605443,1000cc,Mitsubishi,GAS,Automatio,FWD,Carga,Rural,true,0,true,no,no,1,0,1
Felipe Ramos,728781653,3118248828,feliperamos417@hotmail.com,"Circular 4 #87-3, Cúcuta",CYE924,2759,,25/11/2019,2018.0,99122,1100 cc,Suzuki,GASOLINA,cvt,4x4,publico,Rural,1,no,false,no,no,0,no,1
Luis Rodríguez,199283540,3504821230,luis.rodríguez487@hotmail.com,"Circular 49 #65-47, Bogotá",TRN108,653,CDA-42219,12/04/2023,2011.0,298783,4000 cc,Toyota,gas,cvt,4X2,escolar,urbano,no,si,0,no,true,yes,no,1
Mónica Aguirre,664427094,3195947259,mónica-aguirre151@live.com,"Diagonal 33 #82-30, Bogotá",PDA358,173,CDA-32335,01-10-2019,2020.0,58.612,2400,Peugeot,DIESEL,Manual,4X2,particular,URBANO,no,1,no,no,false,no,no,0
Laura García,996944323,,laura-garcía452@outlook.com,,FRD619,39,CDA-42819,2019-11-09,2011.0,195.501 km,1300,Ford,gasolina,MANUAL,4X4,escolar,rural,0,0,false,no,si,false,no,0
Darío Acosta,574422828,3241486987,daríoacosta883@live.com,"Diagonal 55 #28-42, Manizales",VAL263,3140,CDA-56687,2023/10/26,2003.0,482846,1500cc,Dodge,GNV,cvt,awd,,mixto,no,false,true,yes,no,si,no,1
Patricia Díaz,314775305,3139805934,patriciadíaz971@yahoo.com,"Avenida 1 #22-38, Cali",QDF911,714,CDA-75953,27/05/2019,1999.0,699838,2500,Mitsubishi,GAS,Tiptronic,RWD,PUBLICO,urbano,false,yes,yes,,false,no,si,1
Fabio Arévalo,730301980,3237304414,fabioarévalo655@yahoo.com,"Transversal 60 #91-73, Montería",FVH483,91,CDA-70745,11/01/2018,2001.0,591k,1800,Ford,GASOLINA,automatica,,Taxi,RURAL,,yes,true,yes,yes,yes,no,1
Claudia Vargas,954122276,3217898158,claudia-vargas815@hotmail.com,"Diagonal 27 #69-16, Barranquilla",FTK385,633,CDA-62743,2021/02/07,2023.0,14288,1400,Honda,Electrico,autom,4x4,Particular,Suburbano,no,no,no,no,no,no,no,0
Ana Gómez,729927964,3017506383,anagómez415@correo.com,"Avenida 103 #64-44, Medellín",GVF783,1206,CDA-64174,20/07/2019,2024.0,0,3050,Honda,GSL,AUTOMATICA,4x2,taxi,urbano,0,yes,no,no,no,0,0,0
Héctor Montoya,910154298,3022544116,héctor-montoya185@live.com,"Calle 69 #88-84, Ibagué",KJO046,2717,CDA-35241,23/12/2018,2011.0,385987,2500,Peugeot,GSL,Automatio,FWD,escolar,Mixto,no,true,true,no,0,,0,1
Gustavo Barrera,335960652,,gustavo.barrera170@live.com,"Transversal 59 #8-98, Pereira",NKM 689,2837,CDA-81055,15-04-2021,1995.0,1139149,2000 cc,Hyundai,gasolina,cvt,4X4,TAXI,Rural,si,no,no,si,yes,si,0,1
Sandra Castro,724852123,3187902472,sandracastro723@hotmail.com,"Diagonal 46 #71-39, Cúcuta",ZKW-064,1828,CDA-57910,21-02-2024,2004.0,711k,1000 cc,Dodge,gasolina,Automática,4X2,Carga,Mixto,no,no,si,no,0,no,,1
Laura García,23649053,3163519884,laura_garcía898@gmail.com,"Circular 14 #73-31, Cali",ELC403,1156,CDA-69627,11/07/2020,1998.0,846914,4100,Peugeot,GAS,Automática,rwd,PUBLICO,urbano,si,1,no,0,0,no,no,1
Mónica Aguirre,531915431,3215314218,mónicaaguirre23@outlook.com,"Avenida 83 #3-36, Cúcuta",NIF097,1325,CDA-76225,2024-10-12,2006.0,275222,1600,Volkswagen,GSL,Mecanica,RWD,particular,URBANO,false,yes,si,,false,no,,1
Gloria Mendoza,225011688,3045432537,gloria_mendoza910@gmail.com,"Carrera 75 #11-30, Bogotá",VOO885,217,CDA-48955,2021-05-03,2012.0,230445 km,3950,Hyundai,GASOLINA,MANUAL,fwd,,Mixto,,no,no,0,no,0,,1
Gustavo Barrera,1055158365,3233394839,gustavo-barrera371@correo.com,"Avenida 115 #86-25, Ibagué",PJC969,511,CDA-83006,2023/03/03,2007.0,459k,1300 cc,Fiat,gnv,Automatio,FWD,escolar,rural,no,1,yes,no,yes,1,false,1
Ana Gómez,856485753,3108878377,ana.gómez180@live.com,"Transversal 95 #8-40, Pereira",JPE055,1681,CDA-68414,13-06-2021,2003.0,2888,,Renault,Gasolina,Tiptronic,FWD,publico,URBANO,1,0,si,no,1,,no,1
Jhon Morales,1007632236,3048721613,jhon.morales203@hotmail.com,"Transversal 68 #69-8, Montería",APY-409,500,CDA-38971,2018/07/12,2017.0,102403 km,1500,Honda,Híbrido,autom,4x2,Taxi,RURAL,no,1,yes,1,false,false,no,1
Andrés Torres,215626447,3149335304,,"Calle 51 #52-50, Bucaramanga",QPJ-120,2723,CDA-46733,16/02/2022,2007.0,289.989,3000cc,Toyota,GASOLINA,Mecanica,4X2,público,Mixto,si,false,si,no,false,no,0,1
María López,421495364,3128047655,maría.lópez274@yahoo.com,"Calle 44 #6-56, Cúcuta",EJH717,1857,CDA-23200,2018-02-12,1998.0,921530,1800,Honda,GAS,semiautomatica,4X4,público,mixto,yes,no,yes,1,yes,si,false,1
Felipe Ramos,602341392,,felipe_ramos126@live.com,"Circular 95 #72-31, Cúcuta",LLU155,1389,CDA-19858,04/06/2020,2018.0,151440,2400,Chevrolet,Gasolina,Tiptronic,4X2,publico,urbano,no,0,no,true,false,false,0,1
Viviana Suárez,258690493,3181488911,viviana_suárez846@correo.com,"Calle 119 #96-31, Montería",FDH 779,1520,CDA-76924,20-10-2020,2014.0,389.056 km,1100,Chevrolet,Gas,manual,4X4,carga,RURAL,0,no,no,no,,0,false,1
Marcela Fuentes,954487387,3013313854,marcelafuentes61@gmail.com,"Calle 90 #97-98, Manizales",ZQK651,2387,CDA-87858,15-02-2023,2015.0,209447,1800,Hyundai,diesel,Automatio,4x4,taxi,Urbano,no,no,false,no,no,1,no,0
Carlos Martínez,428244633,3001087822,carlos.martínez367@outlook.com,"Avenida 82 #50-54, Cali",WZT915,2988,CDA-22707,28-04-2024,1998.0,668k,2200,Nissan,GASOLINA,Mecanica,4x2,taxi,Mixto,si,0,false,no,no,true,no,1
Viviana Suárez,162933641,3209613596,viviana_suárez865@correo.com,"Carrera 3 #92-27, Ibagué",NER 276,2077,CDA-94182,2021/04/21,2018.0,177709,3500 cc,Kia,Electrico,Manual,rwd,Carga,suburbano,0,no,0,,0,false,0,0
Guillermo Ávila,911248805,3503978497,guillermo_ávila879@outlook.com,"Diagonal 4 #76-98, Armenia",ANE912,1541,CDA-72694,12/04/2024,2004.0,495872,2000,Mazda,GNV,Mecanica,RWD,Carga,rural,1,no,no,,0,true,no,1
José Hernández,554407175,3138373160,josé.hernández191@gmail.com,"Diagonal 8 #17-43, Neiva",OUG489,1218,CDA-87660,11/03/2018,2003.0,568941,1000,Hyundai,gasolina,Mecanica,awd,escolar,URBANO,,0,true,no,no,false,no,1
,29893337,3143412104,yolanda_cárdenas813@correo.com,"Carrera 94 #72-73, Bogotá",XQB572,2682,CDA-49598,,2005.0,431.958,1400,Peugeot,hibrido,AUTOMATICA,RWD,escolar,Mixto,no,no,no,no,0,true,0,0
Guillermo Ávila,373626950,3208610111,guillermo-ávila986@outlook.com,"Carrera 103 #11-35, Barranquilla",AEI789,1417,CDA-66323,15-10-2023,2019.0,127k,1000,Mitsubishi,eléctrico,Mecanica,FWD,Publico,Suburbano,1,false,no,false,false,false,no,0
Claudia Vargas,650298150,3117658149,claudia_vargas369@yahoo.com,"Avenida 101 #24-42, Neiva",ECA075,2218,CDA-40180,2019-04-29,1996.0,686112,1000,Mitsubishi,GNV,autom,RWD,Taxi,urbano,,true,,false,yes,no,no,1
Adriana Parra,614387062,3049711440,adrianaparra561@correo.com,"Carrera 49 #4-99, Bogotá",NWP877,2766,CDA-95669,2020-07-03,2017.0,218.1k km,2200 cc,Hyundai,hibrido,automatica,4X4,Taxi,suburbano,0,1,no,false,si,1,no,0
Andrés Torres,899826230,3239251328,andrés.torres212@correo.com,"Avenida 16 #93-97, Manizales",LVC847,1677,CDA-25385,17/12/2022,2024.0,0,3500 cc,Suzuki,Gas Natural,automatica,rwd,Escolar,URBANO,no,yes,no,false,si,false,false,1
Héctor Montoya,821240091,3177342783,héctormontoya668@live.com,"Calle 62 #48-50, Neiva",NSF 527,1198,CDA-19428,28-05-2024,1995.0,,2300,Mazda,gnv,Tiptronic,4X4,PUBLICO,suburbano,no,yes,true,no,false,true,no,1
Gustavo Barrera,287719724,3506670262,gustavo_barrera548@yahoo.com,"Calle 113 #87-41, Bucaramanga",OYK597,1543,CDA-11107,21/11/2023,2010.0,314k,2200 cc,Fiat,eléctrico,tiptronic,,PARTICULAR,Suburbano,0,no,no,yes,0,false,1,1
Diana Herrera,825110699,3124685747,diana_herrera971@hotmail.com,"Diagonal 23 #52-30, Villavicencio",SJZ768,2540,CDA-73276,2018/06/18,2018.0,91483,2500,Renault,gasolina,Tiptronic,RWD,particular,urbano,no,no,no,0,,false,0,1
Ricardo Peña,976749034,3052569791,ricardo_peña128@gmail.com,"Carrera 79 #6-45, Cúcuta",SHP 136,954,CDA-37578,26-06-2020,2018.0,214.969 km,1100 cc,Volkswagen,gasolina,mecánica,fwd,Escolar,Urbano,false,true,no,no,false,false,false,0
Felipe Ramos,959217970,3159752322,felipe_ramos507@gmail.com,"Carrera 86 #46-33, Bogotá",EDL596,2636,CDA-67827,10/01/2022,2012.0,396k,1800 cc,Renault,nafta,semiautomatica,fwd,publico,Suburbano,false,yes,no,0,true,,no,1
Guillermo Ávila,108726266,3216620165,guillermo.ávila434@live.com,,SUH-748,751,CDA-19331,21/07/2018,1998.0,,1300,Ford,Híbrido,manul,4x4,publico,Urbano,si,no,no,0,1,1,no,1
Marcela Fuentes,90939834,3164526333,marcela.fuentes334@yahoo.com,"Avenida 106 #42-26, Medellín",EQF479,235,CDA-68632,2018-07-07,2002.0,903.750,2450,Renault,Gas,CVT,FWD,carga,Suburbano,yes,false,,false,si,0,yes,1
Adriana Parra,532348064,3016354995,adriana_parra247@live.com,"Transversal 87 #2-15, Neiva",XBT848,733,CDA-90973,26-11-2021,2017.0,117.859 km,1350,Renault,gnv,CVT,awd,Particular,mixto,no,yes,0,no,si,true,no,0
Xiomara Pacheco,508631334,3216042115,xiomara.pacheco263@correo.com,"Transversal 39 #49-76, Ibagué",IUL359,3077,CDA-70550,2022-01-01,2018.0,184881,4000,hiunday,GASOLINA,AUTOMATICA,4x2,público,URBANO,no,0,no,no,0,,yes,1
Marcela Fuentes,461242157,3158220429,marcela.fuentes813@gmail.com,"Circular 110 #78-77, Cartagena",GRQ938,1157,CDA-63595,2020-03-24,2015.0,178.5k km,2200,Nissan,hibrido,manul,AWD,escolar,Mixto,true,1,no,false,0,true,,1
Guillermo Ávila,425747708,3502079308,guillermo_ávila412@yahoo.com,"Carrera 81 #68-19, Pereira",BUL 386,1079,CDA-80406,2023-09-06,2013.0,398k,2500,Honda,Híbrido,Tiptronic,4x2,taxi,urbano,false,si,false,yes,0,false,false,1
Lina Santana,502131180,3001227315,lina-santana311@hotmail.com,"Circular 39 #17-35, Bogotá",SYJ598,2446,CDA-10585,2024-11-02,9999.0,593475 km,1600cc,Renault,GSL,Automatio,4x4,PUBLICO,Rural,yes,si,,yes,no,no,si,1
Gustavo Barrera,988601643,3509976190,gustavo.barrera338@outlook.com,"Circular 30 #28-66, Neiva",JDK 438,1210,CDA-51126,21-06-2022,2021.0,68.6k km,1500,Honda,gasolina,AUTOMATICA,,particular,Rural,no,0,no,false,si,0,no,1
Mauricio Ruiz,112301904,3197740584,mauricioruiz350@yahoo.com,"Circular 100 #57-80, Armenia",GRP894,1066,CDA-56956,03/01/2020,2017.0,116217,2000,Hyundai,eléctrico,semiautomatica,4X4,público,RURAL,no,false,false,1,1,si,no,1
Andrés Torres,544854882,3163394101,andrés_torres950@outlook.com,"Transversal 2 #27-5, Cúcuta",ZIN 115,2157,CDA-63889,,2010.0,186362,1100cc,Suzuki,Gas,manul,fwd,particular,mixto,1,no,no,,0,0,no,0
Darío Acosta,579061874,3183349799,darío-acosta329@correo.com,"Transversal 64 #36-40, Neiva",OYF140,1063,CDA-26141,10-08-2022,1998.0,874009,1400,Hyundai,Gas,Tiptronic,4X4,PUBLICO,Rural,1,0,no,,true,no,false,1
Viviana Suárez,467710175,3051699750,viviana-suárez607@gmail.com,"Circular 12 #34-41, Montería",GGS027,2617,CDA-28053,16/11/2021,1996.0,545823,2450,Mazda,Diesel,automatica,fwd,carga,Suburbano,yes,no,no,false,true,si,0,1
José Hernández,333385553,3232406559,josé.hernández368@live.com,"Calle 80 #12-3, Neiva",ULM356,1168,CDA-38806,2024/09/04,2001.0,672274 km,3000 cc,Fiat,GASOLINA,Automática,RWD,Escolar,Suburbano,yes,1,,no,no,,no,1
Natalia Reyes,78690859,3208070319,nataliareyes532@correo.com,"Transversal 110 #80-45, Barranquilla",IWA699,1493,CDA-11235,2022/09/06,2022.0,41.536,1300,Mazda,Electrico,Manual,FWD,carga,urbano,,no,no,no,true,,0,0
Luis Rodríguez,1016845561,3003108120,luis-rodríguez106@outlook.com,"Avenida 56 #75-52, Cali",INT293,2718,CDA-31460,13-05-2018,2017.0,221474,3500,Fiat,gasolina,manul,4X4,taxi,suburbano,no,yes,false,,no,false,0,1
Sebastián Cruz,930475396,3132057139,sebastián_cruz114@live.com,"Calle 58 #85-45, Manizales",DYG 755,885,CDA-59244,24-03-2020,2019.0,150.6k km,,Chevrolet,Diesel,manual,4x4,publico,Urbano,si,,false,no,0,,no,0
José Hernández,214268247,3186049913,josé_hernández410@gmail.com,"Avenida 64 #79-7, Manizales",ZMQ989,144,CDA-11362,2021/08/15,2023.0,26384,3000,Suzuki,Híbrido,manual,4x2,Escolar,Mixto,0,false,no,no,0,no,,0
Claudia Vargas,185270157,3181651651,claudia-vargas232@outlook.com,"Circular 113 #47-84, Pereira",JBK702,1721,CDA-38536,01/01/2020,2018.0,173k,1200,Dodge,Gasolina,Mecanica,rwd,taxi,RURAL,false,no,no,true,,false,no,0
Ingrid Bermúdez,412927854,3217589369,ingrid_bermúdez534@gmail.com,"Carrera 36 #59-10, Manizales",KFW 677,851,CDA-33902,2020-12-12,2008.0,325.223,,Honda,gasolina,tiptronic,4x2,Carga,urbano,no,no,false,0,0,no,0,0
Sandra Castro,638820685,3153241147,sandracastro821@hotmail.com,"Avenida 105 #78-59, Neiva",YOE736,718,CDA-46643,2018-03-29,2018.0,156763,1100,Ford,diesel,AUTOMATICA,fwd,público,URBANO,false,false,no,0,no,false,false,0
Ernesto Pineda,153950400,3171674786,ernestopineda865@correo.com,"Transversal 71 #19-20, Bucaramanga",TUE-887,3121,CDA-23251,13/05/2023,2003.0,269.303 km,1000 cc,Fiat,Gas,autom,awd,particular,RURAL,si,,false,true,false,no,false,1
Xiomara Pacheco,543217339,,xiomara.pacheco975@live.com,"Avenida 42 #37-33, Cúcuta",DJF006,2503,CDA-88974,05/04/2021,2024.0,0,4000,Mitsubishi,Híbrido,cvt,4X4,particular,suburbano,yes,false,false,no,no,no,no,0
Luis Rodríguez,591655633,3249435412,luis.rodríguez442@hotmail.com,"Carrera 11 #23-44, Bucaramanga",NXO999,265,CDA-54786,23/06/2022,2017.0,161740 km,1600,Peugeot,Diesel,Manual,AWD,Publico,urbano,no,,no,false,no,false,false,0
Gloria Mendoza,155313081,3222089275,gloria-mendoza125@correo.com,"Avenida 68 #53-68, Barranquilla",PCS694,76,CDA-47642,20-07-2021,2012.0,373971 km,1200 cc,Dodge,DIESEL,Mecanica,4X4,público,suburbano,1,1,false,1,true,no,false,1
Lina Santana,894189209,3101460201,lina_santana146@yahoo.com,"Transversal 15 #55-19, Bucaramanga",POI 640,2493,CDA-73671,2018/10/18,2024.0,0,1050,Honda,GNV,cvt,rwd,carga,urbano,false,0,no,no,no,no,no,0
Sebastián Cruz,850224122,3008757307,sebastián.cruz984@yahoo.com,"Calle 77 #32-82, Neiva",DWY401,396,CDA-13287,2023/09/21,2008.0,343k,,Suzuki,Electrico,CVT,rwd,Taxi,rural,si,true,no,si,0,0,true,1
Carlos Martínez,564173520,3237870048,carlos_martínez2@live.com,"Diagonal 63 #30-87, Villavicencio",DAA462,2796,CDA-20831,27/11/2020,2015.0,100638,1300,Suzuki,DIESEL,MANUAL,rwd,PARTICULAR,rural,,no,,false,no,yes,1,0
Laura García,1069381816,3171381696,lauragarcía706@correo.com,"Diagonal 112 #35-58, Bucaramanga",SYO 513,2225,CDA-51454,07-11-2023,2018.0,,2500,Volkswagen,Diesel,manul,RWD,TAXI,mixto,no,false,no,no,0,0,false,0
Guillermo Ávila,990767407,3182982540,guillermo-ávila847@correo.com,"Carrera 74 #70-38, Bucaramanga",SWD 597,3076,CDA-53750,13/12/2022,2003.0,811.344,1400cc,Volkswagen,,CVT,,Taxi,Rural,no,yes,no,no,false,no,false,1
Lina Santana,984519046,3202366435,lina.santana197@gmail.com,"Transversal 58 #8-74, Bucaramanga",GYJ-392,397,CDA-92732,06/08/2021,1997.0,196854,3000,Honda,Diesel,Tiptronic,4x2,Particular,Mixto,no,0,false,0,0,no,no,1
Mauricio Ruiz,868086140,3224943840,mauricio_ruiz942@correo.com,"Transversal 11 #20-8, Bogotá",JYF848,1366,CDA-22099,,1995.0,690519,2450,Dodge,GASOLINA,tiptronic,4X2,carga,rural,no,yes,1,yes,true,si,,1
,671598645,3022263409,sebastián-cruz25@correo.com,"Calle 71 #63-37, Pasto",AGN570,2746,CDA-59752,08-08-2023,2012.0,273305 km,1400 cc,Renault,hibrido,autom,4X2,Carga,Mixto,no,no,,1,no,0,0,0
Héctor Montoya,767029769,3167512386,héctor_montoya400@outlook.com,"Circular 64 #84-94, Bucaramanga",EXC603,1904,CDA-71862,25/04/2024,2003.0,583.2k km,3500,Renault,GSL,Mecanica,4X4,carga,Suburbano,1,no,,yes,0,no,no,1
Gustavo Barrera,490382946,3163349403,gustavo_barrera75@yahoo.com,"Calle 15 #25-43, Cali",CUO477,596,CDA-37297,2024-12-24,2000.0,508197,1000,Chevrolet,Gasolina,Manual,4x2,carga,mixto,1,0,true,yes,0,true,,1
Iván Salcedo,438232612,3143339565,iván.salcedo728@hotmail.com,"Diagonal 86 #39-13, Medellín",JAP737,2110,CDA-19794,01/05/2019,2004.0,590k,2900,Dodge,Diesel,Manual,FWD,escolar,Urbano,false,1,false,no,no,0,no,1
Marcela Fuentes,430783411,3169671759,marcela.fuentes625@correo.com,"Circular 118 #1-78, Manizales",XEC 169,1297,CDA-80143,2021/05/08,2012.0,229630,1000,Fiat,Gas Natural,mecánica,awd,PARTICULAR,RURAL,yes,si,true,true,yes,0,0,1
Mauricio Ruiz,1071084081,3056757790,mauricio_ruiz793@correo.com,"Calle 112 #69-2, Ibagué",VXK674,1822,CDA-79034,2018-12-04,2014.0,255763,3000,Kia,Gas,autom,fwd,Publico,Suburbano,false,1,no,0,si,1,1,1
Omar Leal,1091735365,3232264107,omarleal894@hotmail.com,"Circular 104 #17-58, Neiva",CJX-352,873,CDA-16024,2023/11/06,2004.0,293.102,2500,Nissan,DIESEL,mecánica,AWD,público,urbano,1,no,no,,true,0,no,1
Catalina Ortiz,478223560,3165951827,catalinaortiz605@gmail.com,"Calle 39 #5-27, Medellín",TLA-295,3198,CDA-73301,2019/01/30,2005.0,206651,1150,Dodge,Híbrido,Automatio,awd,carga,Suburbano,0,si,true,false,false,false,0,1
Roberto Nieto,46182113,,roberto.nieto552@yahoo.com,"Carrera 9 #78-4, Manizales",CCR426,2327,CDA-30623,19-12-2018,2012.0,201746 km,2000 cc,Mazda,gas,Manual,FWD,taxi,RURAL,true,true,true,si,false,no,false,1
Claudia Vargas,1019722812,3101004957,claudiavargas924@correo.com,"Carrera 81 #17-38, Neiva",JVC361,1549,CDA-71309,2019-01-06,2024.0,0,1800,Chevrolet,eléctrico,Tiptronic,RWD,escolar,URBANO,,0,0,0,false,0,0,0
Catalina Ortiz,844218514,3057437584,catalinaortiz651@live.com,"Circular 120 #23-72, Cali",DIL030,37,CDA-83607,2023/07/21,2019.0,132832 km,1800,Hyundai,Gas,manual,rwd,escolar,urbano,no,no,no,false,no,false,no,1
Mauricio Ruiz,1032791298,3112939842,mauricio.ruiz992@yahoo.com,"Avenida 20 #36-78, Medellín",QDB878,2711,CDA-23048,2019/04/12,1996.0,528.129 km,2300,Mazda,DIESEL,,AWD,carga,urbano,false,no,false,false,,no,false,0
Natalia Reyes,610741688,3196536436,nataliareyes373@outlook.com,"Calle 80 #33-88, Neiva",WJT-452,2776,CDA-78513,2022-10-29,2012.0,274361,1400,Renault,GASOLINA,tiptronic,4X2,PUBLICO,rural,,,0,si,no,,no,1
Roberto Nieto,630428773,3122462213,roberto.nieto930@hotmail.com,"Diagonal 70 #18-85, Cartagena",IGK403,2144,CDA-13961,2018-08-08,2005.0,509k,1850,Dodge,GAS,automatica,4x2,TAXI,Mixto,no,false,0,yes,0,false,no,1
Natalia Reyes,120298048,3173380702,nataliareyes891@yahoo.com,"Circular 105 #49-66, Barranquilla",ISZ965,2895,CDA-15052,19/04/2024,2006.0,213882,950,Honda,gnv,cvt,4x4,Taxi,RURAL,no,0,0,false,no,,1,0
Ana Gómez,750613261,3188808554,ana-gómez983@correo.com,"Avenida 65 #88-80, Cúcuta",GDO 694,978,,12-06-2018,1995.0,4.317 km,2000cc,Dodge,GSL,CVT,4X4,Carga,Rural,yes,,no,,no,true,no,1
Gustavo Barrera,563996801,3508521941,gustavo_barrera514@correo.com,"Calle 31 #74-91, Armenia",ZBS286,1572,CDA-62996,2018/02/11,1998.0,405413,3500,Mitsubishi,hibrido,Tiptronic,4x2,Escolar,Rural,yes,no,1,,1,yes,yes,1
Camilo Rojas,40857733,3171544196,camilorojas585@gmail.com,"Carrera 53 #90-39, Pasto",GTR363,1123,CDA-11832,2018-02-28,1995.0,518.354,1300,Renault,gasolina,autom,rwd,PARTICULAR,Rural,,1,yes,yes,yes,si,1,1
Ricardo Peña,1056496461,3173705120,ricardo.peña567@hotmail.com,"Circular 116 #25-85, Montería",VYS208,2240,CDA-48016,10/01/2024,2009.0,271326,1550,Hyundai,GSL,Mecanica,rwd,Particular,mixto,false,1,si,no,no,false,0,1
Andrés Torres,862255294,3248768585,,"Calle 24 #73-65, Pasto",KUK-873,2505,CDA-41530,16-11-2024,2004.0,337k,2250,Ford,Diesel,manul,AWD,público,URBANO,true,no,,no,1,no,true,1
Adriana Parra,308124257,3015581269,adrianaparra999@live.com,"Circular 111 #59-24, Villavicencio",MUT722,1893,CDA-89947,2020-04-11,1995.0,630.1k km,3000,Suzuki,GSL,tiptronic,awd,Publico,mixto,0,yes,no,si,1,yes,no,1
Sebastián Cruz,783675340,3216574549,sebastiáncruz544@correo.com,"Circular 25 #78-34, Cali",AUR 593,676,CDA-93155,07/10/2023,2003.0,402.5k km,1300,Ford,Electrico,mecánica,rwd,taxi,RURAL,si,true,no,false,no,0,0,1
Ingrid Bermúdez,593560939,3113993326,,"Carrera 22 #49-71, Armenia",NAR-439,729,CDA-47610,03-05-2022,1995.0,364561,1600,renoult,DIESEL,Mecanica,RWD,Particular,URBANO,false,true,1,1,false,false,yes,1
Catalina Ortiz,107653124,3175050622,catalina.ortiz84@gmail.com,"Transversal 52 #83-43, Bucaramanga",CIK320,413,CDA-62429,2021/05/15,2024.0,0k,2200,Fiat,GNV,,FWD,Taxi,rural,no,,0,false,no,no,,0
Patricia Mejía,342365477,3159496195,patricia_mejía701@gmail.com,"Circular 81 #53-45, Medellín",PVI 207,1517,CDA-13846,2020-08-13,2018.0,218k,1500,Kia,GNV,Automatio,4x2,Taxi,mixto,no,0,no,yes,,false,false,1
Xiomara Pacheco,1075717662,3187328946,xiomarapacheco860@live.com,"Carrera 120 #54-39, Medellín",IBE433,1650,CDA-37053,2024-12-19,2023.0,44.421,4000cc,Mazda,DIESEL,semiautomatica,fwd,taxi,rural,no,no,0,false,0,false,no,0
María López,542358560,3172872937,maríalópez901@correo.com,"Avenida 17 #95-25, Armenia",FTA200,826,CDA-81368,2021/03/12,2008.0,574406,3500,Suzuki,GSL,automatica,4X4,público,Mixto,false,yes,no,false,yes,no,,1
Sandra Castro,311842157,3159822849,sandra.castro894@gmail.com,"Transversal 104 #22-4, Manizales",WDI813,617,CDA-11269,2020-07-11,2012.0,,1100,Renault,Gasolina,automatica,4x4,particular,Suburbano,no,1,no,yes,false,si,1,1
Fabio Arévalo,925047811,3187861089,fabioarévalo325@yahoo.com,"Carrera 57 #30-34, Villavicencio",XHN502,115,CDA-57216,31-03-2020,2010.0,329.802,3500cc,Kia,gasolina,mecánica,rwd,taxi,,no,0,no,false,no,0,yes,0
Sebastián Cruz,368413840,3219034763,sebastián.cruz176@yahoo.com,"Circular 20 #3-92, Pasto",KGE489,418,CDA-29104,15-09-2023,2004.0,517.4k km,1500,Hyundai,Gasolina,automatica,fwd,Escolar,Suburbano,no,no,0,,1,1,0,0
Héctor Montoya,389882416,3159658891,héctor_montoya416@outlook.com,"Carrera 20 #62-90, Bogotá",AVO447,1626,CDA-10061,2022/02/05,1999.0,827.5k km,1600 cc,Ford,GASOLINA,mecánica,4x2,Carga,suburbano,yes,no,yes,false,yes,0,false,1
Andrés Torres,285294440,3108209881,andrés-torres175@outlook.com,"Avenida 111 #33-71, Cúcuta",JGX 108,2653,CDA-62516,2024-09-05,2001.0,663.1k km,1100,Ford,diesel,AUTOMATICA,RWD,carga,mixto,no,0,no,no,yes,no,0,0
Roberto Nieto,206393533,3141924238,robertonieto748@live.com,"Avenida 116 #46-95, Barranquilla",BNM-971,2564,CDA-27264,2024/01/28,1998.0,,1800,Ford,Gas,Automática,rwd,TAXI,urbano,no,,true,yes,,true,false,1
Alejandro Zapata,1082489655,3196372365,alejandro_zapata663@correo.com,"Avenida 97 #74-86, Cali",SXI140,90,CDA-13250,2020/06/21,2004.0,576990,1300,Kia,Gas,Manual,RWD,Carga,Urbano,no,si,no,true,false,0,no,1
Camilo Rojas,708843747,3013221185,camilo.rojas162@yahoo.com,"Diagonal 28 #93-62, Ibagué",NCD644,2083,CDA-15719,2021/01/18,2005.0,269.2k km,4000,Hyundai,Gasolina,Manual,FWD,Carga,Mixto,0,si,no,yes,true,si,si,1
Natalia Reyes,226897506,3216720037,natalia.reyes565@yahoo.com,"Calle 106 #7-13, Bucaramanga",DTJ865,754,CDA-87618,,2003.0,414.6k km,3500,Suzuki,gasolina,cvt,FWD,particular,RURAL,true,false,1,false,true,si,0,1
Héctor Montoya,112703067,3234148706,héctor-montoya917@live.com,"Calle 14 #96-80, Barranquilla",NYN844,2547,CDA-25882,05/03/2022,2020.0,,1550,Fiat,GSL,mecánica,4x2,carga,Rural,false,no,no,no,yes,0,no,0
Sandra Castro,194857149,3232126536,sandra_castro202@hotmail.com,"Transversal 67 #67-35, Pereira",WMK030,1631,CDA-32908,31-07-2023,2009.0,429532,4000cc,Dodge,GASOLINA,cvt,fwd,Carga,Rural,no,false,0,no,1,no,no,0
Gustavo Barrera,12471893,3228750676,gustavo-barrera531@yahoo.com,"Diagonal 81 #57-98, Bogotá",OYL619,12,CDA-30758,2018/02/26,1995.0,623.703,1850,Suzuki,Gas,AUTOMATICA,RWD,Carga,rural,yes,yes,1,true,false,yes,no,1
Xiomara Pacheco,698366145,3163114117,xiomara_pacheco149@gmail.com,"Avenida 54 #77-4, Montería",GZZ165,2445,CDA-83489,30-09-2020,1995.0,615602,3000,Chevrolet,Gasolina,cvt,4X4,Carga,Urbano,1,false,yes,true,si,,yes,1
Roberto Nieto,75036911,3049889427,roberto.nieto895@gmail.com,"Carrera 106 #83-67, Neiva",EYN588,285,CDA-32818,01/05/2023,1800.0,1147k,1500,Renault,Gasolina,Automática,4X4,PUBLICO,Urbano,true,yes,si,yes,false,no,no,1
Esperanza Vega,886146621,3184037644,esperanza_vega51@outlook.com,"Diagonal 89 #20-93, Armenia",,1067,CDA-44831,23-01-2018,2014.0,,1000,Kia,Gas,semiautomatica,AWD,Carga,Rural,0,false,0,false,false,no,no,0
Gustavo Barrera,929380765,3187410728,gustavo_barrera154@live.com,"Diagonal 56 #52-29, Cartagena",TCA941,1192,CDA-79701,30-04-2024,2022.0,29989,1300cc,Nissan,gnv,CVT,rwd,taxi,Rural,,0,0,,no,yes,false,0
Laura García,1022161691,3023255165,laura_garcía444@live.com,"Diagonal 50 #13-92, Bucaramanga",XPJ199,1441,CDA-92981,11/07/2021,2021.0,89914,1300,Fiat,,Automática,4X2,escolar,rural,0,false,no,false,no,false,false,0
Viviana Suárez,,3154258577,viviana.suárez646@correo.com,"Diagonal 52 #96-65, Barranquilla",,3079,CDA-15817,2020-11-11,2009.0,401.327 km,1100,Chevrolet,Gas,automatica,awd,carga,Rural,no,false,yes,no,si,si,no,1
Luis Rodríguez,375053403,3102616914,luis.rodríguez575@gmail.com,"Avenida 60 #3-54, Cali",XGE740,3078,CDA-12452,21/01/2024,2010.0,408069,2400 cc,Toyota,eléctrico,Tiptronic,rwd,carga,Suburbano,,no,1,no,no,0,0,1
Natalia Reyes,80442521,3178942298,nataliareyes469@yahoo.com,"Transversal 12 #5-38, Medellín",BKP626,2739,CDA-82498,2023-01-20,1997.0,989.7k km,2500,Kia,Gasolina,automatica,FWD,Carga,Mixto,no,yes,si,false,no,true,no,1
Claudia Vargas,927204005,3124358210,claudia_vargas1@gmail.com,"Transversal 111 #17-33, Cali",BGM-863,2975,CDA-87288,03/07/2021,2021.0,95k,1400 cc,Hyundai,GASOLINA,Mecanica,awd,Escolar,Suburbano,yes,1,,no,false,false,0,1
Fabio Arévalo,599930503,3186331589,fabio-arévalo800@hotmail.com,"Calle 23 #87-45, Manizales",FGJ 740,1569,CDA-54994,01-03-2019,2011.0,172k,1200,Toyota,Diesel,tiptronic,4x4,carga,Mixto,,no,si,,no,no,,1
Guillermo Ávila,166121310,3242662557,guillermoávila949@outlook.com,"Transversal 109 #50-69, Medellín",CNA639,2428,CDA-19309,16/12/2024,2023.0,24.533,2150,Peugeot,GSL,automatica,FWD,escolar,Urbano,,0,0,false,no,false,no,1
,83332664,3124272969,felipe_ramos695@gmail.com,"Circular 11 #58-44, Armenia",PRT583,2738,CDA-11896,2022-09-19,2012.0,330810,2200,Chevrolet,Electrico,,FWD,escolar,URBANO,true,0,false,yes,no,0,no,1
Esperanza Vega,89422055,3508507830,esperanzavega271@gmail.com,"Transversal 16 #40-93, Cali",YTY 979,2829,CDA-79333,20-11-2019,2023.0,32135,3000,Mazda,gas,mecánica,rwd,Taxi,mixto,false,0,0,0,no,0,false,0
Viviana Suárez,139556685,3045159666,viviana.suárez851@live.com,"Transversal 22 #52-78, Villavicencio",EDU051,1688,CDA-93137,,2019.0,132543,2200,Renault,Híbrido,mecánica,,Carga,Suburbano,false,no,no,false,false,false,no,1
Iván Salcedo,113133641,3011959194,iván_salcedo808@gmail.com,"Calle 94 #52-83, Manizales",AOB312,852,CDA-76047,27/11/2023,2024.0,0,1000,Toyota,hibrido,manual,rwd,Particular,URBANO,no,0,false,no,false,0,no,0
Catalina Ortiz,62939271,3121023225,catalina.ortiz131@outlook.com,"Transversal 77 #51-44, Medellín",UES403,2208,CDA-78536,2019/12/21,2011.0,359k,2050,Dodge,GASOLINA,semiautomatica,FWD,Publico,urbano,no,,true,no,no,1,0,1
Camilo Rojas,63244292,3145885366,camilo.rojas415@hotmail.com,"Circular 85 #92-93, Montería",TVM024,896,CDA-67760,2019-05-28,2007.0,507k,3500 cc,Hyundai,Gas,Manual,rwd,carga,Urbano,true,no,1,no,true,true,false,1
Esperanza Vega,553039153,3193404576,esperanza-vega370@correo.com,"Calle 91 #62-38, Barranquilla",KBD 087,497,CDA-48947,13-09-2024,2020.0,68k,2200,Kia,Diesel,semiautomatica,AWD,PUBLICO,Rural,false,no,,true,,false,0,1
Marcela Fuentes,917056629,3172442399,marcelafuentes499@gmail.com,"Circular 57 #88-39, Villavicencio",RAL485,2306,CDA-53804,2019/11/06,2022.0,,1300,Hyundai,DIESEL,mecánica,4x4,público,Mixto,no,false,false,no,0,0,no,1
Ernesto Pineda,588304273,3244006645,ernestopineda795@yahoo.com,"Circular 82 #39-17, Bogotá",TQC475,1783,CDA-66438,2021/12/12,2016.0,65.830 km,4000,Dodge,Gas,MANUAL,AWD,particular,Rural,,no,false,,0,no,false,0
Guillermo Ávila,855040845,3111633270,guillermo.ávila340@live.com,"Circular 85 #39-83, Cali",FEC870,336,CDA-80456,2022/11/08,2011.0,310661,1400cc,Ford,gas,manul,fwd,público,rural,si,no,0,false,no,no,no,1
Darío Acosta,701340901,3002412821,darío-acosta453@hotmail.com,"Transversal 57 #32-93, Cali",ODR913,516,CDA-35333,16/10/2022,2003.0,3307,2200,Volkswagen,gasolina,autom,RWD,Carga,urbano,true,true,0,false,0,no,no,1
Andrés Torres,604954397,3202128812,andréstorres230@outlook.com,"Diagonal 95 #27-32, Medellín",WMP704,1349,CDA-28975,2019-12-26,2002.0,324465,,renoult,Híbrido,autom,4x2,TAXI,rural,yes,yes,true,no,1,yes,yes,1
Yolanda Cárdenas,631496262,3228144308,yolandacárdenas90@correo.com,"Avenida 10 #67-16, Bucaramanga",BWR516,1016,CDA-29024,01/05/2018,2024.0,0k,2950,Dodge,gnv,manual,FWD,Publico,Rural,false,no,no,0,false,no,no,0
Fabio Arévalo,683869617,3004856298,fabio-arévalo637@yahoo.com,"Calle 78 #75-92, Pasto",AOB 541,3086,CDA-15659,18/03/2020,1996.0,765099,1200,Toyota,,cvt,4x2,taxi,URBANO,si,1,true,0,yes,true,true,1
María López,642190542,3149027846,maríalópez723@outlook.com,"Transversal 97 #39-28, Cali",YBU411,3081,CDA-68202,2024/02/24,9999.0,986115,,Kia,Gas,Mecanica,FWD,escolar,urbano,yes,0,no,no,yes,yes,false,1
Fabio Arévalo,538968758,3005753595,fabio_arévalo679@hotmail.com,"Carrera 47 #51-47, Barranquilla",KIW782,1782,CDA-77551,14-10-2020,2016.0,117008,1400,Renault,GAS,Mecanica,4X2,particular,rural,no,true,no,no,no,,,1
Esperanza Vega,209979371,3202617651,esperanzavega428@outlook.com,"Circular 67 #99-35, Armenia",DUK 215,2570,CDA-31073,22/12/2021,2003.0,488.047,1150,Honda,diesel,Tiptronic,4x4,carga,Mixto,si,1,0,0,yes,no,0,1
Mónica Aguirre,739779963,3241837756,mónicaaguirre702@outlook.com,"Calle 117 #26-38, Pasto",LJS-696,1786,CDA-40931,2024-01-09,2020.0,33764,1800,Renault,Gasolina,cvt,FWD,PARTICULAR,URBANO,false,true,no,true,no,no,false,0
Fabio Arévalo,580948099,3014207574,fabio.arévalo163@gmail.com,"Carrera 16 #16-60, Bucaramanga",TLS790,2071,CDA-12790,2019/12/18,1995.0,934973,,Volkswagen,DIESEL,cvt,4X2,carga,Rural,0,yes,no,no,si,no,no,1
Guillermo Ávila,869379453,3048853827,guillermoávila344@live.com,"Circular 43 #70-35, Neiva",OPF-870,357,CDA-30655,08/03/2023,2018.0,149166,3000 cc,Suzuki,Gas Natural,manual,4x4,escolar,Suburbano,0,false,false,0,no,no,no,0
Claudia Vargas,1063043970,3229038542,claudia_vargas509@yahoo.com,"Carrera 28 #82-49, Pereira",FUT374,3131,CDA-39916,2020-01-24,1998.0,632599,1300,Chevrolet,Gas,Mecanica,4X2,escolar,rural,yes,0,,0,,true,0,0
Gloria Mendoza,1043752066,3008497504,gloria-mendoza376@yahoo.com,"Diagonal 116 #55-17, Ibagué",MWM497,1313,CDA-91446,2022/10/26,2021.0,106279,1000,Mitsubishi,eléctrico,tiptronic,AWD,PUBLICO,Rural,yes,no,no,no,true,0,no,0
Viviana Suárez,416556199,3203387132,viviana_suárez186@outlook.com,"Diagonal 14 #66-34, Armenia",WAE615,1636,CDA-86568,17-04-2021,2004.0,439452,1000 cc,Hyundai,gasolina,Mecanica,4x2,Carga,mixto,true,no,si,false,no,no,yes,1
Patricia Díaz,282898240,3008914881,patricia_díaz915@correo.com,"Transversal 118 #63-50, Bucaramanga",ECF-838,551,CDA-52021,2019-05-01,2002.0,564287,1300,Chevrolet,Gas,AUTOMATICA,RWD,Publico,urbano,true,0,yes,0,true,yes,true,1
Omar Leal,1082848898,3171017722,omarleal498@hotmail.com,"Avenida 14 #1-71, Neiva",,2389,CDA-63054,07/03/2022,2015.0,190218,1600,Mazda,Diesel,automatica,4x4,PARTICULAR,mixto,,1,no,0,,no,no,0
Diana Herrera,368203848,3135401190,dianaherrera221@yahoo.com,"Circular 70 #55-78, Manizales",WWA-764,2480,CDA-17534,2021-01-05,2018.0,181181,2400 cc,Mitsubishi,GNV,mecánica,FWD,Escolar,Rural,false,no,0,no,,0,yes,1
Roberto Nieto,217601759,3225493095,roberto.nieto849@correo.com,"Transversal 64 #55-82, Barranquilla",ZKZ308,2522,CDA-99023,2022/07/01,2024.0,0,3000,Toyota,Híbrido,semiautomatica,4X4,escolar,Urbano,no,no,,no,false,false,false,0
Ricardo Peña,406061911,,ricardo_peña51@hotmail.com,"Circular 48 #23-96, Pasto",KLZ511,2266,CDA-83886,18/04/2024,2019.0,169719,1300,Ford,Gasolina,Automatio,AWD,Escolar,Suburbano,no,no,0,true,false,false,,0
Patricia Díaz,879584701,3164774588,patricia-díaz819@yahoo.com,"Calle 116 #27-67, Bogotá",CPN611,1228,CDA-46389,06/04/2024,2012.0,286769,1400,Peugeot,Electrico,autom,4x4,taxi,mixto,0,no,false,0,,no,1,1
Roberto Nieto,281696229,3125867308,roberto-nieto585@outlook.com,"Avenida 79 #68-87, Manizales",PAQ456,2941,CDA-22518,25-07-2022,2021.0,97.422 km,1500,Fiat,hibrido,manual,4X4,Publico,urbano,si,no,no,no,no,0,false,0
Luis Rodríguez,818773271,3146406015,luis_rodríguez883@outlook.com,"Calle 80 #54-50, Cali",XSB143,958,CDA-55097,2018-05-27,2014.0,284k,2500,Chevrolet,Diesel,automatica,FWD,TAXI,suburbano,true,0,1,0,0,,false,1
Omar Leal,383987096,3193530105,,"Carrera 70 #82-64, Ibagué",SFC 491,1774,CDA-41854,2022-07-19,2015.0,238136,1600,Chevrolet,Híbrido,CVT,FWD,carga,mixto,false,no,1,no,no,,yes,1
María López,572192654,3053337744,maría-lópez43@hotmail.com,"Transversal 39 #88-62, Pereira",ESK355,2142,CDA-99067,08/05/2024,2013.0,279198,2500,Ford,gasolina,Automatio,4x4,Publico,Mixto,no,si,0,no,1,no,no,1
Yolanda Cárdenas,679796530,3202900675,yolandacárdenas508@correo.com,"Transversal 34 #81-35, Pereira",ZQC068,1009,CDA-76618,2019/08/07,1995.0,,1350,Fiat,eléctrico,tiptronic,RWD,publico,URBANO,no,yes,yes,no,true,no,no,1
Claudia Vargas,688125199,,claudia.vargas772@correo.com,"Carrera 64 #4-97, Villavicencio",WSJ-737,1093,CDA-28353,10/12/2019,2007.0,517772,4000,Ford,nafta,manual,4x4,público,Urbano,true,true,no,0,no,true,no,1
Mónica Aguirre,582629514,3015148572,mónica-aguirre797@correo.com,"Calle 94 #97-69, Bogotá",VIM882,2935,CDA-18343,2022-10-04,2010.0,265190 km,1400,Chevrolet,gasolina,manul,FWD,PARTICULAR,,,no,false,no,no,no,false,1
Esperanza Vega,272130319,3167971015,esperanza.vega298@yahoo.com,"Calle 18 #62-12, Bucaramanga",PNX 313,2745,CDA-40418,2018-08-22,,132622,1500,Toyota,DIESEL,automatica,awd,TAXI,suburbano,no,no,0,si,0,true,0,0
Iván Salcedo,391128359,3058635843,iván.salcedo646@hotmail.com,"Avenida 88 #71-2, Montería",LMP-955,997,CDA-91958,2024/04/14,2016.0,307.9k km,1600,Ford,eléctrico,automatica,4x2,Publico,mixto,0,no,false,,0,no,1,1
Luis Rodríguez,288564508,3133698136,luisrodríguez258@hotmail.com,"Calle 75 #46-17, Ibagué",WAK918,1680,CDA-25022,2021-05-17,2010.0,304679 km,1400 cc,Suzuki,GSL,CVT,RWD,Publico,urbano,no,0,,,true,1,no,1
José Hernández,809701401,3051601759,joséhernández666@outlook.com,"Calle 64 #5-35, Bucaramanga",HZB830,154,CDA-39418,2020/01/26,2012.0,320902 km,3000,Hyundai,DIESEL,AUTOMATICA,fwd,Publico,mixto,no,false,true,0,,no,no,0
Claudia Vargas,561857837,3172073814,claudia.vargas90@hotmail.com,"Avenida 80 #56-83, Manizales",ABT055,3059,CDA-93684,28/08/2020,2014.0,159k,2500,Mitsubishi,GASOLINA,,rwd,PUBLICO,rural,true,no,si,,yes,no,no,1
Ricardo Peña,224467492,3028226768,ricardo.peña987@live.com,"Circular 29 #4-77, Barranquilla",SVG 046,581,,13/06/2023,2024.0,0k,1150,Mitsubishi,GSL,manual,4X2,taxi,rural,false,no,no,si,1,no,,0
Roberto Nieto,564776885,3123953490,roberto-nieto134@hotmail.com,"Carrera 79 #7-85, Cúcuta",MRL926,1471,CDA-67722,08/11/2019,1996.0,951.292,1400,Mazda,gasolina,autom,AWD,Carga,RURAL,0,no,1,si,yes,true,no,1
Sandra Castro,1085531696,3101786464,sandra_castro878@hotmail.com,"Circular 63 #79-54, Cúcuta",HEC900,704,CDA-23863,2021-01-02,2004.0,173238,1400 cc,Volkswagen,hibrido,mecánica,4x4,PARTICULAR,URBANO,,no,no,no,1,no,0,1
Sandra Castro,875386830,3121469393,sandra.castro80@live.com,"Calle 3 #21-16, Villavicencio",BEX-516,1213,CDA-92006,03-10-2024,2007.0,333k,2500,Mazda,Gas Natural,autom,4x4,carga,mixto,no,0,0,,false,no,no,1
Carlos Martínez,946979900,3026448283,carlos.martínez542@yahoo.com,"Avenida 98 #35-74, Medellín",RJL481,897,CDA-89013,04/08/2021,1999.0,593665,1800,Peugeot,Híbrido,semiautomatica,4x2,escolar,Suburbano,1,si,si,,no,yes,no,1
José Hernández,419577377,3504216257,josé-hernández796@outlook.com,"Diagonal 67 #3-62, Neiva",XHQ294,488,CDA-90503,28/06/2024,2017.0,118218,2200,Chevrolet,nafta,Automatio,4x2,Escolar,suburbano,no,true,0,no,no,no,no,1
Natalia Reyes,632324469,,natalia.reyes259@outlook.com,"Diagonal 4 #80-62, Armenia",OEB 354,560,CDA-12106,2021-07-22,2024.0,0,1850,Mazda,Híbrido,CVT,AWD,Publico,Rural,no,no,no,0,1,no,no,0
Esperanza Vega,70342967,3133617910,esperanza-vega967@gmail.com,"Calle 17 #64-60, Neiva",EYQ766,1142,CDA-74495,2024/01/21,1996.0,988898,1000,Volkswagen,Diesel,Automática,AWD,taxi,Suburbano,yes,yes,no,0,yes,si,no,1
Jhon Morales,325954281,3166119353,jhonmorales954@correo.com,"Transversal 23 #79-13, Cali",KHC438,1120,CDA-63810,2018-11-02,2013.0,217007 km,2400,Mazda,Gas Natural,manul,awd,particular,Mixto,0,false,no,no,0,si,no,0
Iván Salcedo,585214602,3232142813,iván-salcedo506@outlook.com,"Carrera 81 #79-71, Montería",,513,CDA-30676,2018-04-24,2018.0,139.2k km,1200,Peugeot,Gas,mecánica,4X4,escolar,Suburbano,no,false,false,false,true,no,0,0
Jhon Morales,295685901,3005569842,jhon.morales951@yahoo.com,"Avenida 66 #89-35, Pasto",MNZ-084,634,CDA-84792,19/03/2020,2023.0,21.798,3500 cc,Chevrolet,,AUTOMATICA,RWD,taxi,Urbano,false,0,no,no,false,no,0,0
Esperanza Vega,402188100,3176591430,esperanza_vega704@gmail.com,"Calle 47 #14-37, Bogotá",BAH815,2836,CDA-89621,27/01/2018,2002.0,500526,3500,Peugeot,diesel,Automatio,fwd,publico,rural,no,no,no,false,no,true,1,1
Luis Rodríguez,997193785,3205783951,luis.rodríguez867@gmail.com,"Circular 16 #73-4, Pasto",HAW245,1665,CDA-70960,2022-12-24,2024.0,0.0k km,1100,Mazda,GSL,Manual,,carga,rural,false,no,0,no,,0,0,0
María López,559645971,3057967741,maría_lópez696@gmail.com,"Avenida 90 #65-8, Armenia",EFI-716,1013,CDA-84629,14/10/2018,2021.0,121693,1100,Nissan,diesel,semiautomatica,4x2,Taxi,Urbano,false,no,0,false,false,0,no,0
Guillermo Ávila,490085394,3101440206,guillermoávila250@gmail.com,"Transversal 112 #3-67, Neiva",NXN824,1932,CDA-71347,2019/12/19,2021.0,86.175,1100,Volkswagen,,manul,RWD,publico,suburbano,false,false,no,0,0,no,false,0
Viviana Suárez,670211728,3119279493,viviana-suárez891@outlook.com,"Diagonal 55 #76-48, Montería",WPB577,1151,CDA-38995,30-01-2020,2013.0,193.2k km,1800,Mitsubishi,Gasolina,semiautomatica,4x2,público,RURAL,,false,false,true,false,1,no,0
Mauricio Ruiz,631808680,3188859198,mauricio_ruiz490@live.com,"Transversal 9 #60-16, Bogotá",LVI494,3083,CDA-41470,21/01/2022,2020.0,41.0k km,,Honda,Gasolina,tiptronic,fwd,Taxi,rural,1,no,no,0,yes,0,no,1
Patricia Mejía,540085129,3239236918,patricia.mejía755@gmail.com,"Diagonal 45 #90-92, Montería",PVE287,117,CDA-34044,2019/01/27,2009.0,222656,1200,Renault,Gasolina,Automática,FWD,Particular,RURAL,no,yes,si,yes,no,no,false,1
Esperanza Vega,1075679700,3186435422,esperanza-vega150@correo.com,"Calle 43 #75-7, Bucaramanga",JID489,741,CDA-55085,2024/04/26,1995.0,324609,1100,Dodge,GNV,Automatio,4x2,Carga,rural,1,1,0,1,si,,no,1
Esperanza Vega,485296162,3509006157,esperanza.vega385@hotmail.com,"Carrera 89 #16-41, Cúcuta",BXU026,3035,CDA-22309,2018/06/29,2007.0,432k,1200,Suzuki,Híbrido,manul,FWD,TAXI,RURAL,true,true,,yes,yes,no,no,1
Sandra Castro,647381165,3101965354,sandracastro750@outlook.com,"Avenida 24 #64-52, Cúcuta",SOP071,1975,CDA-14000,2024-03-06,2012.0,298316,1300 cc,Kia,gasolina,autom,4X2,carga,suburbano,si,no,0,0,no,false,0,1
Sandra Castro,778785213,3008199045,,,USN238,1082,CDA-66154,2023/09/23,1997.0,604.275,1100,Kia,Gas,AUTOMATICA,RWD,,Mixto,yes,no,no,0,no,no,false,0
Fabio Arévalo,72948961,3509647825,,"Calle 51 #39-8, Bogotá",ROA055,1811,CDA-98223,2021-10-11,2015.0,115.436,1500,Chevrolet,nafta,CVT,4x4,particular,Urbano,no,false,no,false,no,false,false,0
Ana Gómez,187554204,3168941687,ana-gómez172@live.com,"Calle 34 #13-49, Medellín",IHV397,831,CDA-29822,18-11-2021,2011.0,193916 km,1400 cc,Dodge,Gasolina,Manual,4x2,carga,mixto,si,false,si,no,si,0,false,1
Marcela Fuentes,700710188,3501101379,marcelafuentes72@hotmail.com,"Carrera 27 #17-12, Cali",VYG-073,120,CDA-33125,26-05-2021,2004.0,612k,3500cc,Nissan,Diesel,Mecanica,FWD,Publico,URBANO,no,true,0,false,true,1,no,1
Ana Gómez,416243063,3195669680,ana-gómez880@yahoo.com,"Circular 114 #30-27, Pasto",NYJ678,657,CDA-14229,02-01-2021,1999.0,627611 km,2000 cc,Ford,GAS,automatica,4X4,,Urbano,0,false,true,si,yes,no,true,1
Xiomara Pacheco,508631334,3216042115,xiomara.pacheco263@correo.com,"Transversal 39 #49-76, Ibagué",IUL359,3077,CDA-70550,2022-01-01,2018.0,184881,4000,hiunday,GASOLINA,AUTOMATICA,4x2,público,URBANO,no,0,no,no,0,,yes,1
Ingrid Bermúdez,364657801,3164932462,ingrid.bermúdez45@hotmail.com,"Circular 102 #74-42, Cali",LFY216,2954,CDA-52449,2023/03/22,2015.0,327667,2000,Kia,Híbrido,,rwd,publico,urbano,no,false,no,false,no,no,si,0
Carlos Martínez,360610523,3163238392,carlosmartínez856@hotmail.com,"Diagonal 79 #58-28, Villavicencio",UIV667,1999,CDA-79415,2018/08/07,2008.0,380.4k km,1450,Hyundai,GSL,Tiptronic,RWD,público,Urbano,no,0,1,0,yes,yes,true,1
Fabio Arévalo,758995465,3194666238,fabio-arévalo337@hotmail.com,"Carrera 16 #41-69, Bucaramanga",FTU281,636,CDA-98180,,2017.0,88120,3000,Hyundai,eléctrico,semiautomatica,4X4,,RURAL,no,false,,no,true,false,no,1
Jhon Morales,405539117,3006932225,jhon_morales716@correo.com,"Calle 61 #2-59, Medellín",GJU768,370,CDA-70132,,1995.0,334k,2200cc,Toyota,DIESEL,AUTOMATICA,FWD,particular,Rural,1,0,0,si,1,no,no,1
Xiomara Pacheco,23556879,3154843914,xiomara_pacheco791@gmail.com,"Avenida 20 #2-85, Medellín",KKB-762,269,CDA-57890,09-07-2021,2022.0,43399 km,2200,Honda,gnv,MANUAL,AWD,escolar,suburbano,no,no,,false,no,no,0,0
Héctor Montoya,166720981,3154742425,héctor.montoya767@yahoo.com,"Avenida 5 #15-81, Cali",RWK127,2704,CDA-23962,18/12/2021,2024.0,0,1200,Nissan,Híbrido,manul,rwd,TAXI,RURAL,no,no,0,yes,false,no,false,0
Xiomara Pacheco,410683812,3138377620,xiomara-pacheco858@yahoo.com,"Carrera 97 #90-86, Medellín",IOZ-558,47,CDA-80190,29/04/2023,2024.0,0,2500,Mitsubishi,GAS,mecánica,RWD,escolar,Suburbano,yes,no,no,si,no,no,false,1
Carlos Martínez,46606120,3143223340,carlosmartínez18@correo.com,"Diagonal 21 #8-71, Cartagena",OFE337,992,CDA-89294,2023/06/15,2014.0,96869,3500,Honda,GSL,Automática,fwd,escolar,Mixto,,1,0,false,false,false,no,1
Ernesto Pineda,917164752,3146832460,ernesto-pineda173@correo.com,"Circular 8 #23-29, Cúcuta",VNR121,877,CDA-16728,2024/06/08,2017.0,147825 km,1600,Renault,hibrido,CVT,FWD,público,suburbano,0,false,1,false,no,no,0,0
Roberto Nieto,348931752,3198600295,robertonieto713@outlook.com,"Avenida 119 #69-94, Manizales",PLY694,774,CDA-92137,2018/06/10,2010.0,271k,1200,Hyundai,Gas,automatica,AWD,Particular,suburbano,no,0,no,no,yes,no,yes,1
Ricardo Peña,331016172,3017475109,ricardo-peña757@live.com,"Avenida 93 #56-55, Medellín",HQJ544,1220,CDA-87902,09-08-2022,2011.0,534152,1500,Renault,Electrico,Manual,4X4,público,Urbano,0,no,false,0,yes,0,no,0
Gloria Mendoza,581875232,3055570715,gloriamendoza658@live.com,"Transversal 42 #38-76, Cartagena",RVP808,1127,CDA-86594,2020/09/02,2009.0,245.427,2450,Kia,GSL,mecánica,4X2,particular,Rural,no,0,yes,false,no,0,no,1
,572544654,3198175395,gloria.mendoza78@correo.com,"Transversal 5 #48-75, Cúcuta",DIX788,5,CDA-23473,2024/04/12,2004.0,278.926,1350,Kia,,autom,FWD,PARTICULAR,mixto,0,0,1,no,false,false,0,1
Patricia Mejía,687826756,3237662691,patriciamejía797@live.com,"Avenida 108 #57-91, Cúcuta",AMW765,1596,CDA-22533,26-12-2020,2018.0,104562,3550,Peugeot,nafta,CVT,4X4,taxi,,false,0,no,si,,true,0,1
,320149814,3127140664,ricardo_peña27@correo.com,"Transversal 105 #16-4, Barranquilla",OOO133,2312,CDA-32875,2018-06-30,2024.0,0,1350,hiunday,gas,mecánica,4x2,Carga,Mixto,0,0,no,,false,0,0,1
Jhon Morales,702029891,3014891917,jhon.morales646@gmail.com,"Diagonal 62 #7-92, Barranquilla",HIY851,3152,CDA-54036,2024/12/06,1998.0,346802,1300,Honda,Híbrido,CVT,awd,Particular,rural,1,no,1,0,yes,,no,1
Sandra Castro,505851777,3238571841,sandra-castro971@hotmail.com,"Carrera 3 #42-29, Cúcuta",JDA710,2492,CDA-28632,2019/03/26,2022.0,39.654,1600,Suzuki,Gas Natural,manual,rwd,publico,mixto,no,1,no,true,false,0,no,0
Felipe Ramos,576888813,3508429648,felipe-ramos583@gmail.com,"Calle 58 #51-73, Bucaramanga",KRM701,1078,CDA-64722,08-10-2021,2007.0,370415 km,2400,Kia,gasolina,AUTOMATICA,FWD,carga,urbano,,true,no,,1,yes,false,1
Mónica Aguirre,410241839,3048677108,mónicaaguirre358@live.com,"Calle 39 #34-63, Cartagena",AHF297,838,CDA-69817,18/11/2022,2003.0,367759 km,1300,Mazda,GASOLINA,manual,,TAXI,Mixto,si,false,1,yes,1,no,0,1
Ingrid Bermúdez,906834533,3215893648,ingrid-bermúdez474@hotmail.com,"Carrera 83 #82-82, Medellín",VXC-432,682,CDA-46344,12-12-2021,2003.0,347174,1000 cc,Volkswagen,DIESEL,tiptronic,AWD,Escolar,rural,false,si,no,false,no,0,no,1
Xiomara Pacheco,675870309,3126918909,xiomara.pacheco277@live.com,"Diagonal 43 #82-77, Bogotá",YWH899,1716,CDA-49572,2024/06/21,1995.0,705.309,1100,Mazda,gasolina,CVT,FWD,Taxi,Rural,true,1,si,si,no,0,no,1
Gustavo Barrera,91833814,3238458383,gustavo_barrera911@yahoo.com,"Transversal 51 #77-12, Armenia",MAD516,2353,CDA-20776,2020-11-04,1996.0,843.5k km,4000,Kia,Gasolina,Mecanica,4X4,escolar,Rural,si,0,1,true,true,no,0,0
Alejandro Zapata,285796138,3168279483,alejandro.zapata565@yahoo.com,"Diagonal 47 #28-93, Villavicencio",BKW-452,2618,CDA-87187,2020-12-22,2003.0,537914,3500,Nissan,GNV,manul,,PUBLICO,mixto,no,false,no,true,no,,no,1
Laura García,129926476,3162131787,laura.garcía411@hotmail.com,"Carrera 29 #82-36, Cali",COB 068,2362,CDA-86019,21/05/2018,2011.0,115.868,1100 cc,Dodge,diesel,cvt,,PARTICULAR,RURAL,0,no,0,no,yes,false,no,0
Adriana Parra,989737416,3216822113,adrianaparra55@gmail.com,"Diagonal 60 #62-5, Pasto",RZB535,2198,CDA-24856,24/08/2023,2000.0,603.446,2400cc,Mitsubishi,Gasolina,mecánica,rwd,público,mixto,1,true,,0,no,si,0,1
Felipe Ramos,786834992,3057887443,felipe-ramos829@yahoo.com,"Carrera 113 #3-43, Cali",,1149,CDA-13407,2024-04-26,2004.0,739175 km,1800 cc,Nissan,diesel,autom,rwd,escolar,Urbano,false,0,no,no,true,yes,no,0
Luis Rodríguez,132945041,3193492296,luis.rodríguez126@outlook.com,"Carrera 35 #98-89, Cali",RZB 184,575,CDA-67212,04/12/2023,1998.0,811k,1700,Renault,Gas,AUTOMATICA,4X4,Escolar,URBANO,0,si,yes,false,,,,1
Alejandro Zapata,932150354,3207430982,,"Circular 48 #2-42, Montería",ERQ263,51,CDA-87158,2018-09-25,2001.0,630904,2200,Dodge,GASOLINA,semiautomatica,4X4,taxi,urbano,si,yes,no,no,no,yes,no,1
Camilo Rojas,496060304,3007572700,camilo_rojas109@yahoo.com,"Transversal 46 #45-95, Montería",ULO067,854,CDA-71449,2023-12-09,2015.0,256.641 km,1000,Mitsubishi,nafta,semiautomatica,FWD,Taxi,Rural,yes,no,yes,false,no,false,false,1
Felipe Ramos,460336757,3221315135,felipe.ramos882@outlook.com,"Calle 42 #79-67, Manizales",IFW665,1983,CDA-56540,,1997.0,328853,1600cc,Dodge,Diesel,Manual,rwd,PARTICULAR,URBANO,false,no,false,si,,0,0,1
Mónica Aguirre,259551842,3155901716,mónica_aguirre909@outlook.com,"Calle 108 #40-63, Pereira",EKM370,2775,CDA-90065,2018-12-17,2017.0,149.214,2200cc,Mitsubishi,Gas,mecánica,4X4,taxi,rural,0,,false,0,yes,no,false,1
Guillermo Ávila,948607880,3112279902,guillermoávila531@hotmail.com,"Calle 91 #56-56, Neiva",JSA 661,1824,CDA-33604,16-03-2021,2023.0,,2000 cc,Dodge,GSL,Mecanica,RWD,Publico,Urbano,no,no,,false,false,0,0,0
Mónica Aguirre,631590246,3245570969,mónica_aguirre926@live.com,"Transversal 107 #19-89, Manizales",HFR929,834,CDA-89866,2018-03-24,2022.0,38483,1300 cc,Toyota,GSL,,fwd,taxi,Suburbano,false,no,no,no,,true,false,0
Patricia Mejía,366324651,3176275215,patriciamejía903@gmail.com,"Circular 54 #81-71, Bogotá",ZRO302,1116,CDA-79118,,2007.0,471532,3500,Hyundai,Gasolina,MANUAL,RWD,escolar,Rural,true,no,true,1,no,true,1,1
Guillermo Ávila,222558666,,guillermo-ávila889@gmail.com,"Carrera 17 #74-53, Pereira",EUY547,1167,CDA-39935,2023-10-29,2020.0,141528,1600cc,Mitsubishi,GNV,Mecanica,4X4,Carga,mixto,false,yes,,no,si,0,0,1
Gloria Mendoza,727898447,3247701028,gloria-mendoza565@hotmail.com,"Circular 28 #76-60, Pasto",KEV821,2519,CDA-36452,2022/03/16,2006.0,418977,1000,Mitsubishi,gasolina,CVT,RWD,taxi,mixto,,false,si,,0,yes,no,1
Xiomara Pacheco,901325286,3022699405,xiomarapacheco27@live.com,"Transversal 64 #81-5, Ibagué",CQP-398,1907,CDA-77939,2021-09-19,2001.0,304k,4000,Kia,GSL,manual,4x2,TAXI,Suburbano,1,si,1,true,si,si,si,1
Claudia Vargas,225626695,3008924820,claudiavargas777@outlook.com,"Carrera 60 #93-63, Bogotá",GEJ270,972,CDA-30232,2024-12-10,2010.0,278489 km,4000,Mitsubishi,eléctrico,semiautomatica,4X2,Carga,rural,si,no,no,,false,1,no,1
Esperanza Vega,32545908,3223708807,esperanzavega995@correo.com,"Carrera 68 #4-45, Bucaramanga",MBW018,2702,CDA-58487,07-08-2018,2003.0,696829,1400 cc,Kia,Gasolina,manual,4X4,Carga,RURAL,no,false,no,0,no,,0,1
Gloria Mendoza,578870760,3226642710,gloriamendoza799@yahoo.com,"Calle 75 #81-97, Montería",UGJ995,400,CDA-68204,24/05/2021,2020.0,82.280 km,3400,Chevrolet,gasolina,cvt,,PARTICULAR,Rural,no,no,no,true,yes,no,false,1
Ingrid Bermúdez,1006296956,3248331729,ingridbermúdez67@live.com,"Carrera 41 #17-77, Pereira",KIP168,2560,CDA-50982,08/07/2024,2022.0,63.864 km,1550,Toyota,gnv,Mecanica,awd,Escolar,Mixto,no,,no,false,no,no,false,0
Mónica Aguirre,245338329,3184372638,mónica-aguirre489@outlook.com,"Circular 112 #7-56, Cartagena",QNF 106,2369,CDA-97925,2024-02-04,1996.0,465529,3500,Nissan,diesel,semiautomatica,FWD,Publico,RURAL,1,1,no,0,yes,1,,1
Natalia Reyes,191932696,3176510922,natalia.reyes662@correo.com,"Avenida 3 #47-40, Cali",ITE-912,20,CDA-80748,2023-11-27,1997.0,294.8k km,2200,Mitsubishi,Electrico,Mecanica,4x2,taxi,URBANO,true,yes,0,0,no,no,no,1
Camilo Rojas,589303764,3211502858,camilo-rojas645@hotmail.com,"Transversal 88 #79-52, Cúcuta",AVY-743,685,CDA-50762,26/07/2024,2012.0,307.440,1200,Toyota,GSL,cvt,4x2,escolar,Mixto,no,no,0,si,,no,false,0
Darío Acosta,314245120,3158639213,daríoacosta357@outlook.com,"Circular 90 #58-41, Medellín",VCW 661,36,CDA-32865,2021/09/17,2024.0,0,1200,Honda,GASOLINA,Automática,FWD,particular,urbano,0,no,no,no,no,no,1,0
Adriana Parra,526670498,3012864572,adrianaparra610@live.com,"Diagonal 56 #45-43, Montería",ZRE-152,3107,CDA-19503,04/12/2021,2005.0,,2350,Peugeot,diesel,mecánica,fwd,Escolar,Urbano,0,no,false,1,,no,0,0
Fabio Arévalo,901032024,,fabio_arévalo925@outlook.com,"Avenida 67 #19-86, Cúcuta",ITN516,2876,CDA-98197,2019-08-28,2017.0,76344,4000 cc,Peugeot,Electrico,semiautomatica,rwd,particular,Urbano,0,0,no,0,no,0,no,1
Héctor Montoya,300541948,3124164053,héctor.montoya211@yahoo.com,"Calle 40 #84-67, Pereira",UMD248,525,CDA-46889,2021-08-03,2009.0,289133 km,1800,Nissan,hibrido,Automatio,4X4,Carga,mixto,no,true,true,false,no,0,yes,1
Roberto Nieto,1079908047,3123986139,roberto_nieto505@hotmail.com,"Carrera 32 #91-14, Bogotá",QUP697,2456,CDA-74231,2020/02/19,2016.0,173540,1100,Mitsubishi,GSL,manul,4x2,Particular,URBANO,1,false,false,0,no,false,no,0
Claudia Vargas,653837955,3119622063,claudia.vargas937@correo.com,"Diagonal 30 #33-57, Montería",CZK 528,921,CDA-97196,2024-03-19,2019.0,165.261 km,1400,Volkswagen,Gas Natural,AUTOMATICA,AWD,carga,Mixto,,no,false,no,false,si,false,1
Guillermo Ávila,612566373,3048054889,guillermo-ávila55@outlook.com,"Calle 19 #12-69, Armenia",HOG-419,1842,CDA-14436,06-06-2020,2023.0,6531,1200 cc,Mitsubishi,GSL,Manual,FWD,PARTICULAR,RURAL,false,no,no,1,no,no,no,0
Darío Acosta,281123717,3202470095,darío-acosta791@gmail.com,"Diagonal 47 #27-33, Montería",MKA 744,1891,,2024-12-21,9999.0,785622,3500 cc,Nissan,nafta,MANUAL,FWD,Taxi,rural,yes,1,si,true,si,false,,1
Patricia Mejía,138167333,3107841463,patricia_mejía396@yahoo.com,"Carrera 39 #57-50, Bogotá",NWN258,538,CDA-88379,2021/03/31,2024.0,0,1300,Dodge,,cvt,RWD,Publico,urbano,no,,no,false,yes,no,no,0
Sandra Castro,786900036,3013289051,sandracastro417@live.com,"Avenida 81 #67-55, Neiva",DXD954,2807,CDA-15021,2022-01-28,2002.0,536701,2000,Volkswagen,GSL,Manual,4x2,taxi,Urbano,false,true,no,si,0,no,no,1
Patricia Mejía,600386371,3508114867,patricia-mejía687@gmail.com,"Avenida 32 #72-43, Barranquilla",DRW074,1706,CDA-91981,11/08/2024,1998.0,602954,4000,mazda,Gas,Mecanica,4x4,TAXI,URBANO,no,0,false,1,yes,false,,1
Diana Herrera,1080596386,3118350266,diana.herrera807@gmail.com,"Transversal 39 #91-83, Barranquilla",HJJ 657,1239,CDA-27222,21/09/2018,2024.0,0,2400,Renault,eléctrico,Tiptronic,AWD,publico,RURAL,no,yes,,yes,no,no,no,1
Alejandro Zapata,578721027,3181429849,alejandro_zapata156@gmail.com,"Carrera 72 #44-14, Manizales",ZJT845,246,CDA-85218,28-06-2020,2015.0,121452,2200,Honda,Electrico,mecánica,rwd,Particular,rural,0,false,no,si,0,no,no,0
Roberto Nieto,473739657,3112438808,roberto-nieto399@outlook.com,"Circular 31 #91-7, Cartagena",IVO640,785,CDA-24451,2019/03/05,1998.0,759159,,Suzuki,nafta,Manual,awd,PUBLICO,rural,no,false,0,true,,,1,1
Jhon Morales,93192433,3223749751,jhonmorales866@yahoo.com,"Carrera 80 #73-9, Pereira",WWF916,1410,CDA-35391,21/10/2024,2001.0,531.7k km,1600,Chevrolet,,Automática,4X2,Escolar,Urbano,,no,,0,0,0,no,0
Carlos Martínez,253502966,3172504201,carlos_martínez327@correo.com,"Transversal 18 #5-45, Bogotá",XLQ864,2538,CDA-59720,2021-08-04,,478k,1600,Honda,hibrido,Tiptronic,fwd,público,RURAL,yes,0,no,false,false,si,0,1
Lina Santana,699319458,3108445874,linasantana10@outlook.com,"Avenida 62 #82-72, Barranquilla",PCX594,155,CDA-44018,06/06/2019,2022.0,54k,1000,Ford,Gasolina,tiptronic,4x2,publico,Urbano,false,no,false,no,true,false,false,0
Carlos Martínez,1028094153,3138577529,carlosmartínez692@live.com,"Transversal 14 #81-40, Pasto",YLY229,1687,CDA-34215,28-10-2018,2019.0,107k,1600,Ford,eléctrico,Automatio,4x2,Taxi,RURAL,yes,no,0,0,yes,0,no,0
Darío Acosta,889427317,3121129901,darío-acosta643@yahoo.com,"Diagonal 107 #9-60, Bucaramanga",VAD033,2902,CDA-55013,15/01/2022,2010.0,305.455,1500cc,Renault,Gas Natural,Automatio,4x4,Carga,Mixto,true,0,no,true,,no,yes,1
Ricardo Peña,987269681,3059571481,ricardo.peña484@hotmail.com,"Circular 88 #33-68, Cúcuta",IAP451,626,CDA-89899,30-09-2024,2017.0,88896 km,1000cc,Dodge,GASOLINA,tiptronic,rwd,PARTICULAR,mixto,true,no,no,,no,,,1
Sandra Castro,861597810,3137571266,,"Calle 62 #11-61, Neiva",CPI704,2734,CDA-33713,2021/06/25,2020.0,197818 km,1600,Toyota,GNV,mecánica,RWD,Taxi,URBANO,1,1,,no,no,no,no,1
Patricia Mejía,1042845170,3176298100,patricia-mejía426@live.com,"Diagonal 50 #60-6, Medellín",WUI058,3156,CDA-76479,2022-04-27,2020.0,51061 km,3500cc,Toyota,GASOLINA,CVT,FWD,escolar,Urbano,no,1,no,0,no,0,0,1
Mauricio Ruiz,710539709,3127408677,mauricio.ruiz261@yahoo.com,"Diagonal 118 #11-47, Cali",JWC533,1347,CDA-44974,2023-08-12,2007.0,59625,3500,chevrolet,gasolina,manul,rwd,Particular,URBANO,false,no,1,true,false,no,no,0
Gloria Mendoza,234982049,3223456466,gloriamendoza985@correo.com,"Carrera 44 #6-54, Cali",NAI 465,570,CDA-27818,2023-11-15,2010.0,313091,1500,Suzuki,gas,CVT,rwd,taxi,urbano,0,,no,yes,1,no,no,1
Laura García,164927596,3016924552,laura.garcía200@live.com,"Carrera 34 #1-92, Ibagué",,2304,CDA-89742,2021-01-19,2016.0,215012,4000,Honda,gnv,Mecanica,AWD,Escolar,Rural,1,false,no,yes,0,0,0,1
Sandra Castro,600372573,3058221809,sandra.castro570@hotmail.com,"Carrera 77 #43-72, Medellín",XAM026,1759,CDA-22941,2023/12/26,2018.0,133k,1100,Ford,gas,Tiptronic,4x2,particular,Mixto,false,no,yes,1,0,si,true,1
María López,863575077,3124919793,maríalópez996@hotmail.com,"Transversal 112 #46-29, Bogotá",LGE 813,1817,CDA-59513,2021-01-22,2007.0,90.386,2200,Fiat,Gas Natural,AUTOMATICA,4x2,particular,Urbano,true,no,false,no,yes,0,false,1
Roberto Nieto,725144594,3009739134,roberto_nieto797@yahoo.com,"Diagonal 49 #94-48, Bogotá",WYN228,2066,CDA-85362,18/11/2023,2017.0,144405,3100,Nissan,GAS,AUTOMATICA,AWD,Carga,URBANO,no,no,no,false,,false,false,0
Omar Leal,113000368,3174031181,omarleal489@live.com,"Calle 88 #66-92, Cali",DOG-963,128,CDA-64820,2020/01/20,2016.0,166k,1450,Renault,DIESEL,Tiptronic,4X2,taxi,Mixto,false,false,,no,0,false,0,0
Marcela Fuentes,76772268,3043707516,marcela.fuentes981@outlook.com,,QWJ-233,1667,CDA-60383,2024/07/05,1996.0,490.1k km,2300,Mitsubishi,Electrico,tiptronic,4x4,Publico,RURAL,true,yes,false,no,no,false,1,1
Darío Acosta,634649212,3132163098,darío.acosta762@live.com,,ZCB404,2007,CDA-27892,07/08/2018,2024.0,0,3500cc,Dodge,Diesel,Tiptronic,AWD,PARTICULAR,urbano,false,false,no,no,no,yes,no,0
Ricardo Peña,268286295,3132162054,ricardopeña982@yahoo.com,"Transversal 24 #1-4, Villavicencio",TSU210,981,CDA-53597,2023-03-19,1999.0,772337,1800 cc,Honda,GAS,automatica,4X4,Carga,Rural,1,1,no,false,yes,0,0,1
Guillermo Ávila,288949235,3134219055,guillermo.ávila195@gmail.com,"Avenida 116 #30-97, Ibagué",QUV784,819,CDA-55446,23-10-2023,2016.0,204937,1200,Chevrolet,nafta,,4x2,PUBLICO,rural,no,true,yes,no,0,0,false,1
Roberto Nieto,937248690,3191399891,robertonieto582@correo.com,"Circular 88 #73-99, Cali",OUD-327,191,CDA-90000,2024-11-13,2007.0,368.069,950,Nissan,nafta,CVT,4x4,Taxi,RURAL,no,si,false,no,yes,yes,no,1
Laura García,787518342,3226458929,laura-garcía624@yahoo.com,"Calle 27 #90-88, Medellín",AFX773,1140,CDA-63006,2019-10-06,2024.0,0,2500,TOYOTA,GSL,autom,4X4,Carga,URBANO,,no,,0,no,no,no,0
Roberto Nieto,306346814,3228950885,roberto-nieto692@correo.com,"Calle 82 #46-18, Bogotá",TAV288,993,CDA-96300,2023/04/26,2005.0,439777,1600,Kia,gasolina,Automatio,RWD,Publico,Suburbano,false,,no,true,no,si,si,1
Omar Leal,614962027,3173255109,omarleal250@yahoo.com,"Calle 114 #38-66, Cartagena",WQI069,700,CDA-83440,16-02-2024,2020.0,94452,1500,Chevrolet,Diesel,MANUAL,awd,Carga,rural,,no,true,yes,no,,no,1
Natalia Reyes,124690962,3184242718,natalia.reyes339@hotmail.com,"Diagonal 77 #27-22, Pasto",QXR794,607,CDA-34550,2023/10/13,2007.0,195.805,1500,Dodge,Híbrido,mecánica,4x2,particular,suburbano,0,0,yes,false,no,,,1
Omar Leal,368100348,3043778902,omar-leal864@correo.com,"Transversal 55 #26-36, Bogotá",YHX984,181,CDA-10046,26-03-2024,1998.0,772005,1100,Toyota,Diesel,automatica,4x4,Publico,mixto,true,1,no,no,0,no,0,1
Andrés Torres,343865198,3238121698,andrés.torres328@outlook.com,"Avenida 42 #96-98, Neiva",DUX930,302,CDA-83765,08-02-2019,2008.0,332778,2400,Mitsubishi,diesel,cvt,,TAXI,urbano,true,true,no,no,false,0,,1
Viviana Suárez,389980320,3028667826,viviana-suárez391@yahoo.com,"Transversal 24 #24-84, Cúcuta",NQO-550,2545,CDA-46678,02/06/2022,2007.0,734406,2200,Nissan,Gas,Automática,4x4,Publico,Rural,yes,no,1,no,yes,1,0,1
Claudia Vargas,136248430,3168575791,claudia.vargas390@live.com,"Calle 27 #31-53, Villavicencio",GKC208,3052,CDA-13072,2019/10/16,2001.0,271572,2000,Toyota,eléctrico,mecánica,awd,Particular,Mixto,si,no,yes,no,si,no,false,1
Gustavo Barrera,683689889,3194551367,gustavo-barrera275@outlook.com,"Circular 52 #89-35, Ibagué",YXL765,1061,CDA-34216,25/03/2022,2016.0,246301,1600,Mitsubishi,Gas Natural,AUTOMATICA,rwd,taxi,RURAL,no,,false,true,1,0,,0
Patricia Díaz,955284678,3045688561,patricia_díaz871@correo.com,"Circular 35 #64-68, Pereira",JXK396,3097,CDA-73856,2019/11/29,2003.0,689.071,2500cc,mazda,gasolina,CVT,FWD,Carga,suburbano,1,1,yes,true,yes,no,no,1
Lina Santana,123495991,3055730957,lina.santana388@live.com,"Circular 111 #5-96, Bogotá",MMI314,3158,CDA-25718,2018-04-05,1998.0,671334,4000cc,Toyota,Híbrido,manul,4x4,taxi,Mixto,yes,,0,1,si,no,no,1
Viviana Suárez,406335638,3125547785,viviana_suárez619@hotmail.com,"Transversal 100 #19-6, Neiva",KKR245,2566,CDA-72368,19/07/2022,2017.0,153574,1000,Toyota,gnv,Automatio,4x2,Taxi,URBANO,no,0,no,false,no,yes,no,0
Héctor Montoya,847828036,3118644153,,"Calle 91 #77-62, Manizales",MGD470,1070,CDA-57193,14-04-2021,1999.0,255.7k km,1100,Nissan,Diesel,,4X2,Publico,suburbano,1,0,false,,yes,false,no,1
Diana Herrera,837267913,3181201247,,,BBY234,2525,CDA-75195,31/08/2023,2001.0,734.0k km,,Renault,GSL,mecánica,awd,TAXI,urbano,1,0,,true,si,si,si,1
Héctor Montoya,521052991,3044849157,héctor.montoya105@correo.com,"Circular 101 #34-59, Barranquilla",GUS017,2206,CDA-62405,2020-03-09,2023.0,28.5k km,3000cc,Peugeot,DIESEL,mecánica,4x2,TAXI,urbano,no,,0,no,no,false,false,0
Fabio Arévalo,742902492,3115374200,fabio_arévalo201@gmail.com,"Calle 106 #71-83, Cali",WBY951,1244,CDA-31992,2022/06/04,2020.0,41734,1800 cc,Volkswagen,GNV,MANUAL,4x2,particular,RURAL,no,0,false,0,no,0,no,1
Andrés Torres,205903734,3028245685,andrés_torres832@hotmail.com,"Transversal 72 #72-43, Villavicencio",JRT879,17,CDA-85748,2019/09/26,2017.0,121826,1500,Nissan,gas,Manual,AWD,Taxi,urbano,true,false,0,si,no,no,false,1
Sebastián Cruz,611616841,3013898378,sebastián-cruz702@live.com,"Transversal 67 #12-88, Medellín",AYB696,765,CDA-60237,12-05-2018,2004.0,672390,1500,Dodge,,tiptronic,awd,publico,suburbano,0,1,no,no,no,yes,false,1
Carlos Martínez,1046144151,3181908971,carlosmartínez827@outlook.com,"Transversal 21 #84-6, Villavicencio",QKX373,547,CDA-18476,2018/05/01,2022.0,58.656,3000 cc,Ford,DIESEL,Tiptronic,awd,Carga,,0,0,no,no,no,0,no,0
Felipe Ramos,872969770,3195726566,feliperamos64@outlook.com,"Circular 86 #49-38, Bucaramanga",KYG460,659,CDA-19068,24/03/2019,2008.0,423770,3000,Toyota,hibrido,manul,rwd,Escolar,urbano,no,true,1,no,0,false,0,1
Laura García,1058858887,3108028337,laura-garcía715@gmail.com,"Diagonal 88 #24-52, Bogotá",VAL876,2968,CDA-19129,2023-09-23,2017.0,,1400,Renault,hibrido,manual,AWD,taxi,Urbano,no,false,false,no,no,no,no,0
Darío Acosta,499653571,3231880617,daríoacosta540@hotmail.com,"Calle 106 #71-93, Ibagué",OSM079,3038,CDA-97720,26/09/2020,2023.0,26278,3000,Kia,eléctrico,Manual,4x2,Publico,Suburbano,no,no,false,no,0,no,false,0
Guillermo Ávila,715575786,3191085085,guillermo.ávila371@live.com,"Calle 50 #38-78, Villavicencio",MBJ498,1505,CDA-86716,10-10-2018,2012.0,284.683,2200,Toyota,GSL,Manual,4X2,PUBLICO,Urbano,no,0,false,si,no,no,0,1
Ernesto Pineda,645896053,3027947108,ernesto-pineda814@yahoo.com,"Circular 72 #99-58, Cartagena",PMT369,960,CDA-25456,13/06/2023,1998.0,442.381,1200,Chevrolet,Gasolina,AUTOMATICA,FWD,Particular,URBANO,si,0,1,true,no,true,0,1
Gustavo Barrera,1041755441,3146095584,gustavo.barrera535@live.com,"Avenida 1 #71-17, Montería",BAI579,2927,CDA-54506,30/06/2020,2003.0,506693,,Ford,Diesel,CVT,4X4,Escolar,Rural,true,true,,no,no,0,,1
Catalina Ortiz,1039795902,3147241961,catalina.ortiz250@live.com,"Avenida 31 #92-86, Pereira",NQW337,2332,CDA-73778,2023-04-08,2000.0,587k,3450,Dodge,diesel,manul,RWD,PUBLICO,RURAL,no,no,1,yes,,,si,1
Laura García,789612351,3117873987,laura-garcía338@yahoo.com,"Avenida 87 #60-8, Cali",WQV634,798,CDA-10196,2019/12/15,1999.0,451668 km,2500,Mitsubishi,gnv,Tiptronic,4X4,Particular,urbano,0,0,false,1,true,no,0,1
José Hernández,619131973,3243008248,joséhernández939@gmail.com,"Circular 28 #51-48, Ibagué",DBI-015,226,CDA-80677,2020/08/05,2024.0,0,,Renault,gnv,Mecanica,fwd,Carga,suburbano,0,no,0,,0,no,0,0
Gustavo Barrera,234675310,3009880692,,,HHW971,2075,CDA-85997,2024-05-21,2012.0,146.6k km,2000,Honda,Diesel,automatica,4X4,Particular,Mixto,false,no,false,0,false,0,no,0
Omar Leal,1078031180,3508912663,omar-leal118@yahoo.com,"Avenida 77 #7-37, Neiva",PMG709,1800,CDA-68207,09-02-2022,1998.0,654k,1450,Mitsubishi,Diesel,autom,AWD,escolar,Mixto,false,no,,si,0,no,no,1
Sebastián Cruz,574780703,3133512209,sebastiáncruz697@gmail.com,"Diagonal 16 #58-93, Cartagena",TEX 930,2486,CDA-59210,29-12-2018,1998.0,242.876,1600 cc,Kia,,Manual,rwd,Escolar,RURAL,no,true,yes,true,1,1,0,1
Ingrid Bermúdez,221648277,3167662764,ingrid.bermúdez562@hotmail.com,"Calle 34 #98-71, Cartagena",YXN553,239,CDA-58784,03/01/2022,2017.0,140256,3000cc,Suzuki,Gas Natural,Automática,,escolar,urbano,no,,no,,no,0,false,1
Jhon Morales,102394168,3196779828,jhonmorales551@gmail.com,"Calle 81 #49-81, Cartagena",LLN864,2278,CDA-52453,2023/02/14,2015.0,88.473,2950,Suzuki,Gas,AUTOMATICA,4X4,particular,RURAL,no,1,yes,no,1,false,0,0
Claudia Vargas,163553872,3157697361,claudia-vargas82@hotmail.com,"Transversal 99 #91-33, Barranquilla",MJP892,2086,CDA-28870,17/12/2021,1999.0,396.116 km,2600,Hyundai,Gas,CVT,4X4,PUBLICO,Mixto,yes,si,si,,yes,yes,no,1
Omar Leal,56405654,3195418172,omarleal378@hotmail.com,"Carrera 54 #13-49, Ibagué",DQW448,1694,CDA-96454,2023/11/17,2023.0,14905,2500,Nissan,DIESEL,MANUAL,4X2,carga,mixto,true,1,no,false,no,no,0,1
Catalina Ortiz,198810936,3212430171,catalina-ortiz288@yahoo.com,"Transversal 56 #61-52, Neiva",CUN433,2798,CDA-68640,06-11-2019,2012.0,83563,1400,Honda,Gasolina,Tiptronic,4X4,Particular,suburbano,yes,false,true,0,0,no,no,1
Laura García,405286162,3008046412,laura-garcía446@live.com,"Carrera 79 #89-86, Montería",HVO-172,1046,CDA-51816,05-11-2020,2001.0,727.4k km,2400 cc,Peugeot,GNV,MANUAL,fwd,publico,URBANO,yes,1,true,no,true,1,yes,1
Omar Leal,814764626,3223630903,omar-leal784@live.com,"Diagonal 120 #36-17, Ibagué",YNE-366,470,CDA-96688,10-10-2021,2017.0,86861,1100,Toyota,Híbrido,Automatio,rwd,Particular,Mixto,0,si,true,no,no,no,no,1
Natalia Reyes,503908747,3145101977,natalia-reyes927@live.com,"Circular 10 #17-77, Villavicencio",FLN520,955,CDA-44440,2023/12/01,1999.0,365.8k km,1050,Toyota,Gasolina,semiautomatica,FWD,PARTICULAR,suburbano,si,,no,no,0,no,,0
Andrés Torres,37457389,3202764491,andrés.torres123@hotmail.com,"Circular 76 #14-95, Neiva",EJF284,94,CDA-75419,11-07-2024,2021.0,67k,1500,Toyota,gnv,AUTOMATICA,RWD,PUBLICO,Mixto,false,si,false,true,no,no,no,1
Fabio Arévalo,785000150,3188371449,fabio.arévalo329@gmail.com,"Carrera 2 #11-3, Cartagena",JMW 437,2736,CDA-56411,17-07-2024,2001.0,483k,3000,Peugeot,eléctrico,Tiptronic,4X4,TAXI,Mixto,true,no,yes,no,yes,false,true,1
Jhon Morales,697624303,3139207479,jhon.morales854@gmail.com,"Transversal 92 #80-75, Armenia",TYN583,640,CDA-10584,26/05/2020,2003.0,192615,3500,Renault,gasolina,Manual,RWD,particular,Suburbano,false,0,no,,yes,false,false,1
Jhon Morales,973522612,3117047405,jhon-morales636@live.com,"Diagonal 28 #71-23, Cúcuta",OJF896,3055,CDA-15948,2018-02-22,2009.0,342108,1000cc,Chevrolet,Gasolina,manul,awd,particular,RURAL,no,false,no,no,1,false,false,0
Lina Santana,435688372,3045491345,lina-santana591@correo.com,"Circular 8 #99-81, Armenia",BUP824,1219,CDA-91598,2021-06-27,2003.0,393432 km,1450,Renault,GSL,Tiptronic,awd,PUBLICO,RURAL,true,1,no,si,si,1,no,1
Laura García,272975941,3117313009,laura_garcía66@outlook.com,"Diagonal 85 #81-94, Villavicencio",ZMZ551,1159,CDA-77139,22/03/2022,2018.0,194179,2200 cc,Chevrolet,Gasolina,mecánica,FWD,PUBLICO,RURAL,no,no,si,no,no,true,false,1
Patricia Mejía,922664936,3217243833,patricia_mejía152@live.com,"Diagonal 108 #68-75, Pereira",XYV 178,1416,CDA-64138,2019/10/24,2020.0,127.835,3500,Dodge,Gasolina,automatica,4x2,PUBLICO,Rural,no,1,false,no,0,no,0,0
Fabio Arévalo,621169276,,fabio-arévalo915@correo.com,"Avenida 84 #45-31, Cúcuta",XUQ418,2979,CDA-35132,2020/05/25,2024.0,0,2200 cc,Nissan,GAS,semiautomatica,4X2,PUBLICO,URBANO,0,no,0,no,false,no,false,0
,1056606039,3041194158,felipe_ramos623@yahoo.com,"Calle 75 #71-99, Neiva",MSF169,1528,CDA-28260,04-01-2022,1998.0,,1450,Toyota,nafta,autom,4X2,Escolar,RURAL,yes,yes,,true,no,1,0,1
Patricia Díaz,932744969,3002147117,patriciadíaz607@outlook.com,"Circular 35 #72-96, Pereira",JMG069,1746,CDA-84309,09-04-2021,2009.0,241089,1800 cc,Chevrolet,Gas,mecánica,4X2,particular,mixto,no,no,false,no,no,1,true,0
Patricia Mejía,237319072,3236730784,patriciamejía494@yahoo.com,"Calle 19 #11-79, Cartagena",WAX852,1301,CDA-77144,2020-12-21,2004.0,399786,1300,Hyundai,Gas,tiptronic,AWD,TAXI,Mixto,no,0,,no,1,false,,1
Guillermo Ávila,76339143,3019815176,guillermoávila124@live.com,"Carrera 58 #83-64, Cartagena",AJG937,3146,CDA-54391,26/07/2024,1997.0,770183,1600,Ford,Gas,mecánica,4x4,publico,Mixto,si,true,,no,false,0,0,1
Gustavo Barrera,39611871,3181072138,gustavo.barrera77@yahoo.com,,ZRL614,2849,CDA-33381,08-04-2018,2001.0,470.141 km,1000,Honda,DIESEL,mecánica,4X4,PUBLICO,rural,yes,true,true,si,1,no,0,1
Mónica Aguirre,57049515,3509878824,mónicaaguirre686@yahoo.com,"Circular 90 #17-75, Manizales",FHE830,1604,CDA-55219,2018-07-15,1997.0,513163 km,1200,Hyundai,Gas,semiautomatica,4x2,carga,RURAL,0,yes,,yes,,true,0,1
Ana Gómez,680422279,3189595901,ana_gómez281@outlook.com,"Avenida 84 #74-61, Manizales",CZO495,161,CDA-75147,2022-03-07,2011.0,137981,,Peugeot,Electrico,manul,awd,particular,Suburbano,no,0,yes,true,yes,,no,1
Camilo Rojas,955326603,3108243301,camilo.rojas739@correo.com,"Circular 118 #47-91, Neiva",EUL127,1705,CDA-51844,19-12-2021,2007.0,477251,1000,Nissan,GAS,AUTOMATICA,4x2,Publico,Rural,yes,0,0,true,0,,si,1
Camilo Rojas,1026503018,3246636572,camilo_rojas495@hotmail.com,"Carrera 34 #9-84, Barranquilla",VBK 468,957,CDA-95670,10/05/2023,2003.0,578k,3000 cc,Honda,Electrico,automatica,4X2,TAXI,URBANO,no,yes,true,0,no,,no,1
Gustavo Barrera,232558046,3172057153,gustavo.barrera235@gmail.com,"Diagonal 4 #98-91, Villavicencio",JAL-999,2870,CDA-18438,10/11/2019,2006.0,369547,1500,Kia,gasolina,Tiptronic,awd,particular,suburbano,false,yes,true,no,false,no,no,1
Fabio Arévalo,91773426,3156249811,fabio-arévalo767@yahoo.com,"Diagonal 44 #3-7, Bucaramanga",JKC935,1532,CDA-38615,30/04/2021,2013.0,129103 km,3500cc,Toyota,nafta,CVT,,,,no,1,,1,si,1,no,1
Gustavo Barrera,959475858,3015668537,gustavobarrera500@hotmail.com,"Carrera 58 #93-80, Montería",PBX826,878,CDA-14681,07/01/2023,9999.0,53356,2100,renoult,gas,manual,awd,PUBLICO,Rural,1,false,false,0,no,0,no,1
Adriana Parra,555379909,3178600093,adriana-parra657@hotmail.com,"Diagonal 35 #16-72, Barranquilla",EQH963,1920,CDA-88522,2019-01-26,1998.0,557.942 km,2200,Nissan,GSL,Manual,AWD,Taxi,Urbano,yes,no,1,yes,si,1,yes,1
Jhon Morales,583269703,3226290249,jhon-morales771@gmail.com,"Calle 7 #59-46, Cúcuta",TII 456,2962,CDA-89055,2018-07-18,2016.0,98k,1600,Peugeot,GASOLINA,MANUAL,RWD,Particular,URBANO,1,0,,0,1,yes,no,1
Ernesto Pineda,645227169,,ernestopineda344@hotmail.com,"Circular 52 #11-28, Armenia",EOV-945,1885,CDA-75209,2021-02-15,2007.0,421633,1400,Fiat,nafta,cvt,awd,,mixto,true,si,no,si,false,no,1,1
Marcela Fuentes,754087766,3172779568,marcelafuentes808@outlook.com,"Diagonal 61 #66-2, Bucaramanga",KWB-429,2201,CDA-89687,2021-03-19,2024.0,0,1600,Kia,Diesel,Manual,4x2,Carga,urbano,no,false,0,0,,,0,0
Héctor Montoya,289372484,3186358628,héctor-montoya267@hotmail.com,"Avenida 103 #37-26, Medellín",EWY 829,99,CDA-92133,2018/12/31,1996.0,701.1k km,1600 cc,Peugeot,GASOLINA,Mecanica,4X2,,urbano,true,0,0,false,1,yes,yes,1
Esperanza Vega,39289975,3138218320,esperanza_vega304@correo.com,"Carrera 32 #96-54, Barranquilla",GVR081,3164,CDA-16128,17/05/2020,2019.0,98k,2100,Chevrolet,diesel,Tiptronic,4x2,,Rural,no,no,,false,si,false,0,1
Guillermo Ávila,1092820350,3202321624,guillermo_ávila533@correo.com,"Carrera 100 #66-17, Montería",ZGS877,2558,CDA-28283,04/06/2020,2000.0,600607 km,1300 cc,Volkswagen,eléctrico,automatica,,Publico,Mixto,false,true,no,false,yes,yes,false,1
Carlos Martínez,264075829,3509141900,carlos.martínez373@gmail.com,"Transversal 55 #24-47, Cartagena",OXA519,254,CDA-56990,09/11/2023,2015.0,294691,3500,Dodge,Gasolina,mecánica,RWD,publico,RURAL,no,yes,true,0,no,false,no,1
Patricia Díaz,868307069,3239185628,patricia.díaz541@gmail.com,"Avenida 71 #9-35, Neiva",XDQ644,104,CDA-71504,08/08/2020,2002.0,417624,3500cc,Honda,nafta,cvt,awd,publico,Suburbano,1,no,no,yes,,,no,1
Ingrid Bermúdez,373644087,3048396434,ingrid-bermúdez898@hotmail.com,"Avenida 5 #75-29, Ibagué",DGV 213,1446,CDA-80854,2019/05/25,1998.0,522985,1200,Peugeot,GASOLINA,cvt,4X2,Taxi,Mixto,si,true,0,no,si,no,no,1
Felipe Ramos,232131549,3231820086,feliperamos917@correo.com,"Diagonal 93 #2-2, Barranquilla",YCT311,1444,CDA-57560,08/05/2018,2018.0,55.0k km,1500 cc,Dodge,gas,Tiptronic,,particular,Urbano,,no,no,0,0,0,,1
Yolanda Cárdenas,990398924,3003205827,,"Diagonal 115 #7-58, Pereira",LQK058,1649,CDA-96243,2020/01/27,1995.0,589953,1400,Mazda,DIESEL,mecánica,awd,particular,rural,si,true,false,,true,true,,1
Jhon Morales,607415984,3185830607,jhon.morales601@gmail.com,"Circular 55 #75-43, Bogotá",RUI103,587,CDA-72446,22/05/2023,2023.0,21554,2000,Mitsubishi,GNV,Manual,RWD,Escolar,Mixto,0,no,false,false,0,no,no,0
Marcela Fuentes,421997671,3143788316,marcelafuentes39@yahoo.com,"Avenida 42 #1-24, Pereira",KQE981,628,CDA-82796,2018/10/21,2010.0,336k,1800 cc,Peugeot,eléctrico,automatica,rwd,público,urbano,yes,no,false,true,no,false,false,0
Lina Santana,959598721,3114326378,lina-santana614@gmail.com,"Transversal 79 #39-10, Ibagué",DNA-657,1697,CDA-15220,2019/01/28,2018.0,104.985 km,1100,Peugeot,eléctrico,automatica,4x4,Taxi,mixto,no,no,yes,no,no,no,0,1
Andrés Torres,470761461,3122896335,andréstorres291@hotmail.com,"Transversal 110 #3-67, Barranquilla",ZRW-676,2102,CDA-23004,2018/12/21,2014.0,182346,3900,Volkswagen,Gas Natural,semiautomatica,awd,Publico,Suburbano,1,no,no,false,no,1,false,1
Felipe Ramos,89514153,3011584306,felipe-ramos994@correo.com,"Circular 29 #77-84, Barranquilla",CUS516,2200,CDA-36010,23-02-2023,2006.0,515862 km,1300,Kia,Gasolina,Tiptronic,4x4,TAXI,URBANO,0,0,false,,no,false,false,1
Jhon Morales,505916012,3025503509,jhon.morales935@gmail.com,"Carrera 60 #31-14, Pasto",LVK929,404,CDA-11670,27-09-2018,2024.0,0,1500 cc,Suzuki,gas,Mecanica,rwd,TAXI,Urbano,false,no,0,1,no,no,no,1
Sandra Castro,48659419,3172645645,sandra.castro786@yahoo.com,"Carrera 98 #77-95, Armenia",BKX 581,1155,CDA-94494,2022/02/05,1995.0,1082138 km,3000,Mitsubishi,gnv,semiautomatica,4x2,TAXI,rural,1,0,true,si,si,false,false,1
Gloria Mendoza,448884189,3157075469,gloria-mendoza9@gmail.com,"Circular 78 #24-48, Cartagena",WCA-526,2256,CDA-96412,2021/02/22,1995.0,804089,1600,Mazda,Gas,autom,4X2,Taxi,urbano,true,false,si,1,false,0,0,1
Patricia Díaz,269118904,3176801532,patriciadíaz749@gmail.com,"Transversal 52 #85-10, Pereira",NCO817,2864,CDA-71967,,2008.0,481763,1600,Mazda,Gasolina,MANUAL,4X2,TAXI,RURAL,si,no,si,0,no,no,yes,1
Sebastián Cruz,201592378,3106691617,sebastiáncruz19@correo.com,"Avenida 106 #6-73, Neiva",WAU663,1683,CDA-96563,10/03/2021,2012.0,218.666,1300,Toyota,eléctrico,CVT,fwd,taxi,URBANO,,false,,0,0,,1,1
Ingrid Bermúdez,602240112,3171624047,ingrid_bermúdez203@gmail.com,"Transversal 92 #44-27, Ibagué",OAJ422,2057,CDA-33912,2018-04-11,2013.0,235711,1400,Volkswagen,GSL,Automática,RWD,carga,suburbano,0,si,1,si,0,no,no,1
José Hernández,1028237911,3059849883,joséhernández452@correo.com,"Avenida 83 #18-12, Cúcuta",CQK913,3123,CDA-37469,16/02/2020,2023.0,28684,1100,Hyundai,Gas Natural,tiptronic,4X2,público,Urbano,no,false,,,0,no,0,0
Ernesto Pineda,365192850,3126002466,ernesto-pineda367@yahoo.com,"Transversal 43 #23-15, Cali",RKV505,453,CDA-50677,2021/04/05,2011.0,228891,1000,Toyota,Electrico,manul,4X2,TAXI,Urbano,no,false,no,true,no,0,0,1
José Hernández,462860972,3102920172,josé.hernández898@live.com,"Diagonal 24 #65-16, Cúcuta",GYV-383,2302,CDA-31752,2018-02-05,2022.0,35029,4000,Suzuki,gnv,CVT,4X4,público,suburbano,no,0,no,false,false,false,no,0
Adriana Parra,409317487,3219066654,adrianaparra428@yahoo.com,"Circular 16 #95-39, Bogotá",ZUT661,1328,CDA-31509,2023/06/26,2008.0,382709,3000,Toyota,,AUTOMATICA,4X2,TAXI,RURAL,true,no,false,no,1,0,false,1
Camilo Rojas,483729282,3203506889,camilo_rojas955@yahoo.com,"Transversal 58 #6-35, Barranquilla",TTJ490,2945,CDA-67855,2024-05-24,2018.0,164.6k km,3500,Nissan,,CVT,4x4,Taxi,URBANO,false,,yes,false,0,1,no,1
José Hernández,105139015,3107749544,josé-hernández130@hotmail.com,"Calle 115 #4-72, Cartagena",NBT262,2050,CDA-48080,2024-11-20,2024.0,0 km,1500,Mitsubishi,gnv,Automatio,4X2,carga,Mixto,no,0,,,0,no,no,1
Ricardo Peña,947929033,3143212485,ricardo.peña507@gmail.com,"Carrera 109 #73-38, Cali",WFG206,881,CDA-27524,08-06-2019,2010.0,615327 km,1600 cc,Peugeot,nafta,CVT,AWD,Escolar,Rural,1,0,true,0,no,1,0,1
Viviana Suárez,778401343,3043267678,viviana_suárez519@gmail.com,,HII863,677,CDA-20265,19/02/2019,2006.0,300k,2400,Volkswagen,Gasolina,Automática,4X2,Publico,Urbano,si,true,true,,,,no,1
Xiomara Pacheco,316851726,3022822893,xiomara_pacheco473@outlook.com,"Carrera 4 #57-27, Bucaramanga",MUF318,624,CDA-64730,26/01/2023,2015.0,272857 km,2000,Renault,Gas,Manual,,Escolar,Mixto,no,true,no,no,0,true,true,1
Mónica Aguirre,375339519,3152963660,mónica-aguirre508@yahoo.com,"Transversal 76 #52-12, Barranquilla",VSD-857,2394,CDA-60849,06/12/2021,2002.0,195879 km,2400,mazda,diesel,MANUAL,RWD,Particular,RURAL,false,true,yes,no,si,true,,1
Patricia Díaz,866771913,3218239625,patricia_díaz797@correo.com,"Carrera 54 #99-51, Montería",XVH 243,3046,CDA-43694,27-12-2019,2000.0,231.0k km,2000,Suzuki,GNV,cvt,FWD,escolar,urbano,true,1,false,0,no,no,no,1
Natalia Reyes,94277199,3013069094,nataliareyes391@yahoo.com,"Avenida 5 #96-68, Villavicencio",WSR188,1788,CDA-71683,28/07/2018,2006.0,,3500 cc,Nissan,gnv,cvt,4X4,carga,Urbano,true,,0,0,no,0,,1
Marcela Fuentes,97781890,3109906787,marcela.fuentes270@hotmail.com,"Circular 70 #36-9, Ibagué",EOU214,263,CDA-83030,2022/09/07,2001.0,9528,1600,Mitsubishi,GASOLINA,cvt,4x2,Particular,URBANO,yes,0,no,yes,0,1,0,1
José Hernández,486745564,3107233411,josé_hernández231@yahoo.com,"Calle 82 #56-76, Pereira",IVA389,1635,CDA-69788,2023-09-01,2012.0,161922,1800,Suzuki,Gas Natural,AUTOMATICA,AWD,PARTICULAR,urbano,0,no,no,no,0,1,false,0
Fabio Arévalo,275518637,3223464822,fabioarévalo261@gmail.com,"Circular 112 #33-73, Cali",BGJ631,1439,CDA-26613,18-06-2024,2015.0,154.884,1200,Renault,eléctrico,semiautomatica,4x2,PARTICULAR,rural,false,true,true,yes,0,no,false,1
Esperanza Vega,754203774,3501854792,esperanza_vega865@live.com,"Transversal 120 #24-50, Cartagena",UEQ585,2199,CDA-72457,29/05/2022,2007.0,343.2k km,4000,Kia,gasolina,automatica,awd,TAXI,rural,,true,no,false,no,0,,1
Gloria Mendoza,1034023141,3108641160,gloria-mendoza701@gmail.com,"Avenida 62 #75-1, Armenia",DOB 201,1970,CDA-74482,30/10/2023,2012.0,402039,1800,Toyota,hibrido,mecánica,awd,Escolar,RURAL,no,true,0,false,si,no,false,1
Mauricio Ruiz,1049158026,3507315515,mauricioruiz725@correo.com,"Carrera 74 #44-20, Manizales",MLP582,2521,CDA-61443,2022-07-11,2008.0,,1400,Kia,Gasolina,autom,RWD,taxi,URBANO,true,no,no,,true,si,0,1
Jhon Morales,737061582,3249390418,jhon_morales20@hotmail.com,"Avenida 113 #72-78, Armenia",UAH540,1803,CDA-66391,23/02/2018,2021.0,59060,1400,Ford,GAS,cvt,,taxi,Rural,no,no,no,no,no,no,,1
Guillermo Ávila,564555340,3501218299,guillermoávila902@correo.com,"Carrera 99 #48-65, Bogotá",SGK384,641,CDA-27503,2022-07-16,,89926,3500,Mazda,gasolina,CVT,awd,escolar,suburbano,no,0,no,,no,no,no,0
Adriana Parra,555379909,3178600093,adriana-parra657@hotmail.com,"Diagonal 35 #16-72, Barranquilla",EQH963,1920,CDA-88522,2019-01-26,1998.0,557.942 km,2200,Nissan,GSL,Manual,AWD,Taxi,Urbano,yes,no,1,yes,si,1,yes,1
Claudia Vargas,687435380,3014081810,claudia-vargas662@correo.com,"Carrera 119 #24-63, Neiva",TGI 087,2386,CDA-36716,2018-11-06,2009.0,289669,2200,Fiat,DIESEL,automatica,awd,Escolar,rural,yes,yes,no,false,1,no,0,1
Guillermo Ávila,732504579,,guillermo-ávila796@correo.com,"Diagonal 22 #91-10, Barranquilla",YOX075,2599,CDA-20466,2020/03/27,2023.0,34.0k km,1200,Hyundai,Diesel,automatica,fwd,carga,,,no,false,no,no,no,0,0
Sebastián Cruz,844545056,3024273079,sebastián_cruz680@live.com,"Diagonal 33 #47-71, Pereira",ZIR265,3108,CDA-28002,01/11/2019,2017.0,205k,1600cc,Mitsubishi,GAS,mecánica,RWD,TAXI,RURAL,false,0,1,false,no,no,false,1
Marcela Fuentes,448352015,3207738104,marcela-fuentes931@hotmail.com,"Avenida 81 #30-11, Barranquilla",SCG 207,1960,CDA-40591,2018-05-13,2016.0,213394,1200,Renault,Gas,automatica,4X2,publico,Suburbano,false,0,no,true,no,,false,1
Camilo Rojas,101787240,3007565985,camilo-rojas495@hotmail.com,"Transversal 44 #38-5, Ibagué",QYO898,2977,CDA-25370,2023-12-04,2007.0,586122,2200cc,Mitsubishi,gasolina,Mecanica,4X4,PUBLICO,RURAL,,,no,si,1,1,no,1
Carlos Martínez,377895964,3166583640,carlos-martínez837@hotmail.com,"Circular 42 #79-9, Pereira",PFR179,489,CDA-75258,16/03/2019,2010.0,527k,1600cc,Nissan,,Manual,RWD,PUBLICO,Urbano,true,no,no,no,1,false,,1
Claudia Vargas,203791831,3028596462,claudiavargas195@live.com,"Transversal 23 #49-87, Bogotá",KUA489,1844,CDA-31199,31-01-2021,2024.0,0,4000 cc,Fiat,DIESEL,Tiptronic,fwd,Taxi,RURAL,0,no,no,no,false,0,0,0
María López,369931945,3221118207,maría_lópez101@gmail.com,"Circular 22 #7-74, Bucaramanga",YOU404,1735,CDA-12727,2023/06/22,2021.0,92k,1100cc,Volkswagen,Diesel,manual,4X2,Taxi,Rural,false,no,0,true,no,no,no,0
Mauricio Ruiz,908089427,3221186389,mauricio_ruiz585@outlook.com,"Diagonal 63 #75-88, Pasto",GYG-975,2912,CDA-55993,2024-05-20,2000.0,664.5k km,1800,Honda,Gas,Manual,fwd,carga,URBANO,true,0,0,true,0,no,0,0
Sebastián Cruz,1050144104,3211347746,sebastiáncruz877@hotmail.com,"Carrera 46 #64-4, Barranquilla",SLF093,147,CDA-92167,15/01/2023,1997.0,254.7k km,1600,Dodge,Híbrido,autom,4X2,PARTICULAR,Urbano,si,1,no,si,true,false,yes,1
Ricardo Peña,690257231,3181222416,ricardo.peña670@gmail.com,"Transversal 47 #20-70, Medellín",UKI391,1535,CDA-19375,2020/08/24,2015.0,193.542,1200,Suzuki,GNV,Tiptronic,4X2,taxi,urbano,true,no,false,yes,0,0,false,0
Catalina Ortiz,226298652,3019173522,catalina-ortiz209@gmail.com,"Diagonal 78 #33-38, Neiva",QOB759,1987,CDA-53120,06-02-2022,2016.0,243505 km,1800,Volkswagen,GAS,automatica,RWD,PUBLICO,Mixto,true,no,no,true,false,si,0,1
Claudia Vargas,78479998,3508094577,claudia.vargas585@yahoo.com,"Carrera 34 #67-48, Cali",JTL685,1370,CDA-99935,20-03-2021,2009.0,275k,1000,Honda,diesel,Manual,4X4,taxi,Urbano,false,yes,si,1,yes,true,si,1
Sebastián Cruz,508341656,3507847634,sebastián-cruz776@gmail.com,"Avenida 105 #63-6, Pereira",FCI 553,2451,CDA-32749,2024/12/10,2004.0,362.571,3500,Fiat,gas,AUTOMATICA,rwd,Carga,Urbano,false,yes,,false,no,1,no,1
Patricia Mejía,864030734,3212738076,patriciamejía516@hotmail.com,"Diagonal 81 #12-42, Armenia",XLD314,1971,CDA-10506,22-07-2019,2018.0,176710 km,3500,Nissan,hibrido,semiautomatica,4x4,Publico,Urbano,no,no,0,no,1,false,no,1
Omar Leal,445838698,3199872991,omar.leal22@live.com,"Calle 26 #4-41, Armenia",YJJ476,3003,CDA-80078,2023/10/30,2009.0,328469,2500,Suzuki,eléctrico,Automatio,awd,Escolar,suburbano,si,yes,yes,si,false,false,no,0
Claudia Vargas,194077882,3212506766,claudia.vargas230@yahoo.com,"Avenida 6 #24-93, Pasto",FWL240,2812,CDA-94654,15-04-2024,1997.0,546.299,2200,Nissan,nafta,mecánica,awd,carga,rural,si,0,,si,yes,true,true,1
Ana Gómez,30042141,3169760957,ana_gómez40@outlook.com,"Diagonal 57 #46-83, Medellín",GFY303,660,CDA-70008,2019-10-02,2003.0,947,1050,Chevrolet,Gasolina,semiautomatica,AWD,público,suburbano,si,false,1,0,1,1,,1
Viviana Suárez,970669425,3052951584,viviana_suárez61@gmail.com,"Circular 54 #70-76, Manizales",QMQ635,1795,CDA-35417,2023/07/12,2014.0,265k,1400cc,Ford,Híbrido,tiptronic,,Carga,URBANO,1,false,si,no,false,true,yes,1
Fabio Arévalo,225747739,3187887913,fabio.arévalo244@correo.com,"Diagonal 59 #46-56, Barranquilla",JZG410,2512,CDA-60658,03-08-2022,1995.0,,3500,Chevrolet,Gas,Automatio,4X2,escolar,Rural,si,false,true,false,true,no,0,1
Patricia Díaz,150581981,3163371985,patriciadíaz193@outlook.com,"Calle 118 #62-85, Pasto",PWC-695,187,CDA-81615,03-03-2021,2006.0,513.887,2400,Suzuki,Electrico,,rwd,TAXI,URBANO,si,0,0,true,no,no,no,0
Xiomara Pacheco,1071394224,3169503123,xiomara-pacheco310@yahoo.com,"Circular 66 #6-99, Neiva",PRQ345,1148,CDA-55493,21-08-2023,1996.0,397589,1300 cc,Toyota,Diesel,Manual,FWD,TAXI,mixto,true,no,si,yes,no,yes,,1
Adriana Parra,37257313,3143766822,adriana.parra974@outlook.com,"Calle 82 #54-20, Ibagué",YUJ-301,609,CDA-25958,12/08/2018,2018.0,69k,2200,Kia,GNV,semiautomatica,FWD,Taxi,Rural,0,no,no,true,no,0,no,0
Felipe Ramos,335245198,3002096020,felipe_ramos965@outlook.com,"Avenida 98 #28-29, Armenia",JSZ-317,2192,CDA-97815,2024-12-05,2024.0,0,1200 cc,Mitsubishi,Híbrido,Tiptronic,4X4,Carga,Rural,si,no,false,,false,no,no,0
Xiomara Pacheco,585403823,3121188432,xiomarapacheco191@yahoo.com,"Calle 22 #55-80, Cali",YFA147,2800,CDA-54522,2022-03-02,2000.0,654k,1000,Kia,Gasolina,automatica,4x2,Carga,Rural,yes,1,yes,no,0,yes,no,1
Esperanza Vega,876630630,,esperanza-vega912@hotmail.com,"Diagonal 32 #26-89, Montería",AZE 387,1931,CDA-50219,2021/03/31,1997.0,255609,1400,Toyota,Gas Natural,automatica,4x4,Particular,urbano,true,yes,si,true,si,no,1,1
Catalina Ortiz,375145972,3124635768,catalina_ortiz292@gmail.com,"Calle 49 #58-94, Cúcuta",HFL 157,3030,CDA-85196,2020/02/24,2015.0,227324,1400cc,Toyota,Gasolina,mecánica,awd,Escolar,RURAL,no,yes,no,no,no,yes,no,1
Ricardo Peña,509645675,3059398403,ricardopeña775@correo.com,"Calle 66 #98-38, Cartagena",SKB202,198,CDA-20567,16/02/2022,1998.0,679976,,Toyota,Diesel,CVT,4x4,taxi,URBANO,false,1,no,si,si,true,1,1
Iván Salcedo,419332589,3232799593,iván_salcedo272@gmail.com,"Transversal 52 #23-62, Armenia",KQZ717,2932,CDA-53908,2024/11/24,2006.0,388502 km,1200,Chevrolet,GSL,mecánica,FWD,Taxi,Urbano,yes,0,true,no,true,1,0,1
Yolanda Cárdenas,877487580,3048077616,yolanda.cárdenas103@live.com,"Circular 105 #11-78, Neiva",CVT962,2328,CDA-10241,,2010.0,309354,2500,Honda,GASOLINA,Manual,4x4,taxi,Suburbano,si,false,0,false,false,no,0,1
Fabio Arévalo,504911720,3139554056,fabioarévalo968@gmail.com,"Calle 29 #74-68, Manizales",LDW-191,294,CDA-29449,11-01-2022,9999.0,301.2k km,,Honda,gas,Automatio,FWD,PARTICULAR,Rural,false,si,0,1,no,1,no,1
Natalia Reyes,41273513,3166787480,nataliareyes139@outlook.com,"Carrera 89 #61-45, Bogotá",MBE310,767,CDA-31282,2023-10-16,2018.0,148k,2600,Hyundai,GSL,autom,fwd,,mixto,1,no,no,true,false,no,no,1
Mónica Aguirre,382977415,3048950545,mónicaaguirre318@yahoo.com,"Calle 31 #25-98, Cali",NMA005,401,CDA-29669,26/08/2019,2000.0,187.801 km,,Toyota,DIESEL,AUTOMATICA,AWD,particular,Rural,,false,no,no,yes,no,0,1
Mónica Aguirre,610151936,3127181227,mónicaaguirre528@outlook.com,"Calle 82 #42-3, Villavicencio",BUI464,123,CDA-66087,2023-05-05,1996.0,596752,1150,Peugeot,gas,tiptronic,RWD,particular,Rural,false,true,true,false,1,0,,1
Roberto Nieto,1045401061,3007497877,roberto-nieto792@outlook.com,"Carrera 29 #44-88, Ibagué",FLS-911,203,CDA-83763,26-07-2023,2014.0,213k,4000 cc,Mazda,gas,AUTOMATICA,FWD,publico,urbano,yes,,no,0,yes,no,,1
Sandra Castro,92014396,3025781895,sandra.castro238@hotmail.com,"Diagonal 25 #93-32, Cartagena",WIJ861,836,CDA-44752,2021/12/18,2006.0,481.618,1000 cc,Hyundai,gasolina,Automática,FWD,taxi,Urbano,1,0,0,no,false,true,0,1
Iván Salcedo,472226858,3245516602,ivánsalcedo222@live.com,"Avenida 80 #1-2, Armenia",GLO831,2295,CDA-96412,2019-04-15,2006.0,337890,3500cc,Kia,GSL,semiautomatica,AWD,TAXI,Suburbano,1,0,0,no,1,false,no,1
Ingrid Bermúdez,959249291,3505811672,ingridbermúdez875@gmail.com,"Calle 92 #17-96, Barranquilla",LBM157,1440,CDA-81106,01/02/2019,2020.0,73227,2150,Mazda,eléctrico,mecánica,4X2,Particular,URBANO,,false,no,false,0,0,0,0
Sebastián Cruz,364111490,3101347523,sebastián-cruz6@hotmail.com,"Calle 114 #6-81, Villavicencio",SSG 825,1734,CDA-30745,2018/10/09,2009.0,340892,1050,Honda,,MANUAL,awd,publico,mixto,no,true,true,1,no,0,false,1
Darío Acosta,581975269,3115852077,daríoacosta450@yahoo.com,"Calle 28 #36-23, Cúcuta",WZE110,1696,CDA-98594,2022-09-12,2014.0,237251,2200,Mitsubishi,GSL,automatica,rwd,PARTICULAR,mixto,no,0,false,false,0,,no,1
María López,638973781,3137019415,maríalópez395@live.com,"Avenida 94 #69-57, Pereira",KHX512,583,CDA-65319,2020-02-28,2018.0,178k,1050,Renault,gasolina,cvt,awd,publico,mixto,1,,0,1,0,false,false,1
Xiomara Pacheco,778037127,3045420230,xiomara.pacheco412@live.com,"Diagonal 56 #68-92, Barranquilla",AQJ782,1708,CDA-84608,2020-05-19,2022.0,78498,2050,Mitsubishi,hibrido,Mecanica,FWD,taxi,Rural,false,yes,no,si,0,0,false,1
Diana Herrera,370504589,3139450677,dianaherrera395@live.com,"Circular 116 #28-21, Barranquilla",THR345,3200,CDA-67813,07/08/2024,2009.0,424.197 km,2400 cc,Hyundai,GSL,semiautomatica,4X2,publico,rural,false,true,true,1,no,0,no,1
Luis Rodríguez,267512110,3127298916,luis-rodríguez129@correo.com,"Transversal 107 #5-3, Bogotá",PPY956,1154,CDA-14005,2020/11/07,2014.0,150768,1300,Ford,GASOLINA,Mecanica,fwd,PUBLICO,mixto,0,no,si,0,no,0,0,1
Sebastián Cruz,847904045,3177916722,sebastián_cruz977@gmail.com,"Calle 102 #45-28, Manizales",QPH946,1662,CDA-18390,2024/09/22,2007.0,245k,2500 cc,Volkswagen,GSL,MANUAL,4X2,PARTICULAR,Rural,no,0,si,no,yes,false,false,1
Fabio Arévalo,685011756,3058141030,fabioarévalo402@hotmail.com,"Calle 58 #28-91, Cali",AEM 746,2433,CDA-35666,07-07-2019,2012.0,297.9k km,2100,Dodge,diesel,Manual,FWD,TAXI,RURAL,no,false,si,false,0,yes,no,1
Ana Gómez,273417798,3043096067,ana.gómez94@gmail.com,"Diagonal 63 #97-39, Pasto",ZWN707,1760,CDA-64923,2021-08-31,1996.0,585679,1600,Mitsubishi,Gas Natural,Automatio,4x2,Particular,URBANO,1,0,1,si,false,no,no,1
Adriana Parra,910164898,3145686507,adriana.parra157@gmail.com,"Calle 114 #50-24, Manizales",QKM749,855,CDA-41313,2019/12/30,2015.0,320k,2200,Mitsubishi,Gas,MANUAL,4x2,Carga,suburbano,no,no,false,0,no,0,no,0
Darío Acosta,1040379529,,darío.acosta82@live.com,"Carrera 29 #35-88, Bucaramanga",JOB259,1590,CDA-62075,2023/03/19,2016.0,254k,1100 cc,Fiat,gnv,cvt,fwd,Taxi,Suburbano,,,no,no,no,false,no,1
Carlos Martínez,494990980,3121574171,carlos.martínez699@gmail.com,"Calle 96 #7-86, Manizales",PIQ820,2268,CDA-62319,2018-11-25,2024.0,0,4000,Fiat,,manul,RWD,TAXI,Mixto,,0,no,false,no,0,true,0
Mauricio Ruiz,1065086205,3127273455,mauricioruiz35@hotmail.com,"Circular 84 #32-85, Cartagena",AGS836,642,CDA-94684,2021-12-09,2015.0,337658,2400 cc,Fiat,GNV,semiautomatica,fwd,Taxi,urbano,,no,false,no,false,no,no,1
María López,1015129473,3221192619,maría.lópez699@live.com,"Circular 44 #15-38, Manizales",ASS975,2,CDA-93748,25/03/2020,2021.0,43133,4000,mazda,GASOLINA,CVT,AWD,Particular,RURAL,false,no,true,no,no,1,no,0
Ana Gómez,576320440,3117363184,ana_gómez600@yahoo.com,"Circular 82 #38-15, Villavicencio",OHN407,2161,CDA-85227,14/08/2022,2002.0,219.965,1400,Mitsubishi,Diesel,Mecanica,RWD,PARTICULAR,RURAL,no,0,0,false,no,no,no,0
Guillermo Ávila,930005061,3208331105,guillermo_ávila921@correo.com,"Diagonal 63 #93-1, Pereira",KJV357,699,CDA-54185,2022-03-13,2000.0,766.3k km,1500,Volkswagen,DIESEL,AUTOMATICA,fwd,Escolar,suburbano,1,true,true,true,no,yes,no,1
Esperanza Vega,375168728,3217708825,esperanza-vega330@hotmail.com,"Diagonal 2 #14-14, Pereira",KXQ582,3000,CDA-60470,2019/05/02,2017.0,100.109,1000,Fiat,Diesel,autom,FWD,PARTICULAR,URBANO,no,0,no,true,no,yes,no,1
Ingrid Bermúdez,751161224,3238743435,,"Carrera 45 #83-28, Cartagena",LIC894,1637,CDA-71512,2020/12/27,1996.0,499424,1300,Mazda,nafta,autom,AWD,PUBLICO,rural,1,0,si,yes,1,1,1,1
Ricardo Peña,220385672,3184275334,ricardo.peña902@gmail.com,"Avenida 33 #16-68, Barranquilla",RHP 668,1292,CDA-63311,2018/12/27,2003.0,917647,1100,Mazda,GSL,Manual,FWD,Publico,Urbano,si,0,,1,true,true,0,1
Sebastián Cruz,1022713404,3213115974,sebastián.cruz69@hotmail.com,"Transversal 13 #61-60, Barranquilla",XCJ099,3183,CDA-79378,11-04-2022,2003.0,351172,1550,Kia,Gas,manul,FWD,Carga,rural,1,true,1,si,yes,false,false,1
Fabio Arévalo,1039080316,3199575650,fabioarévalo522@hotmail.com,"Calle 92 #20-57, Neiva",CHZ840,2490,CDA-99644,14/07/2024,2008.0,101.8k km,1000,Toyota,Electrico,CVT,RWD,particular,suburbano,true,false,1,no,0,yes,yes,1
Gloria Mendoza,741224728,3242471041,gloria-mendoza430@hotmail.com,"Calle 17 #51-64, Montería",IYK365,1521,CDA-26184,2024/04/09,2000.0,3k,3500,Hyundai,gasolina,CVT,4x2,Publico,Rural,0,,1,1,no,no,si,1
Felipe Ramos,606575442,3504531280,feliperamos602@correo.com,"Diagonal 29 #82-52, Villavicencio",LQR584,1854,CDA-10807,13/06/2018,2001.0,440.132 km,1600,Renault,Gasolina,Automatio,fwd,PARTICULAR,Suburbano,si,false,si,no,false,si,false,1
Sebastián Cruz,977737123,3186175598,sebastián.cruz454@gmail.com,"Circular 39 #18-23, Barranquilla",IAH-604,1137,CDA-96583,2019-06-14,2018.0,203526,1100 cc,Ford,Gas Natural,CVT,rwd,PUBLICO,URBANO,no,si,,0,no,true,0,1
Camilo Rojas,269903455,3183087754,camilo-rojas179@gmail.com,"Transversal 110 #88-54, Bucaramanga",ANF841,3184,CDA-66354,2022-03-04,1996.0,630.5k km,1400cc,Suzuki,DIESEL,MANUAL,4X2,Carga,URBANO,true,si,no,no,false,false,,1
Alejandro Zapata,838138678,3049379731,alejandro_zapata264@hotmail.com,"Diagonal 6 #62-27, Bogotá",XLX751,1632,CDA-60653,29/05/2021,2020.0,74609,1000,Kia,gas,Automática,FWD,público,Urbano,yes,false,no,no,no,1,no,1
Carlos Martínez,360610523,3163238392,carlosmartínez856@hotmail.com,"Diagonal 79 #58-28, Villavicencio",UIV667,1999,CDA-79415,2018/08/07,2008.0,380.4k km,1450,Hyundai,GSL,Tiptronic,RWD,público,Urbano,no,0,1,0,yes,yes,true,1
María López,437512357,3046576820,maría_lópez661@correo.com,"Carrera 80 #42-7, Pasto",VKX904,664,CDA-57194,18-04-2023,1995.0,606.805,1150,Kia,Gas,Automatio,4x4,escolar,URBANO,no,1,no,1,0,1,no,1
Lina Santana,894596627,3102620532,lina.santana714@outlook.com,"Transversal 49 #61-76, Montería",OAN-302,684,CDA-33348,2023-07-22,2020.0,68808,900,Mazda,Electrico,autom,fwd,PARTICULAR,Urbano,yes,true,false,no,0,0,0,1
Natalia Reyes,830642113,3199347849,natalia_reyes314@yahoo.com,"Calle 85 #83-62, Montería",FFS-528,1258,CDA-53578,31/10/2020,2011.0,365854,1100,Nissan,Diesel,mecánica,AWD,PUBLICO,RURAL,yes,0,1,no,,no,false,1
Adriana Parra,886562941,3167324261,adriana-parra603@correo.com,"Circular 71 #32-28, Pereira",TWK574,318,CDA-66862,,1999.0,566824,2100,Ford,GASOLINA,Automática,4X4,Publico,URBANO,yes,true,no,no,true,no,no,1
Carlos Martínez,1050236187,3175073777,carlos.martínez967@correo.com,"Avenida 57 #17-86, Cúcuta",YCU078,649,CDA-50290,2018-11-26,1998.0,604967 km,2400,Chevrolet,gasolina,semiautomatica,RWD,PUBLICO,Suburbano,si,false,0,0,yes,true,true,1
Xiomara Pacheco,23449054,3208081950,xiomara-pacheco186@gmail.com,"Calle 76 #15-14, Cartagena",QOT-669,1435,CDA-59703,09-11-2023,2016.0,190.0k km,1500,Mazda,Híbrido,AUTOMATICA,,taxi,rural,no,si,no,no,true,no,0,1
Xiomara Pacheco,760203335,3157350645,xiomarapacheco621@yahoo.com,"Avenida 73 #4-75, Bogotá",QOQ287,1480,CDA-57820,2018/10/13,2024.0,0,2050,Honda,gnv,Manual,,taxi,Mixto,no,false,false,false,0,false,yes,0
Ricardo Peña,632878961,3219150684,ricardo-peña71@gmail.com,"Calle 45 #49-44, Barranquilla",OJY077,710,CDA-34059,18-01-2019,2008.0,603574,2400,Toyota,Electrico,Manual,rwd,escolar,mixto,false,false,false,1,false,true,no,1
Yolanda Cárdenas,963805403,3215647097,yolandacárdenas366@correo.com,"Circular 21 #67-9, Montería",WPC625,1283,CDA-40209,14-09-2020,2003.0,636527 km,3500,Nissan,gnv,Manual,AWD,escolar,RURAL,,0,0,0,1,1,no,1
Yolanda Cárdenas,1037937501,3503259602,yolandacárdenas207@correo.com,"Diagonal 111 #11-80, Ibagué",CYI209,1769,CDA-28060,2020-02-08,2012.0,186653 km,3000,Honda,gas,CVT,fwd,particular,rural,true,false,true,no,si,si,false,1
Sandra Castro,942069228,3015521716,sandra.castro756@live.com,"Carrera 95 #55-70, Pasto",BDY-652,973,CDA-71095,05-03-2021,2006.0,563486,2350,Toyota,GAS,Tiptronic,4x4,PUBLICO,suburbano,,0,1,no,no,si,false,1
Marcela Fuentes,1051636640,3137363132,marcela_fuentes316@live.com,"Circular 4 #85-51, Bucaramanga",VRG-307,2676,CDA-70086,2024/04/19,2016.0,49345,4000 cc,Toyota,GAS,manul,4X4,Particular,RURAL,0,no,false,0,false,0,no,0
Guillermo Ávila,562802201,3002765526,guillermo-ávila149@hotmail.com,"Diagonal 118 #90-56, Barranquilla",LKJ480,2681,CDA-26534,,2018.0,180k,2400,Peugeot,Gas,Automática,fwd,publico,Urbano,1,no,no,no,true,0,no,0
Mauricio Ruiz,381160865,3228889988,mauricioruiz618@correo.com,"Avenida 22 #84-82, Bucaramanga",MZZ353,1307,CDA-79462,28/12/2018,1996.0,705918,,Volkswagen,Electrico,Manual,4X4,Taxi,mixto,1,false,no,true,1,true,no,1
Iván Salcedo,138490186,3219134557,iván_salcedo415@gmail.com,"Avenida 45 #24-33, Barranquilla",RUH285,1401,CDA-17215,2024/01/20,2012.0,205778,1000cc,Kia,Diesel,Mecanica,RWD,TAXI,URBANO,0,0,no,si,,false,no,1
Gustavo Barrera,244861874,3053249476,gustavo-barrera785@live.com,"Avenida 95 #5-23, Cartagena",TPG-473,1409,CDA-70715,30/06/2018,2005.0,202k,2000,Renault,Gas,manul,4X4,Particular,Rural,no,0,,no,no,false,false,1
Claudia Vargas,856299823,3107124143,claudiavargas277@yahoo.com,"Circular 77 #47-14, Cúcuta",WQX-192,2238,CDA-49698,2019/06/23,1999.0,267k,1800,Renault,GSL,cvt,4x4,Particular,rural,0,no,si,yes,0,true,no,1
Carlos Martínez,791974865,3214922815,carlos-martínez857@yahoo.com,"Transversal 2 #52-54, Villavicencio",IOR-580,1497,CDA-15677,2022/11/26,2024.0,0 km,3000cc,Renault,DIESEL,Mecanica,4X2,escolar,Mixto,no,false,no,false,false,false,false,0
Xiomara Pacheco,861170790,3192346124,xiomara-pacheco587@correo.com,"Transversal 57 #23-38, Armenia",QVI-905,2039,CDA-71585,2022/09/04,1996.0,694629,3500,Chevrolet,GSL,Tiptronic,awd,TAXI,urbano,true,0,no,true,no,,no,1
,927295740,3172428350,esperanza_vega298@outlook.com,"Transversal 69 #44-89, Montería",XVY 174,1530,CDA-68011,23-11-2018,1997.0,268966,1150,Toyota,eléctrico,cvt,4x4,PARTICULAR,urbano,1,yes,false,1,no,yes,no,1
Héctor Montoya,505544093,3247165170,héctor-montoya702@outlook.com,"Transversal 91 #15-80, Medellín",IZD 388,1664,CDA-74183,2022/08/08,2000.0,294355 km,2200,Renault,gasolina,manul,,Particular,suburbano,no,yes,true,no,no,1,false,1
Darío Acosta,186909892,3154455612,darío.acosta582@outlook.com,"Transversal 46 #74-38, Villavicencio",PDE336,1355,CDA-41581,2021/12/24,2013.0,136462,2500cc,Volkswagen,eléctrico,MANUAL,4X2,particular,rural,no,false,false,0,no,1,0,1
Darío Acosta,229023605,3195516273,darío_acosta632@outlook.com,"Transversal 27 #34-87, Bucaramanga",TEA205,701,CDA-77328,26-07-2022,2005.0,240307,1800,Mitsubishi,Híbrido,autom,4X2,PARTICULAR,URBANO,1,1,yes,1,no,0,1,1
Catalina Ortiz,198810936,3212430171,catalina-ortiz288@yahoo.com,"Transversal 56 #61-52, Neiva",CUN433,2798,CDA-68640,06-11-2019,2012.0,83563,1400,Honda,Gasolina,Tiptronic,4X4,Particular,suburbano,yes,false,true,0,0,no,no,1
Patricia Mejía,1026409299,3007644089,patriciamejía431@outlook.com,"Transversal 84 #16-23, Neiva",KIP556,1644,CDA-92186,2022-11-03,2019.0,141963,1600cc,Hyundai,gnv,cvt,fwd,Carga,URBANO,si,1,no,1,no,false,false,1
Gustavo Barrera,1074671681,3179840341,gustavobarrera994@live.com,"Diagonal 11 #71-45, Pereira",FBS-774,1052,CDA-81061,2018/03/08,2011.0,218154,1900,Renault,GAS,Automática,4X4,PARTICULAR,Rural,no,0,false,true,no,no,0,1
Jhon Morales,376485808,3148501367,jhon.morales316@gmail.com,"Diagonal 14 #34-1, Villavicencio",TUM878,796,CDA-62505,20/10/2019,2024.0,0,2400cc,Nissan,Gasolina,Automatio,AWD,público,URBANO,false,,0,no,0,,0,0
,880164796,3186060272,andrés.torres285@live.com,"Calle 70 #31-83, Pasto",GVX104,2694,CDA-35796,2018/12/22,2007.0,244.710,2000 cc,Hyundai,GSL,tiptronic,AWD,PARTICULAR,Rural,no,0,no,no,no,no,no,0
Gloria Mendoza,197652845,,gloriamendoza383@hotmail.com,"Diagonal 5 #8-24, Pasto",AEL880,3061,CDA-54054,2021/12/29,1995.0,476.4k km,1100,Toyota,Gasolina,Tiptronic,4X2,PARTICULAR,Rural,false,no,0,true,,yes,no,0
Laura García,37013851,3025623778,laura-garcía133@correo.com,"Circular 17 #11-35, Medellín",NYC 314,1598,CDA-97563,2024-05-22,2014.0,404k,1400,Nissan,,CVT,AWD,Carga,suburbano,no,no,no,1,0,0,0,1
Patricia Díaz,294607069,3228516922,patricia_díaz162@yahoo.com,"Carrera 5 #5-68, Pasto",YXM011,2605,CDA-57120,2021-04-16,2001.0,293.622,3500cc,Dodge,Diesel,MANUAL,4X4,PUBLICO,rural,no,yes,true,false,0,no,false,1
Gustavo Barrera,283149837,3503477224,gustavo_barrera694@correo.com,"Avenida 65 #47-14, Villavicencio",STA378,2730,CDA-29337,2022-08-21,2002.0,469924,1400,Dodge,nafta,Automatio,FWD,,URBANO,false,0,0,false,false,0,no,1
Sebastián Cruz,431573108,3043773822,,"Transversal 105 #44-39, Medellín",FUR619,2626,CDA-91204,2021-07-21,2016.0,287.6k km,1200,Mitsubishi,nafta,Manual,awd,particular,Rural,no,false,0,false,no,no,no,0
Alejandro Zapata,333877050,3205429192,alejandro-zapata196@hotmail.com,"Transversal 84 #64-99, Cali",EDZ747,1820,CDA-71854,02/09/2021,2021.0,52.788,2000,Peugeot,GASOLINA,automatica,FWD,Escolar,Suburbano,si,no,false,0,,no,0,0
Ernesto Pineda,24534082,3177158119,ernestopineda367@hotmail.com,"Transversal 88 #89-80, Cartagena",NDD417,1723,CDA-13208,2023-11-12,2011.0,238220,4000cc,Hyundai,Diesel,CVT,4x2,particular,,true,0,no,0,si,true,false,1
Yolanda Cárdenas,776197859,3142208823,yolanda_cárdenas536@yahoo.com,"Avenida 38 #15-49, Cúcuta",JJJ462,1184,CDA-54338,,2001.0,304088,1400,Fiat,nafta,manual,,Escolar,Mixto,false,true,no,0,yes,no,yes,1
Marcela Fuentes,664988671,3111797613,marcela_fuentes23@outlook.com,"Calle 55 #29-17, Cartagena",DRS477,2573,CDA-49282,08/10/2018,2003.0,477800,1100cc,Toyota,Gas Natural,mecánica,,carga,Rural,no,false,si,1,si,0,no,1
Ana Gómez,548801749,3174130727,ana-gómez935@live.com,"Carrera 36 #89-69, Armenia",OSS093,1060,CDA-34937,2018-11-21,1998.0,577k,2500,Dodge,Electrico,MANUAL,awd,escolar,urbano,,si,no,true,false,no,0,1
José Hernández,372421580,3109159497,joséhernández834@hotmail.com,"Carrera 72 #30-65, Bucaramanga",TYZ626,541,CDA-86550,25-09-2019,2020.0,,1000,Kia,Diesel,Tiptronic,4x4,Escolar,URBANO,0,0,no,0,no,no,0,1
Ernesto Pineda,980873741,3008402635,ernestopineda591@correo.com,"Avenida 6 #72-34, Neiva",GHI077,1679,CDA-26139,2021-04-24,2000.0,779.695,1300,Toyota,gasolina,manual,4x2,Carga,URBANO,no,true,false,0,no,,no,0
Luis Rodríguez,767211549,3051081978,luis.rodríguez942@hotmail.com,"Transversal 74 #48-66, Pereira",IMG-657,2797,CDA-67446,2020/03/20,2015.0,263k,1000,Toyota,DIESEL,AUTOMATICA,4X4,Escolar,RURAL,si,true,no,,yes,0,false,0
Diana Herrera,133385323,3248306933,dianaherrera35@gmail.com,"Circular 8 #32-47, Medellín",EEN227,3173,CDA-52126,21/08/2021,2022.0,30.243 km,1400,Chevrolet,GASOLINA,,4x2,carga,RURAL,0,false,false,1,,no,no,0
Lina Santana,515261501,3121519586,linasantana495@live.com,"Diagonal 79 #57-22, Cartagena",ARG275,2533,CDA-21362,2024-01-08,2009.0,437495,1200 cc,Hyundai,gasolina,,,Taxi,rural,false,no,no,,false,no,1,1
Diana Herrera,964406434,,dianaherrera83@hotmail.com,"Transversal 36 #70-85, Manizales",TLG 636,1758,CDA-15915,09-04-2020,2005.0,366k,2400 cc,Peugeot,gas,Tiptronic,awd,Particular,RURAL,false,si,,0,true,no,true,0
Ingrid Bermúdez,697614476,3018283894,ingrid.bermúdez837@hotmail.com,"Circular 105 #83-84, Bogotá",MVD777,1924,CDA-95001,2023/02/10,2020.0,107177 km,2350,Fiat,eléctrico,manul,4X2,TAXI,urbano,1,yes,false,no,false,si,false,1
Mónica Aguirre,848164560,3049193298,mónica-aguirre345@outlook.com,"Circular 44 #22-79, Bucaramanga",LMW785,96,CDA-85172,2020-07-14,2019.0,70118,1400,Chevrolet,Gasolina,MANUAL,AWD,Escolar,RURAL,0,false,0,si,,no,false,1
Gloria Mendoza,435337091,3504207540,gloria_mendoza695@outlook.com,"Carrera 59 #6-9, Villavicencio",TRF730,1021,CDA-52752,31-03-2018,1999.0,723031,1500,Toyota,Gas Natural,semiautomatica,AWD,Taxi,Mixto,no,yes,0,0,yes,0,no,1
Alejandro Zapata,712536848,3006342728,alejandrozapata493@correo.com,"Calle 38 #6-23, Pereira",UNP 506,564,CDA-79284,15-05-2020,2010.0,315767,1800 cc,Renault,,manul,,Publico,Urbano,true,true,no,0,yes,0,false,0
Guillermo Ávila,129072911,3054820353,guillermo-ávila643@live.com,"Transversal 45 #35-45, Armenia",SLE-019,2791,CDA-14396,2022/03/13,2022.0,,1200,Hyundai,gasolina,autom,AWD,PUBLICO,URBANO,0,true,false,no,si,false,false,1
Claudia Vargas,21692462,3221504930,claudiavargas180@gmail.com,"Transversal 70 #94-25, Pasto",ESV 963,864,CDA-36600,2019/05/20,2007.0,653974,1100,Mitsubishi,Gas Natural,Tiptronic,4x2,escolar,suburbano,si,no,si,no,false,yes,false,1
Andrés Torres,950551668,3119752205,andrés.torres543@yahoo.com,"Transversal 89 #81-22, Barranquilla",IIT593,1485,CDA-14099,2022/06/02,2001.0,368254,3500,Peugeot,Gas Natural,Automática,4X2,PARTICULAR,URBANO,no,si,si,yes,true,true,1,1
Omar Leal,249904389,3207267688,omar-leal764@correo.com,"Carrera 58 #22-25, Armenia",AAZ799,2940,CDA-35570,03-10-2022,2021.0,66169,1500,Toyota,Gas,Automática,4x2,Carga,URBANO,1,0,no,no,0,0,no,1
Esperanza Vega,431459747,3237166753,esperanzavega675@live.com,"Avenida 8 #93-68, Pasto",CIW389,1882,CDA-10934,27-05-2018,2008.0,593869,2000cc,Mazda,DIESEL,semiautomatica,4X4,Carga,RURAL,no,no,0,1,yes,false,false,1
Alejandro Zapata,841293596,3172238253,alejandro.zapata888@live.com,"Diagonal 112 #8-2, Cartagena",UOV 000,1039,CDA-25056,2022/11/05,2001.0,613717,4000,Chevrolet,Gas,AUTOMATICA,AWD,público,RURAL,true,no,true,true,1,1,no,1
Xiomara Pacheco,186087507,3198424380,xiomarapacheco872@live.com,"Calle 70 #98-35, Barranquilla",MUN-346,207,CDA-58884,2018/11/13,2021.0,333123,1500,Kia,Electrico,semiautomatica,fwd,Publico,URBANO,no,no,false,no,no,no,true,1
Esperanza Vega,295270468,3115531368,esperanza-vega237@yahoo.com,"Carrera 79 #1-10, Bucaramanga",PXI436,393,CDA-39493,2024/05/14,2020.0,60393,2500,Suzuki,gasolina,Manual,RWD,Escolar,rural,false,si,no,no,false,no,false,0
Jhon Morales,395521499,3235624527,jhon_morales4@hotmail.com,"Avenida 73 #97-22, Bucaramanga",TXN643,2843,CDA-96232,25/11/2021,2002.0,793694,4000,Mitsubishi,diesel,Mecanica,4x2,público,RURAL,si,yes,no,0,no,no,true,1
Ricardo Peña,338116484,3014430453,ricardo-peña37@hotmail.com,,PJN938,871,CDA-52373,28-01-2022,2004.0,473.457 km,3500 cc,Peugeot,hibrido,MANUAL,FWD,TAXI,Urbano,,no,false,true,si,true,true,0
Ernesto Pineda,102748076,3194644289,ernesto.pineda353@outlook.com,,HML-759,398,CDA-49176,2022-08-21,2021.0,105462,2200,Honda,nafta,CVT,RWD,escolar,suburbano,0,0,,no,no,no,false,1
Roberto Nieto,490935071,3132601268,roberto-nieto985@hotmail.com,"Diagonal 81 #43-84, Pasto",DXX003,2815,CDA-36981,2020/10/23,1995.0,1123581,1800,Volkswagen,gas,cvt,4X2,TAXI,Urbano,1,0,true,0,,yes,false,1
Carlos Martínez,50576906,3192649069,carlos.martínez996@live.com,"Transversal 29 #97-56, Bucaramanga",JNJ127,3162,CDA-36523,29/10/2020,2003.0,596804,,TOYOTA,Gasolina,cvt,4x2,escolar,rural,,no,0,1,true,true,no,0
Ana Gómez,900497458,3109687511,anagómez838@correo.com,"Diagonal 105 #40-78, Cali",UNY-407,1029,CDA-63850,29/03/2021,2009.0,444k,1100 cc,Toyota,Híbrido,Automatio,RWD,Carga,Urbano,si,no,no,no,yes,no,false,1
Xiomara Pacheco,392311336,,xiomara.pacheco92@gmail.com,"Circular 21 #75-37, Pasto",PPO887,2691,CDA-30576,14/11/2022,2002.0,229348,1200,Ford,eléctrico,semiautomatica,FWD,Particular,Suburbano,si,no,no,no,true,yes,false,1
Yolanda Cárdenas,368659545,3234555153,yolanda.cárdenas266@gmail.com,"Avenida 93 #68-82, Villavicencio",EGP-792,1486,CDA-92386,2019/05/29,2001.0,735.871,1100,Toyota,GSL,,4x2,carga,Suburbano,si,si,true,yes,true,,false,1
Camilo Rojas,770033028,3164152089,camilorojas109@hotmail.com,"Calle 93 #97-69, Montería",VCD 832,2661,CDA-28226,14/07/2024,1999.0,404576,3500,Dodge,GSL,semiautomatica,,escolar,RURAL,1,yes,yes,1,no,false,no,1
Gloria Mendoza,321989008,3015895844,gloria.mendoza876@live.com,"Diagonal 88 #86-57, Bucaramanga",DVN807,961,CDA-89288,2023-06-23,2006.0,536767,4000 cc,Hyundai,gasolina,CVT,4x4,Escolar,mixto,no,si,no,false,false,si,false,1
Alejandro Zapata,607923415,3116352029,alejandrozapata395@live.com,"Avenida 95 #48-68, Pasto",DVF733,1571,CDA-37850,28/08/2020,2016.0,247655,2000 cc,Fiat,gasolina,Mecanica,AWD,escolar,urbano,no,no,no,false,no,si,0,0
Patricia Mejía,970641606,3142238241,patricia_mejía610@hotmail.com,"Avenida 114 #77-12, Medellín",ALP969,2774,CDA-40034,,2014.0,80312,3000cc,Toyota,gasolina,Automática,4X4,Particular,Urbano,,si,0,,yes,1,no,1
Catalina Ortiz,500076608,3175744548,catalina_ortiz444@correo.com,"Transversal 4 #56-15, Neiva",ULZ824,1896,CDA-73613,,2000.0,221592,1100,Volkswagen,GASOLINA,,FWD,Taxi,URBANO,no,0,false,false,,1,no,1
Patricia Díaz,560289984,3151977211,patricia_díaz451@outlook.com,"Avenida 20 #81-11, Manizales",HAW-143,2732,CDA-54273,2018-01-14,2016.0,301k,1200,Peugeot,eléctrico,Tiptronic,FWD,TAXI,Suburbano,false,yes,false,yes,false,no,1,1
Omar Leal,805553324,3142541210,omar-leal127@hotmail.com,"Carrera 60 #56-36, Pereira",TCC-268,2147,CDA-77253,2022/06/22,2017.0,90952,2200,mazda,gas,CVT,4x2,público,suburbano,yes,false,false,false,no,0,no,1
Jhon Morales,692291202,3212484058,jhon-morales640@correo.com,"Diagonal 112 #34-84, Bucaramanga",GSS224,805,CDA-74787,17-12-2019,1999.0,543531,2400,Suzuki,gasolina,,rwd,TAXI,urbano,false,0,0,1,no,si,true,1
Lina Santana,819021614,3044583631,lina-santana983@yahoo.com,"Avenida 12 #11-5, Barranquilla",QVU101,1752,CDA-59215,,1996.0,842k,2200cc,Peugeot,GASOLINA,Manual,4x4,público,Mixto,yes,0,false,0,yes,false,true,1
Andrés Torres,536694298,,andrés-torres928@gmail.com,"Calle 111 #57-85, Manizales",CMF561,2455,CDA-40048,12/04/2018,2012.0,303074 km,1700,Honda,Gas,tiptronic,4X2,Publico,mixto,0,no,false,no,no,no,no,0
Catalina Ortiz,524565824,3191526583,catalina_ortiz751@live.com,"Circular 63 #40-37, Barranquilla",LRQ-835,503,CDA-20398,2023/05/12,2015.0,130596,1300,Ford,Electrico,semiautomatica,AWD,TAXI,Urbano,0,no,true,false,no,0,no,1
Gloria Mendoza,74478755,3001825327,gloriamendoza310@correo.com,"Avenida 85 #80-93, Barranquilla",AFA378,3120,CDA-51625,26/02/2018,2017.0,261.908 km,1350,Renault,GSL,cvt,4X2,taxi,mixto,false,si,false,false,no,1,no,1
Omar Leal,730679757,3132560937,omarleal135@gmail.com,"Transversal 111 #14-1, Montería",ICO480,3105,CDA-72293,16/04/2018,2007.0,331.975,4100,Toyota,GNV,Tiptronic,4x2,escolar,Mixto,si,1,false,0,no,no,no,1
Sebastián Cruz,1046165674,3193119236,sebastián_cruz551@gmail.com,"Calle 90 #87-51, Cali",VGG640,2978,CDA-72714,31-07-2018,2010.0,189.410 km,1800,Dodge,DIESEL,Automatio,4X2,Particular,URBANO,no,false,si,false,no,0,no,0
Darío Acosta,1033953283,3005656106,darío_acosta714@gmail.com,"Avenida 28 #35-35, Medellín",,780,CDA-49262,2018/05/18,1995.0,859k,1200,Nissan,gnv,automatica,awd,Publico,Suburbano,no,si,si,no,no,no,true,0
Lina Santana,534208686,3105024040,lina_santana740@live.com,"Diagonal 5 #71-12, Armenia",TNI-751,1864,CDA-35501,01-12-2023,2005.0,225.834 km,1100,Dodge,Diesel,semiautomatica,RWD,carga,suburbano,0,0,1,no,1,,no,1
Ernesto Pineda,451979589,3172371426,ernesto.pineda514@live.com,"Calle 74 #1-33, Neiva",YTR-743,201,CDA-61768,28/05/2022,2015.0,249150,1100,Mitsubishi,GAS,Automática,rwd,PUBLICO,Mixto,false,no,no,no,no,no,no,0
Lina Santana,425422083,3173116812,,"Calle 26 #77-67, Villavicencio",KGV-558,2183,CDA-61020,02/08/2020,2020.0,94588,1300,Mazda,Diesel,semiautomatica,4x4,taxi,mixto,1,no,0,no,no,1,no,1
Diana Herrera,799487386,3199291119,diana_herrera276@gmail.com,"Diagonal 118 #97-30, Cúcuta",AEB-250,3100,CDA-73506,2020/02/21,2011.0,381k,2600,Nissan,Electrico,Tiptronic,FWD,TAXI,Rural,no,0,yes,0,false,no,0,1
Sebastián Cruz,332968049,3223688066,sebastián.cruz96@outlook.com,"Transversal 102 #87-68, Bucaramanga",MCQ959,2089,CDA-40679,2018/11/12,1999.0,540015,3000,Toyota,eléctrico,Automática,4X4,carga,Urbano,,,1,no,no,1,no,1
Carlos Martínez,421049925,3025412506,carlos.martínez113@outlook.com,"Transversal 39 #7-95, Cartagena",WYA987,3066,CDA-11317,2018-02-03,2001.0,630.474 km,4000 cc,Fiat,gnv,AUTOMATICA,4x4,Publico,Urbano,true,0,yes,false,no,no,yes,1
Gloria Mendoza,401871713,3174923064,gloria-mendoza271@gmail.com,"Transversal 19 #84-61, Neiva",QGD830,2279,CDA-17122,12/05/2023,2013.0,197982,1500 cc,Peugeot,hibrido,Mecanica,FWD,PARTICULAR,Suburbano,0,0,0,1,0,,false,1
Laura García,506191010,3173190817,laura.garcía885@outlook.com,"Avenida 52 #5-52, Pasto",OEX588,1797,CDA-38965,01/09/2023,1995.0,655.605 km,2000,Ford,Electrico,semiautomatica,4x2,publico,Rural,true,0,yes,,true,false,no,1
Sebastián Cruz,121176662,3116420320,sebastián-cruz20@correo.com,"Calle 99 #11-98, Cali",PPC860,379,CDA-58348,2023/06/29,2000.0,994164,4000,Dodge,Diesel,Tiptronic,AWD,Carga,Suburbano,false,1,si,no,yes,1,no,1
Ernesto Pineda,82788751,3172580790,ernesto.pineda749@outlook.com,"Carrera 5 #92-25, Pasto",,2337,CDA-35955,03/11/2020,2011.0,,1800,Ford,DIESEL,AUTOMATICA,4x2,público,suburbano,,no,no,no,,no,yes,1
Ingrid Bermúdez,102258507,3121538101,ingrid-bermúdez592@hotmail.com,"Circular 72 #18-66, Cartagena",XWU047,419,CDA-93450,15-10-2022,2013.0,372.3k km,1200,Fiat,GSL,Manual,4x4,PUBLICO,RURAL,yes,1,yes,no,false,no,false,1
Felipe Ramos,254394619,3135164586,felipe-ramos271@gmail.com,"Circular 15 #80-62, Bucaramanga",WXN423,1699,CDA-21767,08-01-2021,2022.0,34.625,,Nissan,Gasolina,manual,4x2,PARTICULAR,RURAL,1,0,,yes,,,0,0
Natalia Reyes,1008610001,3178458954,natalia.reyes261@correo.com,"Circular 76 #63-93, Montería",SZD333,392,CDA-75446,2022/03/08,2015.0,258.204,3500,hiunday,DIESEL,manual,RWD,PUBLICO,mixto,false,0,false,no,no,true,no,0
Ana Gómez,,3162241716,ana-gómez242@outlook.com,"Avenida 27 #35-87, Villavicencio",JNW507,2641,CDA-16095,23/08/2022,2013.0,424267,4000,Toyota,nafta,manual,4x2,Taxi,RURAL,true,0,no,no,,1,false,0
Darío Acosta,48582129,3055853211,darío_acosta795@correo.com,"Transversal 56 #34-43, Villavicencio",CKJ 001,1523,CDA-49701,06/01/2018,1996.0,652.438,4000,Suzuki,diesel,CVT,4x2,,URBANO,1,true,no,1,si,false,yes,1
Luis Rodríguez,650878842,3184382457,luis-rodríguez80@correo.com,"Diagonal 98 #92-93, Pasto",JEO152,1163,CDA-88629,2022-09-07,2018.0,87469,3500,Renault,nafta,MANUAL,4X4,Escolar,RURAL,no,0,no,si,no,no,0,1
Viviana Suárez,1071893133,3022208560,vivianasuárez484@correo.com,"Transversal 40 #3-45, Bogotá",GCT411,3135,CDA-62837,04/12/2020,2006.0,455578,2200,Volkswagen,Gas,,FWD,taxi,RURAL,no,true,no,yes,,,true,1
Lina Santana,665840685,3043453899,lina-santana135@live.com,"Transversal 70 #83-13, Bucaramanga",RPH-139,1496,CDA-65143,2021-04-04,2021.0,120137 km,1000,Nissan,Electrico,autom,rwd,Carga,urbano,no,false,no,no,true,no,no,1
Viviana Suárez,134158547,3041370815,viviana_suárez172@live.com,"Calle 60 #79-16, Barranquilla",RUQ252,2696,CDA-11333,2018/05/09,2015.0,321617,2000,Dodge,GASOLINA,Tiptronic,4X4,escolar,urbano,no,0,false,false,no,false,false,1
Adriana Parra,261515384,3176603469,adriana-parra330@hotmail.com,"Circular 29 #5-50, Cartagena",ZGC574,2028,CDA-86566,2022-03-22,2016.0,274336,2450,Peugeot,GAS,Automatio,4x4,taxi,rural,si,no,,no,,no,false,1
Guillermo Ávila,582714709,3501241587,guillermo_ávila87@correo.com,"Avenida 62 #18-39, Manizales",AFI620,1153,CDA-35099,25-05-2024,2017.0,141454,1600 cc,Hyundai,Gas,semiautomatica,fwd,Escolar,URBANO,false,no,no,true,false,no,false,0
Viviana Suárez,491605581,3059610429,,"Circular 97 #72-64, Bogotá",TNJ617,1368,CDA-20338,2020-12-10,2006.0,324008,2200,Mitsubishi,GNV,Manual,rwd,Escolar,urbano,,true,si,no,false,,false,1
Ingrid Bermúdez,343690935,3009879485,ingridbermúdez298@yahoo.com,,FVY-498,2569,CDA-97747,02/01/2023,1997.0,848836,1500,Renault,,Tiptronic,fwd,escolar,rural,no,0,false,0,no,false,true,1
Sandra Castro,222546760,3014614941,sandracastro860@correo.com,"Circular 43 #34-47, Pereira",YGA189,65,CDA-95082,11-03-2021,2008.0,497503,1700,Nissan,nafta,Mecanica,awd,Publico,Mixto,si,no,no,no,no,yes,false,1
Adriana Parra,203210656,3501549273,adriana_parra603@outlook.com,"Transversal 99 #97-62, Barranquilla",MMJ116,2063,CDA-91461,2024-10-09,2024.0,0,2500,Volkswagen,Gas,Automática,awd,Taxi,URBANO,0,false,0,false,0,false,no,1
Xiomara Pacheco,987751787,3144803501,xiomara_pacheco94@correo.com,"Diagonal 15 #84-63, Cali",AGG468,1181,CDA-36429,07/03/2021,2022.0,52698,2000 cc,Peugeot,gnv,autom,awd,Carga,suburbano,0,yes,0,true,no,false,no,1
Alejandro Zapata,749634600,3153278629,alejandro-zapata556@correo.com,"Avenida 13 #8-49, Armenia",XGD-070,3113,CDA-23068,2024-12-13,2002.0,500358,1300,Peugeot,diesel,Tiptronic,4X2,Taxi,mixto,no,1,no,0,1,0,false,1
Gustavo Barrera,1090904703,3223763919,gustavo-barrera999@gmail.com,"Calle 95 #5-59, Montería",RYA737,493,CDA-32778,2019/03/09,2003.0,322311,3950,Kia,,Automatio,FWD,Particular,Mixto,no,0,true,false,false,false,0,1
Darío Acosta,682509664,3219193739,darío_acosta803@outlook.com,"Avenida 79 #35-88, Bucaramanga",YVS-131,380,CDA-13604,2020/09/10,2007.0,321.941,1000,Hyundai,gasolina,tiptronic,AWD,taxi,suburbano,1,si,0,0,1,true,no,1
Ernesto Pineda,902826206,3057121298,ernesto-pineda671@hotmail.com,"Transversal 76 #19-97, Bogotá",PTX 008,2236,CDA-39801,13/07/2018,0.0,274.326,4000,Mazda,Electrico,semiautomatica,FWD,Publico,urbano,false,no,0,,no,si,0,0
Roberto Nieto,539567974,3504633878,roberto-nieto235@live.com,"Carrera 85 #91-9, Cúcuta",QKP725,764,CDA-11301,2022/05/17,2024.0,0k,4000,Peugeot,Híbrido,manul,4X4,Publico,RURAL,no,0,0,,0,,no,0
Guillermo Ávila,603965270,3146829184,guillermo-ávila812@gmail.com,"Transversal 99 #85-19, Cartagena",OWH-963,2265,CDA-92326,01-06-2023,2005.0,343158,3000,Renault,Gas,AUTOMATICA,AWD,Particular,rural,0,no,yes,0,,,no,0
Camilo Rojas,765047482,3163471172,camilo.rojas857@hotmail.com,"Calle 106 #53-60, Cartagena",RBQ652,792,CDA-43466,07/06/2022,2009.0,398k,1300,Hyundai,Gasolina,Automática,4x4,Carga,rural,true,true,no,0,1,1,no,1
Héctor Montoya,,3116248922,héctor.montoya108@hotmail.com,"Transversal 1 #7-14, Montería",EGG 196,1077,CDA-28226,2019-11-15,1998.0,207879,2000,Peugeot,GSL,autom,FWD,PARTICULAR,suburbano,no,1,no,si,false,,false,1
Viviana Suárez,234708396,3224644563,viviana_suárez765@yahoo.com,"Transversal 17 #64-82, Pereira",PVK355,879,CDA-99104,2021/05/09,2000.0,597043,1200,Honda,diesel,Mecanica,4x2,público,rural,no,si,true,si,true,si,0,1
Adriana Parra,602873363,3045602792,adriana-parra217@hotmail.com,"Avenida 9 #59-39, Armenia",JWD881,338,CDA-26808,30-09-2018,2002.0,496.971 km,2400,Dodge,GASOLINA,tiptronic,AWD,público,URBANO,no,no,0,,no,no,0,0
Sebastián Cruz,336852899,3019358524,sebastián.cruz712@gmail.com,"Circular 63 #39-26, Villavicencio",TFC-462,2768,,2018-03-01,2022.0,,1600,Chevrolet,hibrido,manual,fwd,Particular,mixto,no,no,false,no,no,,0,0
Felipe Ramos,404508989,3023825150,feliperamos919@live.com,"Avenida 51 #92-71, Neiva",BND014,2344,CDA-48040,2020/09/01,2017.0,147383 km,1200,Mazda,gas,AUTOMATICA,fwd,PUBLICO,Urbano,no,no,no,yes,no,si,no,0
Yolanda Cárdenas,89418275,3148204492,yolandacárdenas941@gmail.com,"Calle 82 #70-87, Cúcuta",XEM-271,1017,CDA-41020,06/06/2021,2010.0,281601,1600,Ford,Electrico,Automatio,,PUBLICO,urbano,yes,si,0,no,false,no,,1
Claudia Vargas,907594261,3016830805,claudia-vargas274@yahoo.com,"Calle 81 #11-98, Barranquilla",MGX-829,1276,CDA-22725,2022-04-28,2015.0,234.565,2150,hiunday,Gas,mecánica,4X4,Publico,urbano,no,no,no,false,0,0,no,0
José Hernández,878788867,3015835315,josé_hernández168@gmail.com,"Calle 108 #28-55, Bogotá",KHC650,456,CDA-63355,2024-01-26,1997.0,308.665,1000cc,Volkswagen,Electrico,autom,fwd,particular,URBANO,no,true,no,0,1,false,0,0
Iván Salcedo,229712569,3248551041,iván_salcedo186@correo.com,"Circular 29 #86-41, Cartagena",LFE-055,816,CDA-29208,2018/10/06,2006.0,249449,1800,Volkswagen,hibrido,Tiptronic,FWD,Taxi,RURAL,si,false,,true,yes,si,yes,1
Catalina Ortiz,781166861,3116032507,catalina_ortiz670@gmail.com,"Transversal 7 #93-74, Medellín",UOT662,2318,CDA-31448,2023-04-06,2021.0,61111,2450,Hyundai,diesel,automatica,4x2,TAXI,Urbano,yes,false,0,no,false,false,no,0
Viviana Suárez,234484319,3007849349,viviana_suárez867@gmail.com,"Avenida 61 #18-18, Barranquilla",XRU004,996,CDA-66439,08-02-2023,2004.0,209.229 km,3000,Hyundai,GSL,cvt,4X4,taxi,Rural,false,no,,no,yes,yes,0,0
Andrés Torres,736774633,3222323076,andrés-torres76@outlook.com,"Circular 101 #1-83, Ibagué",EOF703,1982,CDA-41888,2019-12-31,2013.0,161181,2500,Ford,diesel,semiautomatica,awd,carga,Mixto,false,si,no,0,no,1,false,0
José Hernández,1037440973,3231702543,josé.hernández512@yahoo.com,"Avenida 90 #61-50, Montería",CRQ394,202,CDA-73890,2018/12/22,2004.0,584117,3500 cc,Mitsubishi,DIESEL,automatica,RWD,Publico,Mixto,no,,,1,,true,true,1
Laura García,184878835,3182300308,laura.garcía166@live.com,"Carrera 26 #57-15, Bogotá",MQN184,162,CDA-48564,15-01-2021,2012.0,222502,1200,Renault,Híbrido,CVT,AWD,PARTICULAR,Rural,yes,no,,false,yes,no,no,1
Ingrid Bermúdez,77193176,3042232146,ingridbermúdez343@correo.com,"Circular 5 #17-19, Bogotá",SQG 344,1580,CDA-30476,11/05/2024,2023.0,18.923,1500,Suzuki,DIESEL,Mecanica,rwd,PUBLICO,urbano,false,no,false,no,false,,no,0
Jhon Morales,215681835,3224150275,jhonmorales421@hotmail.com,"Calle 33 #65-69, Barranquilla",YRZ 811,2778,CDA-26626,2020/09/13,2006.0,417.397,1000,Toyota,gas,MANUAL,4x2,Escolar,rural,true,true,false,1,false,0,no,1
Adriana Parra,784037756,3167708202,adriana.parra865@gmail.com,"Diagonal 119 #21-6, Ibagué",GIX 012,2450,CDA-46814,11/06/2024,2014.0,198k,2500,Peugeot,DIESEL,manul,AWD,público,URBANO,no,1,no,no,true,no,,1
Diana Herrera,903910977,3219142203,diana.herrera862@live.com,"Carrera 87 #23-23, Pasto",NDW-356,703,CDA-24708,2023-10-11,2017.0,82.813,1100cc,Suzuki,Gas,autom,fwd,,Rural,0,0,no,no,si,yes,,0
Ingrid Bermúdez,1062009841,3157297755,ingrid.bermúdez162@hotmail.com,"Transversal 32 #39-91, Manizales",XNN 150,1501,CDA-31154,2023/07/07,2014.0,308377,1800,Nissan,Gas Natural,Tiptronic,fwd,carga,Rural,0,no,no,0,no,no,0,1
Alejandro Zapata,977277137,3025058913,alejandro-zapata724@hotmail.com,,XXL464,1130,CDA-32564,07-03-2024,2014.0,164794,1100,Ford,hibrido,automatica,4X2,particular,mixto,true,0,no,1,no,no,no,1
Catalina Ortiz,308869133,3019293197,catalina.ortiz622@yahoo.com,"Circular 32 #2-87, Neiva",TQK675,2614,CDA-16958,25-12-2023,2017.0,104k,1200,Kia,Híbrido,manul,AWD,Particular,Rural,1,no,0,true,,false,0,1
,719302313,3021061888,roberto-nieto620@correo.com,"Avenida 2 #74-74, Manizales",MVO338,1022,CDA-78673,2022-12-15,2002.0,455339 km,4000,Honda,Gasolina,Mecanica,rwd,publico,URBANO,,no,yes,si,no,no,,1
Natalia Reyes,679664765,3024811721,natalia.reyes757@correo.com,"Avenida 106 #87-40, Cali",MEN642,3074,,07-10-2018,2001.0,856495,1500 cc,Nissan,hibrido,cvt,FWD,Carga,mixto,si,1,si,true,si,0,false,1
Alejandro Zapata,266753981,3119203471,alejandro-zapata2@gmail.com,"Calle 33 #98-3, Bucaramanga",BGV938,1586,CDA-26914,2019/10/11,2024.0,0,1250,Suzuki,Gas,CVT,awd,Publico,rural,no,0,0,no,1,0,0,1
Andrés Torres,776675682,3003004512,andrés_torres874@outlook.com,"Diagonal 34 #7-60, Cartagena",WDM 191,1956,CDA-43677,30-09-2024,2003.0,444884,1300,Peugeot,Electrico,semiautomatica,4x4,particular,Urbano,no,1,yes,no,no,0,no,1
Alejandro Zapata,95061177,3102050555,alejandrozapata884@hotmail.com,"Avenida 74 #62-4, Villavicencio",JSG002,3153,CDA-59798,2022/07/03,2009.0,47k,1300,Chevrolet,gasolina,MANUAL,AWD,Escolar,Urbano,yes,false,1,no,no,no,no,1
Marcela Fuentes,777337179,3233042023,,"Diagonal 67 #30-17, Ibagué",YGM671,2254,CDA-45990,2018-01-13,1995.0,722370,4000,Dodge,GASOLINA,Mecanica,4x2,Escolar,urbano,no,yes,true,0,0,si,false,1
José Hernández,709835371,3177123944,josé-hernández607@live.com,"Transversal 4 #94-60, Pasto",UVB876,35,CDA-43119,2022/09/30,2008.0,498705 km,1600,Toyota,gnv,manual,awd,público,Mixto,no,1,yes,false,no,no,no,1
Roberto Nieto,920202819,3022285523,roberto.nieto476@gmail.com,,SOP 708,776,CDA-82131,02/04/2018,2019.0,39k,2200 cc,Peugeot,Gas,cvt,4X2,PARTICULAR,rural,false,0,no,no,1,no,,0
Catalina Ortiz,600632468,3045591133,catalina.ortiz908@live.com,"Diagonal 101 #31-29, Barranquilla",QMQ377,2557,CDA-31991,07/03/2019,2016.0,41855,1100,Chevrolet,gnv,Automatio,RWD,TAXI,urbano,1,true,no,no,no,no,0,1
Omar Leal,79343776,3022237713,omar_leal841@outlook.com,"Calle 7 #88-30, Manizales",CIV704,1479,CDA-54340,21/09/2018,2004.0,366876,2900,Peugeot,GNV,Automática,4X4,Taxi,Urbano,si,yes,false,no,no,false,no,1
Yolanda Cárdenas,262996094,3227047383,yolanda.cárdenas183@gmail.com,"Circular 115 #73-25, Manizales",AMU863,3004,CDA-43096,2021/01/27,2015.0,211451,1400,Fiat,GAS,autom,AWD,PARTICULAR,Rural,no,false,no,1,0,no,no,0
Diana Herrera,555339407,3207117892,diana_herrera658@hotmail.com,"Circular 105 #11-61, Montería",BIE319,1391,CDA-77573,25-10-2021,2009.0,426746,2500,Volkswagen,eléctrico,semiautomatica,fwd,Escolar,Rural,yes,,0,0,no,true,0,1
Marcela Fuentes,58125398,3218053314,marcelafuentes138@hotmail.com,"Calle 39 #33-94, Cali",PMW-023,2140,CDA-70270,27-08-2023,1995.0,405.8k km,1800,Fiat,Gas,Mecanica,4X4,publico,suburbano,yes,si,no,si,,false,yes,1
Ricardo Peña,289702518,3025546660,ricardopeña478@correo.com,"Diagonal 112 #42-5, Cali",DRN-160,1364,CDA-68832,2022-07-04,1997.0,477k,2000cc,Nissan,gas,Automatio,fwd,escolar,Rural,yes,0,si,,,no,no,1
Yolanda Cárdenas,84579278,3223459295,yolandacárdenas105@live.com,"Carrera 10 #83-24, Pasto",DTV 740,2946,CDA-41549,2023-02-16,2002.0,360630,2500,Peugeot,gasolina,AUTOMATICA,FWD,Publico,Mixto,no,,no,no,0,false,0,1
Sebastián Cruz,256120585,3047426550,sebastián-cruz746@live.com,"Diagonal 109 #15-90, Barranquilla",HEL543,2613,CDA-40872,2021-11-28,2012.0,281865,1300cc,Toyota,GNV,Automatio,awd,taxi,Urbano,no,no,0,si,no,,no,0
Ricardo Peña,580093530,3141287026,ricardo-peña216@correo.com,"Avenida 102 #62-54, Pasto",IRC305,2825,CDA-99570,13-05-2019,2009.0,369104,2400,Ford,Diesel,AUTOMATICA,FWD,taxi,Mixto,false,1,no,no,no,si,no,1
Roberto Nieto,742473276,3203062876,roberto_nieto165@outlook.com,"Carrera 100 #62-19, Bucaramanga",EXI-085,2042,CDA-90571,2022-06-14,2009.0,328955,1200,Toyota,Híbrido,tiptronic,4x4,publico,Rural,no,no,false,true,yes,no,false,0
Ingrid Bermúdez,979532218,3142088545,ingrid_bermúdez381@yahoo.com,"Carrera 32 #33-62, Armenia",VGL-157,242,CDA-15076,17/08/2022,1996.0,405543,1100,Hyundai,GSL,,awd,PARTICULAR,suburbano,yes,0,0,si,0,false,,1
Xiomara Pacheco,372590634,3227570337,xiomara.pacheco806@yahoo.com,"Transversal 18 #83-53, Manizales",WGX737,2062,CDA-93728,29-02-2020,2008.0,383515,1500,mazda,Diesel,tiptronic,RWD,taxi,URBANO,,no,,0,0,,false,1
Viviana Suárez,624252789,3049789480,viviana_suárez721@live.com,"Carrera 22 #22-32, Bucaramanga",GQI773,2364,CDA-99902,2022-07-28,1998.0,866.974,2500,Dodge,gnv,CVT,AWD,taxi,Rural,0,false,no,1,no,true,,1
Carlos Martínez,911993640,3131732684,carlos.martínez102@yahoo.com,"Avenida 14 #30-67, Cali",YGK522,601,CDA-80305,2024/10/17,2024.0,0 km,1600 cc,Dodge,gasolina,Tiptronic,4x2,Taxi,Suburbano,1,no,no,no,false,false,no,0
Gloria Mendoza,227757145,3211592619,gloria_mendoza748@gmail.com,"Diagonal 26 #42-43, Neiva",UIY 025,2436,CDA-28556,15-02-2020,2006.0,400k,3000,Ford,Diesel,manual,4X4,Publico,Mixto,0,false,0,0,1,no,yes,1
Fabio Arévalo,538512352,3163991545,fabio.arévalo675@gmail.com,"Calle 55 #53-82, Pereira",FHG537,1298,CDA-90615,2023-10-19,2016.0,182583,3500cc,Dodge,gas,automatica,4X2,carga,rural,no,false,no,no,no,no,no,1
,817799909,3164702274,fabio.arévalo453@hotmail.com,"Transversal 42 #63-1, Armenia",HGB171,2215,CDA-81198,2022-09-27,1998.0,558k,4000cc,Mitsubishi,gnv,semiautomatica,AWD,carga,,1,,,no,true,yes,1,1
Laura García,419468841,3151190245,laura.garcía56@outlook.com,"Avenida 96 #48-82, Bogotá",TXJ228,2889,CDA-79211,2021/11/08,1996.0,371487,2200cc,Mitsubishi,Gas,MANUAL,4X4,Particular,Urbano,1,0,no,si,false,false,no,1
Esperanza Vega,55529775,3132836887,esperanza-vega160@outlook.com,"Diagonal 22 #23-73, Manizales",LES546,2069,CDA-73738,2021-05-08,2013.0,392.376,1100,Volkswagen,gnv,autom,awd,carga,Suburbano,,0,no,si,0,false,0,0
Omar Leal,520480673,3107550543,omarleal661@correo.com,"Avenida 45 #78-12, Bogotá",UTY385,647,CDA-77562,2020/12/11,2023.0,4773,1050,Renault,,semiautomatica,4x2,Carga,Mixto,no,no,false,0,no,no,false,0
Mónica Aguirre,714815614,3013361486,mónica_aguirre696@hotmail.com,"Circular 70 #17-72, Villavicencio",TJS367,2955,CDA-55069,2020-06-05,2006.0,321k,1500,Mitsubishi,DIESEL,CVT,rwd,escolar,Rural,no,no,no,si,yes,0,no,0
Jhon Morales,997473517,3106450193,jhon.morales883@yahoo.com,"Transversal 59 #55-14, Cúcuta",WHC840,1529,CDA-65235,30/10/2024,2009.0,192k,3500,Nissan,GSL,Mecanica,4x2,particular,Rural,true,true,yes,si,no,false,false,1
José Hernández,668935794,3167503174,josé-hernández319@outlook.com,"Carrera 6 #92-41, Bogotá",GYA689,2880,CDA-77684,2024/03/03,2021.0,70785 km,1100,Renault,gasolina,MANUAL,FWD,Carga,rural,no,si,no,no,0,si,no,0
Héctor Montoya,247690765,3198735571,héctor-montoya243@gmail.com,"Avenida 66 #20-74, Armenia",XWF807,1268,CDA-56834,09/11/2019,2005.0,346.193,2000,Nissan,Electrico,mecánica,4x2,taxi,rural,no,no,no,true,no,0,false,0
Lina Santana,701201775,3134445454,lina_santana129@hotmail.com,"Calle 5 #12-31, Pasto",PKI984,1900,CDA-54583,30/11/2019,1997.0,369k,2950,Ford,diesel,Manual,AWD,particular,Mixto,,no,no,si,no,false,si,1
Patricia Mejía,792900189,3176682974,patriciamejía146@outlook.com,"Transversal 48 #5-99, Cartagena",ZJU844,563,CDA-80088,09/05/2022,2006.0,567601,1200,Toyota,GSL,mecánica,fwd,público,Mixto,true,yes,yes,false,no,false,,1
Diana Herrera,828750466,3504092466,diana_herrera718@yahoo.com,"Diagonal 81 #43-78, Ibagué",YAY481,249,CDA-69234,2023/05/14,2023.0,38240,1100,Peugeot,hibrido,manul,rwd,escolar,Suburbano,no,true,no,0,false,no,0,1
Patricia Díaz,1048122293,3216749820,patriciadíaz54@yahoo.com,"Carrera 2 #16-39, Bogotá",ZYX-538,2735,CDA-73296,2023-09-23,2007.0,678350,1800,Mitsubishi,Híbrido,autom,4X4,público,mixto,no,,1,,,no,no,1
Viviana Suárez,145070457,3205956025,vivianasuárez81@hotmail.com,"Diagonal 90 #37-58, Pasto",HUG866,3006,CDA-78041,2019-03-20,2010.0,209774,1500,Nissan,Híbrido,Tiptronic,RWD,PUBLICO,Urbano,no,false,false,1,no,si,no,1
Mauricio Ruiz,1033121850,3507476923,mauricioruiz461@correo.com,"Diagonal 79 #33-45, Villavicencio",XDN316,190,CDA-43713,2022-02-16,2016.0,295482,1600 cc,Kia,gasolina,CVT,FWD,escolar,mixto,no,0,1,true,1,1,0,1
Iván Salcedo,739767625,3229308885,ivánsalcedo550@hotmail.com,"Transversal 62 #12-22, Bogotá",ESS-225,1807,CDA-57545,2021-04-17,2022.0,54006,1400,Nissan,Gas Natural,Tiptronic,fwd,Carga,mixto,0,no,false,1,false,,0,0
Marcela Fuentes,1031318348,3219586346,marcela-fuentes491@hotmail.com,"Transversal 42 #76-79, Barranquilla",MWN564,976,CDA-40520,2023/05/18,2011.0,140769,3500,Hyundai,Gasolina,cvt,4x4,taxi,Suburbano,1,0,no,si,yes,no,1,1
Laura García,437066401,3199108167,laura-garcía157@live.com,"Calle 35 #10-88, Montería",CNL096,2748,CDA-14166,2019-08-05,1998.0,425552,4000,Mazda,Gas Natural,manual,4X2,público,RURAL,false,false,no,true,1,no,false,1
Mauricio Ruiz,156828467,3126490027,mauricio-ruiz409@yahoo.com,"Transversal 98 #80-5, Neiva",SKI963,2048,CDA-69881,2022-02-16,2007.0,423814,4000cc,Kia,gasolina,manul,RWD,publico,suburbano,yes,no,true,si,yes,no,no,1
Lina Santana,398107879,3048530792,lina_santana448@hotmail.com,"Transversal 64 #89-90, Pereira",GLF-258,2559,CDA-95835,12/07/2020,2004.0,,1600,Fiat,Híbrido,CVT,AWD,TAXI,Suburbano,no,si,true,0,no,no,0,1
Ana Gómez,,3019943465,,,NDY619,1083,CDA-60242,2024/04/04,2022.0,45.175,2200,Mazda,DIESEL,Tiptronic,AWD,Escolar,Rural,si,no,no,no,false,no,,0
Patricia Mejía,580146923,3157459935,patricia_mejía692@outlook.com,"Circular 105 #86-48, Armenia",NOA838,475,CDA-72780,05-12-2020,2023.0,22402,4000,Renault,Híbrido,Tiptronic,AWD,particular,Suburbano,no,no,yes,false,,no,false,0
Darío Acosta,908966954,3132500169,darío.acosta105@correo.com,"Calle 111 #80-47, Pasto",TBX014,2905,CDA-80575,2022/12/27,2013.0,149833,1300,Kia,Gasolina,Mecanica,FWD,público,Urbano,false,0,0,no,true,0,0,0
Carlos Martínez,752139870,3107170597,carlos.martínez505@hotmail.com,"Calle 42 #30-31, Barranquilla",FWI394,748,CDA-18801,2020-08-24,1995.0,560704,2000,Toyota,Diesel,Automatio,FWD,TAXI,mixto,1,0,,1,true,yes,,1
Lina Santana,1059314820,3051780950,lina.santana159@yahoo.com,"Transversal 15 #31-69, Barranquilla",MJQ604,2301,CDA-46798,04-04-2022,2015.0,296006,2500 cc,Mazda,diesel,manul,FWD,TAXI,rural,0,no,0,1,1,false,0,0
Camilo Rojas,44879932,3026784825,camilo.rojas791@live.com,"Avenida 18 #6-46, Cúcuta",QVR941,22,CDA-69988,2020-04-05,2004.0,279k,1400,Mazda,Electrico,Automática,4x2,particular,Urbano,yes,si,1,yes,false,,0,1
Sandra Castro,287845569,3206258079,sandra-castro734@outlook.com,"Transversal 25 #14-48, Montería",DDR 087,460,CDA-44514,2019-05-14,2015.0,144143,1500,Toyota,Gas Natural,CVT,AWD,PUBLICO,Rural,no,no,no,0,no,0,no,1
Sebastián Cruz,992311750,3221994245,sebastiáncruz420@outlook.com,"Avenida 78 #32-18, Pereira",IPZ416,1185,CDA-77141,05/10/2019,2000.0,253120,3500 cc,Toyota,gnv,cvt,awd,particular,Suburbano,no,no,no,false,0,no,0,1
Xiomara Pacheco,740137843,3127262010,,"Avenida 25 #74-28, Barranquilla",DBW843,2325,CDA-34173,17/01/2020,1995.0,219916,2000,Fiat,Diesel,semiautomatica,FWD,público,Rural,true,0,1,1,si,no,1,1
Omar Leal,924151417,3164914781,omar.leal52@hotmail.com,"Diagonal 11 #53-9, Cartagena",LIR892,956,CDA-92236,2022-10-19,1999.0,834492,1150,Mazda,hibrido,Mecanica,4X4,Carga,suburbano,,0,1,si,yes,0,1,1
Natalia Reyes,74320306,3028552575,nataliareyes181@gmail.com,"Avenida 62 #17-84, Pasto",MRG041,1216,CDA-68444,29/06/2024,2001.0,790235,2300,mazda,gasolina,Automática,RWD,público,suburbano,no,0,no,1,0,0,yes,1
Viviana Suárez,443696634,3114265357,viviana_suárez517@live.com,"Diagonal 91 #60-42, Bucaramanga",EVB 719,2434,CDA-55979,29-10-2018,2014.0,236.923 km,1000 cc,Nissan,diesel,Automatio,fwd,Escolar,Urbano,true,0,false,no,,no,no,0
Adriana Parra,955154664,3138971218,adrianaparra441@outlook.com,"Circular 80 #22-31, Medellín",ZBR 614,2854,CDA-34262,04/04/2018,1998.0,693005,2400,Mazda,diesel,manual,awd,PUBLICO,Urbano,,1,0,no,true,0,false,1
Xiomara Pacheco,690676190,3011147907,xiomara.pacheco555@outlook.com,"Circular 40 #31-53, Ibagué",SSR571,1516,CDA-25787,2019-03-14,,72260,2200cc,Nissan,nafta,automatica,4X2,Carga,Urbano,,false,true,false,false,no,no,1
Guillermo Ávila,166478019,3147370507,guillermo.ávila779@hotmail.com,"Avenida 34 #46-1, Bucaramanga",DTP 656,2392,CDA-25223,01-07-2018,2019.0,90k,1000,Nissan,Gas,mecánica,FWD,Carga,Rural,si,no,yes,si,no,false,0,1
Patricia Díaz,622402343,3177524855,patricia-díaz89@yahoo.com,"Avenida 82 #45-87, Cúcuta",AMM339,770,CDA-39277,09/03/2024,2001.0,887647,2000,Fiat,DIESEL,Manual,4X4,escolar,Rural,yes,yes,1,1,1,true,no,1
Felipe Ramos,893617172,3219898547,feliperamos125@outlook.com,"Diagonal 16 #46-50, Neiva",QGD-327,1686,CDA-41345,03/05/2023,2004.0,678151,1000,Honda,gasolina,manul,4x2,Publico,Rural,yes,si,1,si,yes,false,no,1
Gloria Mendoza,246341208,3136889214,gloria-mendoza328@gmail.com,"Calle 7 #85-96, Pereira",MXC193,131,CDA-11790,18-06-2019,2021.0,40110 km,2200,Honda,Gas Natural,cvt,4X2,publico,Rural,no,no,1,si,0,false,no,1
Ana Gómez,898255827,3149769778,ana_gómez20@gmail.com,"Diagonal 60 #84-18, Pasto",ZKU970,2920,CDA-17327,06-12-2022,2015.0,187482,2200 cc,Toyota,gasolina,Automatio,rwd,particular,urbano,1,0,1,no,si,0,false,1
Yolanda Cárdenas,398905191,3011554290,yolanda_cárdenas16@correo.com,"Circular 36 #6-14, Ibagué",VXF 681,3172,,2024-06-23,2019.0,147.8k km,1200cc,Kia,Gasolina,Mecanica,rwd,Escolar,Mixto,no,false,no,no,false,,0,0
Ana Gómez,650763860,3059952165,ana.gómez298@outlook.com,"Diagonal 86 #73-86, Neiva",WFS275,2136,CDA-99115,2018/12/19,2004.0,413959,2200,Fiat,Diesel,Manual,rwd,publico,RURAL,no,true,,no,false,no,0,1
Alejandro Zapata,232641310,3249499202,alejandro.zapata675@yahoo.com,"Avenida 55 #38-25, Cartagena",NRS042,1483,CDA-75091,22-02-2022,2008.0,364341,1100,Dodge,diesel,cvt,4x2,particular,URBANO,,no,no,no,1,false,no,0
Omar Leal,36018882,3182110878,omarleal611@outlook.com,"Transversal 113 #63-18, Armenia",ZOC365,331,CDA-70822,2022/03/27,1995.0,722336 km,2200,Ford,diesel,Manual,fwd,taxi,Rural,no,,true,si,si,,no,1
Diana Herrera,1080596386,3118350266,diana.herrera807@gmail.com,"Transversal 39 #91-83, Barranquilla",HJJ 657,1239,CDA-27222,21/09/2018,2024.0,0,2400,Renault,eléctrico,Tiptronic,AWD,publico,RURAL,no,yes,,yes,no,no,no,1
Adriana Parra,573437038,3198982206,adrianaparra208@live.com,"Carrera 111 #3-55, Medellín",FIW374,467,CDA-13005,09/11/2021,2008.0,473700 km,2500,Fiat,Híbrido,manual,rwd,escolar,Urbano,no,no,si,false,1,,no,1
Iván Salcedo,977632695,3161928774,iván_salcedo698@outlook.com,"Avenida 119 #29-23, Bogotá",AWK682,2170,CDA-77582,19/09/2024,2000.0,683944 km,2400,Suzuki,Gasolina,semiautomatica,4x4,Publico,Urbano,true,1,false,0,yes,no,yes,1
Viviana Suárez,1049192379,3027062727,viviana.suárez665@gmail.com,"Carrera 104 #62-63, Medellín",BUL-928,1639,CDA-97945,2018/11/20,2003.0,849847,1550,Mitsubishi,gnv,,awd,,RURAL,no,false,yes,false,true,false,no,1
Esperanza Vega,581994648,3217913318,esperanza.vega817@live.com,"Avenida 114 #71-23, Cartagena",LLD012,3093,CDA-85871,20-10-2018,2018.0,145749,900,Toyota,Diesel,MANUAL,awd,carga,URBANO,true,no,no,no,no,no,no,1
Omar Leal,1094816674,3015940794,omar.leal417@gmail.com,"Carrera 55 #23-72, Cúcuta",TJU037,1096,CDA-71921,30-08-2022,2001.0,561076,2500,Mitsubishi,GASOLINA,manual,4x4,Escolar,Rural,no,si,yes,no,si,no,yes,1
Yolanda Cárdenas,388905832,3106514115,,"Diagonal 41 #25-12, Cali",ONG950,1131,CDA-66534,2019-10-04,2002.0,216.256,2500,Volkswagen,eléctrico,MANUAL,fwd,PUBLICO,rural,0,true,no,true,0,no,yes,1
Iván Salcedo,726557529,3249025805,ivánsalcedo525@correo.com,"Avenida 102 #74-39, Pereira",OUE 705,1295,CDA-36670,2022/06/16,2008.0,203750,1250,Chevrolet,GSL,tiptronic,fwd,Taxi,Urbano,si,1,si,no,true,false,0,1
Alejandro Zapata,1003262597,3163502823,alejandro.zapata193@live.com,"Avenida 9 #29-16, Armenia",QGN681,861,CDA-32340,20-04-2020,2002.0,350089,2400,Fiat,GNV,mecánica,4X2,particular,Rural,no,0,0,no,1,yes,no,1
Felipe Ramos,235591428,3131085866,feliperamos568@correo.com,"Carrera 110 #51-61, Cartagena",XZD 964,3175,CDA-96796,16-08-2018,2015.0,157k,1000,Peugeot,gasolina,Manual,4X4,PUBLICO,RURAL,no,false,yes,1,no,false,false,1
